{"type": "FeatureCollection", "features": [{"type": "Feature", "properties": {"name": "Karnataka", "description": "<![CDATA[<html xmlns:fo=\"http://www.w3.org/1999/XSL/Format\" xmlns:msxsl=\"urn:schemas-microsoft-com:xslt\">\r\r\n<head>\r\r\n<META http-equiv=\"Content-Type\" content=\"text/html\">\r\r\n<meta http-equiv=\"content-type\" content=\"text/html; charset=UTF-8\">\r\r\n</head>\r\r\n<body style=\"margin:0px 0px 0px 0px;overflow:auto;background:#FFFFFF;\">\r\r\n<table style=\"font-family:Arial,Verdana,Times;font-size:12px;text-align:left;width:100%;border-collapse:collapse;padding:3px 3px 3px 3px\">\r\r\n<tr style=\"text-align:center;font-weight:bold;background:#9CBCE2\">\r\r\n<td>Karnataka</td>\r\r\n</tr>\r\r\n<tr>\r\r\n<td>\r\r\n<table style=\"font-family:Arial,Verdana,Times;font-size:12px;text-align:left;width:100%;border-spacing:0px; padding:3px 3px 3px 3px\">\r\r\n<tr>\r\r\n<td>KGISStateID</td>\r\r\n<td>1</td>\r\r\n</tr>\r\r\n<tr bgcolor=\"#D4E4F3\">\r\r\n<td>KGISStateCode</td>\r\r\n<td>29</td>\r\r\n</tr>\r\r\n<tr>\r\r\n<td>KGISStateName</td>\r\r\n<td>Karnataka</td>\r\r\n</tr>\r\r\n<tr bgcolor=\"#D4E4F3\">\r\r\n<td>created_user</td>\r\r\n<td>&lt;Null&gt;</td>\r\r\n</tr>\r\r\n<tr>\r\r\n<td>created_date</td>\r\r\n<td>&lt;Null&gt;</td>\r\r\n</tr>\r\r\n<tr bgcolor=\"#D4E4F3\">\r\r\n<td>last_edited_user</td>\r\r\n<td>SURESHBV2</td>\r\r\n</tr>\r\r\n<tr>\r\r\n<td>last_edited_date</td>\r\r\n<td>04/04/2026 12:15:52 PM</td>\r\r\n</tr>\r\r\n<tr bgcolor=\"#D4E4F3\">\r\r\n<td>SHAPE</td>\r\r\n<td>Polygon</td>\r\r\n</tr>\r\r\n<tr>\r\r\n<td>SHAPE.STArea()</td>\r\r\n<td>191824453399.148956</td>\r\r\n</tr>\r\r\n<tr bgcolor=\"#D4E4F3\">\r\r\n<td>SHAPE.STLength()</td>\r\r\n<td>4770859.572062</td>\r\r\n</tr>\r\r\n</table>\r\r\n</td>\r\r\n</tr>\r\r\n</table>\r\r\n</body><script type=\"text/javascript\">\r\r\n\t\t\t\tfunction changeImage(attElement, nameElement) {\r\r\n\t\t\t\tdocument.getElementById('imageAttachment').src = attElement;\r\r\n\t\t\t\tdocument.getElementById('imageName').innerHTML = nameElement;}\r\r\n\t\t\t</script></html>\r\r\n]]>"}, "geometry": {"type": "MultiPolygon", "coordinates": [[[[76.06307169811656, 11.97785525661762], [76.067930840316, 11.98184076570985], [76.07140655603331, 11.98287760942125], [76.07460708015144, 11.98314375663611], [76.0783383509902, 11.98077788452623], [76.083093020572, 11.97763898224578], [76.0854036326556, 11.97512358654877], [76.08804607428436, 11.97294671343441], [76.08952816219981, 11.96843817670282], [76.09744001593573, 11.97022715106539], [76.1097787719525, 11.95640526734033], [76.11050577080931, 11.91470298551449], [76.11493741088428, 11.86683739647157], [76.11713964612711, 11.85609865569823], [76.13225558210567, 11.85295261292426], [76.14740957451221, 11.86620338631683], [76.15335974700005, 11.86800241388307], [76.16982377679457, 11.868948753771], [76.17831824152839, 11.86954207905613], [76.19382972160513, 11.86879273820216], [76.20587666566713, 11.86150569881424], [76.21025058226061, 11.85113820348679], [76.21572506709222, 11.82261899241362], [76.24898225645471, 11.80365715118846], [76.28907353111266, 11.79602304907328], [76.29997447626037, 11.78225403202113], [76.30840354943572, 11.77660018802557], [76.31297966978397, 11.768150033432], [76.3143485245026, 11.76309215495079], [76.31755227755264, 11.7532978360211], [76.33175661724529, 11.74441535892963], [76.37877397706828, 11.74495670293399], [76.41252375231943, 11.75849792712251], [76.41575670493766, 11.7547411729417], [76.4124677380771, 11.7524443041944], [76.4127960586656, 11.74602499690758], [76.41139321740292, 11.74278891302073], [76.41237666955897, 11.73936397242802], [76.41752472787844, 11.74212001017262], [76.41851986129396, 11.7395717800779], [76.42132708028547, 11.73656929524074], [76.42313020324708, 11.73273233099204], [76.42412505552495, 11.72824413777591], [76.42539249769611, 11.72611133310502], [76.4215860111914, 11.72202759374694], [76.41832701273886, 11.71951932096332], [76.41617505482414, 11.71641377098564], [76.4152460678697, 11.71328257445828], [76.41310128556205, 11.7138063285788], [76.40997818166493, 11.71618503470747], [76.40656536602377, 11.71388664114807], [76.40493461003928, 11.7112570991847], [76.40262641427452, 11.70997036717222], [76.40261871478012, 11.70700709494662], [76.40589098040383, 11.70467190585251], [76.40825760131055, 11.7057575877087], [76.40906108271822, 11.70059606731984], [76.40992566423674, 11.6974301878391], [76.41139375781471, 11.69542168610659], [76.410203722274, 11.69335912265925], [76.41023256327517, 11.69136897123176], [76.40920218482914, 11.68779125262877], [76.41115319277175, 11.68675628775825], [76.41207479287975, 11.68315119471404], [76.41256885095645, 11.68024725933406], [76.4142750319169, 11.67664013971629], [76.41422079311603, 11.6752874982348], [76.41543472626883, 11.67202721048277], [76.41834073867105, 11.67077487314109], [76.42268475584333, 11.67068073218961], [76.42733241326196, 11.66958210445057], [76.42888469521337, 11.66792838771716], [76.43198260262753, 11.66650806907123], [76.43485811464633, 11.66566130816281], [76.43872254870068, 11.66468343627258], [76.44214695016245, 11.6627264290871], [76.44568319983355, 11.66041700382291], [76.4494310000474, 11.65995774096066], [76.45437848020714, 11.65879483128494], [76.45754349698873, 11.65979383070495], [76.45799035690165, 11.66489903358677], [76.46370050529266, 11.66946422509731], [76.47219729321917, 11.67852234783883], [76.47670657715817, 11.67971354512744], [76.48096874389206, 11.68567924122402], [76.48431091818757, 11.68754341899614], [76.48917246028572, 11.68783494805291], [76.49299315905245, 11.68935477468318], [76.49607015716231, 11.69234537135941], [76.50063876986682, 11.6936550652991], [76.50649097746955, 11.70123444793693], [76.54998670138728, 11.67520267185675], [76.55172633063663, 11.67206864466043], [76.5500378059422, 11.66628838533765], [76.5502393624061, 11.66278865065517], [76.5524665522155, 11.65899994782268], [76.55328661000384, 11.65637941537253], [76.55484868347736, 11.65411875387285], [76.55423840101452, 11.6508550287205], [76.55395001676452, 11.64805967178526], [76.55491390798755, 11.64523155984618], [76.55643143245497, 11.64332032743689], [76.55783859372319, 11.64012141350591], [76.55874701212997, 11.63876719963431], [76.5589240220807, 11.63699882152441], [76.55973212190594, 11.63369013648884], [76.56111742361323, 11.63223841233947], [76.56189232946879, 11.62935594003466], [76.55979742938807, 11.62565501749412], [76.56191330899418, 11.623350662537], [76.5646946851668, 11.62137379717303], [76.56732069881816, 11.61939662089381], [76.56964790515826, 11.61841437548962], [76.57113266036411, 11.61898149367489], [76.57575426456434, 11.61883876342119], [76.57660647545396, 11.61515915838758], [76.57875642182955, 11.61609665250776], [76.58211389122083, 11.61457868246203], [76.58531704392394, 11.61537474159398], [76.59133667632517, 11.61817772544757], [76.59707785274658, 11.61368716416208], [76.6011324142557, 11.60967410545571], [76.61324523674583, 11.61222428300642], [76.62533070640563, 11.61091785293402], [76.6379584607195, 11.61327293120136], [76.64584636317024, 11.6130054951885], [76.65304567699285, 11.61380154668917], [76.65935861325501, 11.61454901959848], [76.66827672242088, 11.615000808574], [76.67218583810654, 11.61532359732799], [76.6788772668626, 11.61453773935722], [76.68825054109705, 11.61473032089445], [76.69535063603917, 11.61482887276803], [76.69911692855256, 11.61481971879661], [76.70290279652511, 11.61508540854607], [76.70601067755561, 11.61383179072762], [76.70875048825684, 11.61471310958358], [76.71595354444231, 11.61464793932525], [76.72059432823696, 11.61423187178549], [76.72455024098987, 11.61551133910132], [76.73509873265904, 11.61529167023644], [76.74927984972092, 11.61531321656738], [76.75730363832623, 11.61795972862546], [76.76303016592597, 11.61486925204239], [76.77090484673478, 11.61567974015957], [76.7808686356961, 11.61236755570883], [76.79288691112244, 11.61215642799306], [76.80227173984144, 11.60773416480331], [76.81711770398374, 11.60495753532686], [76.82324646701662, 11.60822393918583], [76.83580233406902, 11.5991570111594], [76.84706397804308, 11.59504467315996], [76.85469447894697, 11.59802396182802], [76.85704444988761, 11.60582216499828], [76.85745453890918, 11.61011994468211], [76.85624776800138, 11.61567215311606], [76.85006739325867, 11.61716038821729], [76.85093845665116, 11.6205467859115], [76.84839856652108, 11.62271329128675], [76.84643703883647, 11.6250783304251], [76.84297354890644, 11.62798628546278], [76.84517566045793, 11.63316526769461], [76.84355741665746, 11.63328070606792], [76.83890853574582, 11.63547758930181], [76.83478209673528, 11.63992413190604], [76.83527901987601, 11.6447344056454], [76.8352308339121, 11.65276162980724], [76.83641965522885, 11.65592119146265], [76.83882374300612, 11.66075767533353], [76.8414305960885, 11.66590694145095], [76.84317987106759, 11.66989560447153], [76.8474778670876, 11.6848324498021], [76.85067091943652, 11.6925202798916], [76.8596921693638, 11.70320664647104], [76.87310082306972, 11.7190271126916], [76.88814491106308, 11.73585462437517], [76.89513813201225, 11.75761628031908], [76.89573963156309, 11.77518548882608], [76.89949286668006, 11.78505020500146], [76.90732991564765, 11.7956963083575], [76.91327474679082, 11.79362849427689], [76.92776526736225, 11.79114997630357], [76.93957544066966, 11.78876197079643], [76.94176854476385, 11.78778141337979], [76.94585080439653, 11.78828840605172], [76.9497495683476, 11.79047454404004], [76.95648467291447, 11.79037773072961], [76.9639685576761, 11.77967298625736], [76.9698469394848, 11.77834262129831], [76.97344852423241, 11.78543436228035], [76.9753751541135, 11.78963653137854], [76.98028945807563, 11.79795747290629], [76.98480784367182, 11.80348754945874], [76.98461543920087, 11.80927443864005], [76.99594740422873, 11.80942313494686], [77.01388940406619, 11.80765519743421], [77.01991017102061, 11.80971120613827], [77.03372502448777, 11.79854240547504], [77.03422321015373, 11.79485160497165], [77.0361273951986, 11.78710251294579], [77.0327731312255, 11.78013798581409], [77.02900650805898, 11.7745753097383], [77.03407587636124, 11.77080014725547], [77.03624278179397, 11.7730884480943], [77.03874384456192, 11.77817298899174], [77.04317207831056, 11.78251614013756], [77.04647581010198, 11.78722528310465], [77.06391441792054, 11.79076071280621], [77.06710776302162, 11.78095326177092], [77.06422003758156, 11.77879988094609], [77.05925246073781, 11.77283414679871], [77.07161660179214, 11.75059213469692], [77.0900046561743, 11.73483838194899], [77.11252323187138, 11.74173566609797], [77.11057232485392, 11.75537929420058], [77.11244002651236, 11.76857079104454], [77.12000396132255, 11.77678637109816], [77.12123335055499, 11.78178411415355], [77.13686421659737, 11.78966805505688], [77.14864044674835, 11.7875734799237], [77.18916415497193, 11.79869417616634], [77.21275586683761, 11.79536156024716], [77.23633020245303, 11.7953688892069], [77.24798948337157, 11.80335690785268], [77.2590707849155, 11.81068227512164], [77.2613772602912, 11.81060969690534], [77.27369011493617, 11.8037427181878], [77.29052311931609, 11.80328220379803], [77.29406585778383, 11.80897054582541], [77.32037657991935, 11.78469328501178], [77.34202088999079, 11.77335357544535], [77.36442728700644, 11.79009819826939], [77.36900565474154, 11.7896139343455], [77.38097635357342, 11.78791795115135], [77.39462648569909, 11.7876904323601], [77.41410069969123, 11.77496451864396], [77.42217627562867, 11.77252623804642], [77.42371437172902, 11.76162695113296], [77.42836520119535, 11.76648152118615], [77.43571695694287, 11.77972088995671], [77.44091689435402, 11.78759173691484], [77.44948711815218, 11.79359664592647], [77.45361291589036, 11.80939505444664], [77.45616221497205, 11.82709584546531], [77.46424399526497, 11.84317110410181], [77.46242345152358, 11.85656350146405], [77.46507004609494, 11.87166620091894], [77.4616877286157, 11.87891716653965], [77.46221497678064, 11.88941975025168], [77.46154097543999, 11.89990075124827], [77.46541487293075, 11.90050957387338], [77.4749667756548, 11.89755141169073], [77.47781642367686, 11.89087162194396], [77.48118721588114, 11.89362159200416], [77.48527659833847, 11.89246066044323], [77.48406807180224, 11.90183108180888], [77.48854108190558, 11.9116189700713], [77.49210187381883, 11.92691067594025], [77.49456091640741, 11.94395362939655], [77.50128359779613, 11.94025933914543], [77.510593738449, 11.93887761366447], [77.5209229268815, 11.93762399608605], [77.5337022567718, 11.93400793330731], [77.54085836083702, 11.93686287604083], [77.55165702319881, 11.94059937258374], [77.56372956972861, 11.94079444155246], [77.58057964769951, 11.93717192257427], [77.59197630759094, 11.9404461298704], [77.60514372676143, 11.93972921500317], [77.61698045716003, 11.94473630452789], [77.62459293408281, 11.94762076450235], [77.63980885001416, 11.94857474678178], [77.64790139437817, 11.95220950206097], [77.65646893715801, 11.95261078940196], [77.66867142366587, 11.94936239583042], [77.67538530629767, 11.95214998218383], [77.67396502936936, 11.96243895862384], [77.68146164845373, 11.98185889745978], [77.69196490927423, 12.00536455263625], [77.7032855805006, 12.0256103399499], [77.70791252853614, 12.03694107335922], [77.7107143712006, 12.03941712981175], [77.7155834411399, 12.04548444976217], [77.71894133908363, 12.04914658640689], [77.732990534078, 12.06495284483979], [77.75608296111406, 12.07986338541173], [77.76522886084716, 12.10196937836954], [77.77298197418345, 12.10832505956594], [77.77445259023925, 12.11977057980689], [77.75274903037034, 12.13437662722627], [77.7471855405065, 12.14312802270155], [77.74703189683905, 12.15007650736915], [77.74410353500787, 12.16120922444982], [77.73524420328297, 12.17081761836069], [77.73163293237853, 12.18010404242507], [77.72443816444022, 12.18251610984341], [77.71196729222464, 12.18235897563481], [77.701074622167, 12.18441045764267], [77.69192331869263, 12.18785160648534], [77.6859224739429, 12.18989200770653], [77.6772490052918, 12.19272279323575], [77.66947720359556, 12.19568576550405], [77.66075594515515, 12.19889261903834], [77.64993160443964, 12.19889984982753], [77.63875585281791, 12.19681628477676], [77.63275092420793, 12.20038703163463], [77.62613728813906, 12.20132991269469], [77.61823364453325, 12.20103474982405], [77.61209832978437, 12.20628228280346], [77.60295144536404, 12.20419946436624], [77.59644007055286, 12.1991179161446], [77.58634202294758, 12.19925357610817], [77.57818396341969, 12.19895849902887], [77.57204501787068, 12.20059586966789], [77.56625253799996, 12.19667226899506], [77.56136762730459, 12.1985326297186], [77.55316387646447, 12.20162761835396], [77.54720559583654, 12.20478294849651], [77.53727364712311, 12.1998770994111], [77.53306457732731, 12.1990157131732], [77.52543295686219, 12.19802302141769], [77.51893954090009, 12.19464456153261], [77.51255973098301, 12.19544934962401], [77.50069186260711, 12.19667770115336], [77.49139279019994, 12.19834427670778], [77.48813037009442, 12.20178577003636], [77.48126948503561, 12.20466009241186], [77.47260103280306, 12.20734695383126], [77.48033478123496, 12.22523652991759], [77.48113508116174, 12.23483062280846], [77.47433378749633, 12.24336552961699], [77.47956605081988, 12.25739361225819], [77.48369340621353, 12.2712898278484], [77.51905427173571, 12.26904664168846], [77.53204412455993, 12.27995364358581], [77.54643347661174, 12.28843258402645], [77.5529008762263, 12.29869329516914], [77.57341013488019, 12.32396855430429], [77.59411950757018, 12.34505148107284], [77.61438617345954, 12.36260359608062], [77.61622036800908, 12.36835102848713], [77.6173114819873, 12.37851772597871], [77.62131638049522, 12.40290279044287], [77.62877470219973, 12.42265065107688], [77.62732304054953, 12.43473004210988], [77.62676649500251, 12.45538953915634], [77.62947465995882, 12.46350861510029], [77.6324463866478, 12.47110278678636], [77.632602777042, 12.47519120346103], [77.63558517797878, 12.48778192802859], [77.63082480509608, 12.49232311108775], [77.62030442225608, 12.48880434529418], [77.61303730377087, 12.48125319909169], [77.60273500288012, 12.47478491945837], [77.5949639823286, 12.47481843657368], [77.58923423196268, 12.47724982622156], [77.58832386887714, 12.48415498681618], [77.59155581609534, 12.48579521343859], [77.60123932927408, 12.49584307537094], [77.61274571084104, 12.51180566380426], [77.59415006592978, 12.51611865354255], [77.5887505606895, 12.54152186680456], [77.58084759702595, 12.55235326457605], [77.57966045295584, 12.5676548782166], [77.58382551155404, 12.5772047856437], [77.59153122728281, 12.59136593858074], [77.59126788658135, 12.61719558124482], [77.60343422152582, 12.62710995157229], [77.60242607971199, 12.63941861871072], [77.59851053065033, 12.64282664962049], [77.59642115389568, 12.66349686789589], [77.64599769692806, 12.67854854785778], [77.66383761506117, 12.6831083748639], [77.67144064673037, 12.68095758695606], [77.67637496771253, 12.67603154019006], [77.67733088742708, 12.67197335549444], [77.67685389867381, 12.66589377702369], [77.68092519641435, 12.66012490739895], [77.69189217605773, 12.66053603676957], [77.69629389197061, 12.66065655555206], [77.70040685509535, 12.66058716290556], [77.70369978797838, 12.66124548533386], [77.70564266032906, 12.66242540732695], [77.70770524776488, 12.66524194518692], [77.71086298523004, 12.66639355073217], [77.71177851966945, 12.67106047190217], [77.71189654440052, 12.6767661333886], [77.7119604979263, 12.68339410798927], [77.72029075959843, 12.68022482114255], [77.72313929229325, 12.67898063083767], [77.72342601337031, 12.67438335665604], [77.72538499768271, 12.67091291595816], [77.73086967472523, 12.67268083331843], [77.73475230115588, 12.67243557364581], [77.74028786767325, 12.67321910984815], [77.74150065605605, 12.68102371727018], [77.73973985936668, 12.68708360693434], [77.73573327776955, 12.69423750811769], [77.74410805426778, 12.70013413859847], [77.756684536742, 12.6975540334611], [77.76307379452251, 12.69785369933532], [77.76526967052502, 12.70589630283626], [77.76605923120876, 12.71259983419098], [77.76978589831097, 12.71364572591105], [77.77065704648838, 12.71816388878756], [77.77244418889029, 12.7211050393253], [77.77440800748828, 12.72451316550666], [77.76964651909336, 12.72512710223824], [77.76517994439396, 12.72587422375507], [77.76148889898819, 12.73139061928347], [77.76264893100848, 12.73485463429089], [77.76798054643233, 12.73944045293967], [77.77433976807849, 12.74047886123772], [77.77886817797786, 12.74123029599083], [77.78797104694068, 12.7447985173094], [77.7926464613528, 12.74851942797599], [77.79378621324301, 12.75301582840558], [77.79441341376662, 12.75832372164264], [77.78786455758306, 12.76107280453836], [77.78276559535436, 12.76454050553178], [77.77889366757645, 12.76790714707136], [77.78319987703759, 12.77379470716883], [77.78461020159378, 12.77635128358824], [77.78605918716002, 12.77766287787399], [77.78808673287472, 12.77954129937432], [77.79055037580521, 12.78331103196275], [77.79345138455213, 12.78862467955676], [77.794929815242, 12.79185327167169], [77.79764006392045, 12.79349253077897], [77.79976903582974, 12.79586090667898], [77.80070274790744, 12.79474479760478], [77.80232065121966, 12.79629781763622], [77.80414936873387, 12.79424342758432], [77.80637544706875, 12.79444541127741], [77.80865076050472, 12.79613979496093], [77.80783378992234, 12.79839440419539], [77.80676823470279, 12.79993619982588], [77.804545156914, 12.80268772583361], [77.79997817316712, 12.80543256560843], [77.80149591464898, 12.8125944919806], [77.80224093680548, 12.8171440826818], [77.80824334706102, 12.82143220958533], [77.80992053037755, 12.82998017040877], [77.8043277353066, 12.83304705716495], [77.79659605753032, 12.83441151089449], [77.79330890898454, 12.83982954801727], [77.79337351805528, 12.84407638821406], [77.7976830662894, 12.84772964164855], [77.79994293532421, 12.8517293631664], [77.80789879230421, 12.84767996652287], [77.81249288114873, 12.85361952000125], [77.81536907767894, 12.85586997114246], [77.82299903393321, 12.85621179890711], [77.82888913394478, 12.8615559859329], [77.8325027043104, 12.86180787114637], [77.83876480855, 12.8694092964632], [77.84481715179734, 12.86916162150542], [77.84842688775325, 12.86835626229304], [77.85230582430445, 12.86633381536794], [77.85718917919036, 12.86761722460651], [77.86216329471432, 12.86837050099915], [77.86826562367622, 12.86813218997373], [77.87488985290562, 12.86719866454906], [77.8786472361161, 12.86839879347215], [77.88265245639923, 12.86830880926505], [77.88600108194072, 12.8708514258629], [77.89098202290552, 12.8700784819811], [77.8924368700387, 12.87389241856516], [77.8948134062927, 12.87820742881651], [77.90390931495573, 12.8783000034068], [77.90886574599064, 12.88388734008668], [77.92051027184048, 12.88424572753523], [77.92507859619988, 12.88936395506182], [77.92992116476785, 12.89051829403761], [77.93230766057295, 12.88883652284575], [77.9361150825143, 12.88623850102278], [77.93549412222914, 12.88144457636722], [77.93055545396294, 12.88085307278544], [77.92782059938742, 12.87692296535874], [77.92820782335397, 12.87557016174808], [77.93278691084964, 12.87355136322621], [77.937467603737, 12.87255872152118], [77.94188803558326, 12.87079752713224], [77.94208684786562, 12.86900731151964], [77.94142575653292, 12.86726668296382], [77.93932993545766, 12.86700572166131], [77.93655886548598, 12.86683233456581], [77.93602854643224, 12.86413002623975], [77.93393943703428, 12.86270088660052], [77.93235465796587, 12.86191552953276], [77.92969723369016, 12.85999456032639], [77.92584534525383, 12.85708859213011], [77.9239973243271, 12.85262312697666], [77.92171644504239, 12.84553503594392], [77.9195116198406, 12.84173713249763], [77.91825097345934, 12.83794195928113], [77.91777538846688, 12.8314883027638], [77.9213893295088, 12.82797448575915], [77.92402332984794, 12.83054894694416], [77.92694704954602, 12.82969887611592], [77.92861651119274, 12.82774823781473], [77.93029097482312, 12.82568880693047], [77.93408263600158, 12.82421394813469], [77.93933129218247, 12.82362959663288], [77.94116137698299, 12.82561755590864], [77.94264071677392, 12.83077681588222], [77.94539509117186, 12.83728687019803], [77.94612068453712, 12.83888600489306], [77.94462955378212, 12.84159223871271], [77.94170951649237, 12.84461401710654], [77.94016839566065, 12.84830037170349], [77.94026801226386, 12.85133282071605], [77.94140976305152, 12.85597553683742], [77.9433919103651, 12.85716830189142], [77.9444328505524, 12.857533603791], [77.94598069673192, 12.85771816758128], [77.9486180812141, 12.85680302804335], [77.9504879415314, 12.85673529986499], [77.95226209160998, 12.85669034081673], [77.95200847484563, 12.85344906686933], [77.95367493562297, 12.85263617024296], [77.95324875096145, 12.85020423087968], [77.95685168014683, 12.84998177836044], [77.96015809396337, 12.84931518804724], [77.96353657850717, 12.85051107034565], [77.96551459888074, 12.84797921559319], [77.9639076100619, 12.84266081310658], [77.9620183607295, 12.83663022930123], [77.9654831393154, 12.83290119372562], [77.97053665272738, 12.83296486344085], [77.97812014525546, 12.83543594250112], [77.98079563388497, 12.83277043434484], [77.98053565037986, 12.82683614384393], [77.98484602600753, 12.82391518572908], [77.99024747735028, 12.8219346727731], [77.99040195929409, 12.81770578233188], [77.98931927742588, 12.81178041940539], [77.98944262112587, 12.8083954738965], [77.99337435424849, 12.80774441043201], [77.99484391404849, 12.80683530178416], [77.99654252238848, 12.80742921707696], [77.9984588152446, 12.80780696376888], [78.00066448692725, 12.80735487240188], [78.003250784486, 12.80777276347241], [78.00539810512389, 12.80801796298658], [78.00713652230483, 12.8068811294494], [78.0088166006479, 12.80594932830939], [78.01053688520393, 12.80566834194719], [78.0118880743394, 12.8069870276154], [78.01276075895471, 12.80860046189619], [78.0138837186986, 12.81044009756008], [78.01514926038463, 12.81308226635376], [78.01405292260701, 12.81476177714743], [78.01299046390353, 12.81754301987846], [78.01044545772518, 12.81909288609509], [78.00799762354606, 12.8196294843158], [78.00687813048053, 12.82103376442873], [78.0036377563366, 12.82400437468406], [78.00446945660138, 12.82616507998217], [78.00808910898655, 12.82779044915218], [78.01428195510003, 12.82913082242016], [78.01703678566369, 12.83024909180739], [78.01850010138673, 12.83416379922622], [78.01867371454944, 12.83760011293788], [78.0187102447334, 12.84040338182706], [78.01920190648579, 12.84344558220883], [78.023935262067, 12.84124867829192], [78.02828239326655, 12.8452719348389], [78.02937683096512, 12.84705823603931], [78.02835093016424, 12.8494457667637], [78.02317005170667, 12.8548348502866], [78.0264054673622, 12.85743069655852], [78.03074825076965, 12.85633802130762], [78.03138278742257, 12.8533146534201], [78.03534863126316, 12.85167159051223], [78.03840824320405, 12.8517406333521], [78.04228737157538, 12.84963804355981], [78.04646580684388, 12.84882312275963], [78.04988879890305, 12.84805792680465], [78.05275891157666, 12.85307446448358], [78.05712193931615, 12.85122639474878], [78.05886107610998, 12.84889310201886], [78.05940911652655, 12.84531809852664], [78.05934789474273, 12.84395150157461], [78.06440726476852, 12.84220299798355], [78.0682560124774, 12.84188834994249], [78.072886222883, 12.84120769315099], [78.07435079377267, 12.84082895959591], [78.0773137804265, 12.83856304541998], [78.07696169790671, 12.83702967784621], [78.07520406156914, 12.83364584135778], [78.07478979834045, 12.83071190045251], [78.0844259872002, 12.83168352570143], [78.08734929630987, 12.82459506421592], [78.10308732113823, 12.80903713503513], [78.10347440682698, 12.80875747246886], [78.10772344832132, 12.80455208297773], [78.10843150034934, 12.80410721458883], [78.12169005787689, 12.79904052147496], [78.12522375246168, 12.79138504897509], [78.1305099297305, 12.78528159199744], [78.13630372259962, 12.78243698840354], [78.13938717892566, 12.78140103299883], [78.14306786114646, 12.78182456121198], [78.15786331173712, 12.77488430433601], [78.1679287197924, 12.77075988413089], [78.16843153787677, 12.77131715591603], [78.17502634868349, 12.77511441281774], [78.1910527521412, 12.77352585797111], [78.19739242234398, 12.77313006488103], [78.20911274344321, 12.76675135606771], [78.22070347687462, 12.76635635209037], [78.225218862047, 12.76527958767312], [78.24405720551889, 12.78496769387773], [78.24673256074671, 12.80239836881461], [78.25024173705049, 12.81368640942574], [78.25254106748048, 12.83328851845389], [78.25236781353964, 12.84073999183558], [78.25166522161852, 12.85734508652073], [78.25153904430013, 12.85992789161994], [78.25143007529213, 12.86183418178493], [78.2609911977641, 12.86120486880102], [78.27030029869752, 12.86797640936376], [78.27835171509209, 12.86208920276471], [78.29772321108008, 12.85921382237003], [78.30484652564157, 12.85873208599609], [78.31435044953999, 12.86146715065142], [78.3150210966672, 12.86718815953017], [78.31838720814814, 12.87626785906944], [78.33159020097325, 12.87484488817963], [78.33736518662487, 12.88332217390206], [78.33554923457135, 12.88869835884375], [78.33099853283657, 12.88487858645887], [78.3281405823255, 12.88407766832707], [78.32568795718527, 12.8848862432864], [78.32297378287853, 12.88539947775872], [78.32216681148893, 12.89011319063751], [78.32366789919172, 12.8963233035322], [78.32615902901826, 12.90410049832004], [78.33244425421518, 12.90177296825627], [78.34276701255632, 12.90795585717686], [78.34562490816221, 12.91315890305889], [78.34722820119934, 12.91816453116832], [78.34839741928273, 12.92369389773671], [78.34972458689262, 12.92921829847405], [78.35203316156728, 12.92919926641831], [78.3536420377231, 12.93089792568021], [78.35083396590714, 12.93463318919884], [78.35240659357069, 12.93825219311567], [78.35664362989358, 12.93838918031724], [78.35928250004292, 12.93743440836115], [78.36350406151168, 12.9325274407274], [78.36767487902806, 12.92762549025282], [78.37538167029396, 12.91834529276571], [78.37733582436262, 12.91418380113867], [78.37926314710822, 12.91291993801], [78.38363629459761, 12.91233975151651], [78.38602634666285, 12.90865599615176], [78.392256403525, 12.90685069792353], [78.39690936133002, 12.90709498625573], [78.3989169938723, 12.9165162457665], [78.40649741359107, 12.91115348029973], [78.41225686808171, 12.90361670519358], [78.41926951519824, 12.90325570278516], [78.42958236493493, 12.90339701483489], [78.43469756044473, 12.90608569724184], [78.43515290387255, 12.91109993493172], [78.44101218632397, 12.91276913944253], [78.44541731887935, 12.9120716104581], [78.44699277604963, 12.90737719394649], [78.44621797647507, 12.90483993866413], [78.44453565472588, 12.90369387465883], [78.44655184809491, 12.9001782707058], [78.44826068750434, 12.89441684766432], [78.45026617278667, 12.88967641681047], [78.46151634347758, 12.88064610375647], [78.46739160006184, 12.8781376279609], [78.46756049030088, 12.90234323100041], [78.46232314802768, 12.90742437285461], [78.4529870509838, 12.9166363073799], [78.44461215260567, 12.92007113968769], [78.43746070874985, 12.9288136303326], [78.42685725131915, 12.92991061558327], [78.42395632987801, 12.92708593568537], [78.42002413033052, 12.92273307738481], [78.41680034100483, 12.93054141853579], [78.41405340551276, 12.93481468989839], [78.41322407050568, 12.93973406296051], [78.41154769261891, 12.94444465763057], [78.41747999620169, 12.94806400732669], [78.42172860134316, 12.95112451229972], [78.4221515645042, 12.95335148122506], [78.42115355769955, 12.95626223304391], [78.42083307183013, 12.95857525466512], [78.43369281877284, 12.96049719940241], [78.43785581138982, 12.96395623965057], [78.43426650701738, 12.97223604550845], [78.4335160287232, 12.97942100702257], [78.43857544143333, 12.98045749877182], [78.45589875918915, 12.97684107329826], [78.46780371425221, 12.97544184303085], [78.46981327839775, 12.98258464836559], [78.4720835045292, 12.9866234365553], [78.4736979638745, 12.99169021099853], [78.47159289820507, 12.9949585551995], [78.46787664317499, 13.00425571754371], [78.46417743504121, 13.01124501282201], [78.46276167760418, 13.02198711182684], [78.4611627717435, 13.02558060403432], [78.46130543922783, 13.02923706399015], [78.46522859364569, 13.04476655634376], [78.47109528449442, 13.04367653702563], [78.4894256512062, 13.05274599031327], [78.49923924606314, 13.06127567067544], [78.50458985604637, 13.06164489216907], [78.51555140023277, 13.06262763480009], [78.51449002228195, 13.07194447880686], [78.5133207023224, 13.07332987936403], [78.51163099353879, 13.07660245809596], [78.50922245821968, 13.08139950678496], [78.50925164181604, 13.08207590564873], [78.50945716327806, 13.08288049426846], [78.50964493875001, 13.08361471027262], [78.50980286400005, 13.08540808588082], [78.51303827487439, 13.09396368944514], [78.52082706930065, 13.09602654814043], [78.52309068117468, 13.09858145125269], [78.52627412031762, 13.1020967243413], [78.53027173226158, 13.10435233771788], [78.53446272486035, 13.10574223434326], [78.53167831623371, 13.10927452591175], [78.52810368904755, 13.11203222198651], [78.52362152977845, 13.11452956548507], [78.52282606560429, 13.11885119884893], [78.51876141445528, 13.12473788976078], [78.51798478881432, 13.12660832177211], [78.51762167862431, 13.13115485304655], [78.52016035324166, 13.13181999275048], [78.52263046924082, 13.1305083589808], [78.52397050836362, 13.1318568867903], [78.52713896545042, 13.13634559312525], [78.53260612313223, 13.14161597027753], [78.54503408915679, 13.14183138992801], [78.54739999256331, 13.1488589684796], [78.54179442756977, 13.15267078702685], [78.54444971070805, 13.15669366511649], [78.54503854371988, 13.15770429715182], [78.54586811213417, 13.15929275608381], [78.54721231667855, 13.15990224793605], [78.54875843307948, 13.16160531562727], [78.55862220974005, 13.16306258965266], [78.57963360401882, 13.16707627731225], [78.57635679506413, 13.17749055350163], [78.57585923423241, 13.18655000172859], [78.57179899865682, 13.19053073116721], [78.57020317016266, 13.19096370919173], [78.56845615016422, 13.19182215877035], [78.56748934577948, 13.19291388980135], [78.56056101184875, 13.19055811248746], [78.55723374725174, 13.1894433147755], [78.5501677934149, 13.19150505871592], [78.55019960999115, 13.19599582591196], [78.55082535689922, 13.19992716218219], [78.5550829055008, 13.19923932625524], [78.5596431329932, 13.19888636739209], [78.56719910428912, 13.20124601826097], [78.56908420385416, 13.20362720248527], [78.5695372861804, 13.20634352879635], [78.56924496223631, 13.20886870648297], [78.5711218864177, 13.21225064283172], [78.57411585001753, 13.21175439910352], [78.57556630108196, 13.21147365142134], [78.57937320823578, 13.21702321289723], [78.57070843179673, 13.21995821915147], [78.56679300294797, 13.22543344151775], [78.56753570927076, 13.22889057189641], [78.5690608763548, 13.23821109359653], [78.5714917863922, 13.24202587054016], [78.57058738189988, 13.24728997750363], [78.58548255746217, 13.26273786816408], [78.58769095588444, 13.27081034537667], [78.58740346233617, 13.27471193466916], [78.58224021548628, 13.28051271035736], [78.57698865134421, 13.28404674585041], [78.57741402802687, 13.29515085191385], [78.57404140076032, 13.2987909617799], [78.57050233316134, 13.30616087467625], [78.5643850493951, 13.31053579165204], [78.56474271070853, 13.30547373255106], [78.56493523054884, 13.29604830607624], [78.56325570916151, 13.29314508450051], [78.56240063635502, 13.29078837357602], [78.56019695196355, 13.28843579047621], [78.55808409055659, 13.28645039231714], [78.55643120677267, 13.28382873165502], [78.55305376012775, 13.28373897937156], [78.55074792371093, 13.28506536567695], [78.54112890238464, 13.28863904489149], [78.53806678773846, 13.28185105963322], [78.53693680021965, 13.27591335898102], [78.53386706587878, 13.27019325647536], [78.52834501054151, 13.26795703961853], [78.52589829730084, 13.27180401201129], [78.52179991065933, 13.27573276663148], [78.52034222397441, 13.28144440836123], [78.51862225805809, 13.28340751849142], [78.51325832614445, 13.28798580177748], [78.50911556928514, 13.2909625357627], [78.50409059748222, 13.29223892503137], [78.49890962968107, 13.29964751808886], [78.48008313329095, 13.30211792108388], [78.48056588164451, 13.30481351028603], [78.48133802071327, 13.30898208464801], [78.48452832463248, 13.31398103852716], [78.48373229249079, 13.31652262775115], [78.48425104916019, 13.31937231506122], [78.48125979523633, 13.32117617071227], [78.47859162241976, 13.32167482735678], [78.46999151506257, 13.31789351273832], [78.4636523490815, 13.31376698800613], [78.45924836355444, 13.31317725869584], [78.45196753065655, 13.30917156335152], [78.44339786256798, 13.31071867666221], [78.44156072999156, 13.32036096034807], [78.44155998491094, 13.32556968958394], [78.4362392808109, 13.32999737830022], [78.4282750365127, 13.33095338218556], [78.42233745612859, 13.32834192935612], [78.42137304980939, 13.32565073353806], [78.42081823998797, 13.32514485386498], [78.41690743366186, 13.31936570715969], [78.4140404949236, 13.31871240051368], [78.40732904369169, 13.31656765234387], [78.40606106202213, 13.31622071640207], [78.40507599534287, 13.31599508012971], [78.4041731866183, 13.31583917069489], [78.40261480281274, 13.31557836718131], [78.3996298517589, 13.32014039826982], [78.3962147787333, 13.32148093386673], [78.39562492095502, 13.32188596389924], [78.39522124982253, 13.32220559615224], [78.39450058360906, 13.32282753872021], [78.39216089988186, 13.32546936188045], [78.38818292344726, 13.33198624168564], [78.38580125036722, 13.33154404319432], [78.37898071256622, 13.33437596254116], [78.38236626026006, 13.34105416211094], [78.38588577836853, 13.34273059753016], [78.38918130449574, 13.34011050271297], [78.38513334857576, 13.33550302663698], [78.39454988906405, 13.33317214064307], [78.40281661159453, 13.33362612144978], [78.40723938277696, 13.33896210096482], [78.40879092909292, 13.34235795184648], [78.40851600780134, 13.34529216050958], [78.40579212282245, 13.34753671306034], [78.40159233277221, 13.34862207362464], [78.39855284199157, 13.34924268639169], [78.39588615805316, 13.35048803055273], [78.39520865717128, 13.35112946710244], [78.39388800031075, 13.35049662174153], [78.39156715205583, 13.35580155689274], [78.38659959455491, 13.35891637506984], [78.38339290496147, 13.36049942001885], [78.37863728159101, 13.36282218760561], [78.37398088220569, 13.36167783436056], [78.36983805817336, 13.35842267650907], [78.36602054021762, 13.35837743744458], [78.36658795980456, 13.36503955093299], [78.3677126985072, 13.36969975426068], [78.37374853697249, 13.37930625609011], [78.38017170617556, 13.38706813972972], [78.3814532716527, 13.39371172655142], [78.38120079776566, 13.40228783597032], [78.38028739099714, 13.41122068368081], [78.37773115894117, 13.4240620400063], [78.37699251384146, 13.43204174696541], [78.37561131900246, 13.43954328388018], [78.37894094852066, 13.44177800083596], [78.37575618998392, 13.44501868534337], [78.37375545749418, 13.456454792875], [78.3747333329858, 13.47669553224886], [78.37623225673346, 13.48420140539129], [78.37745517892195, 13.50012204451686], [78.37322510496666, 13.50894174999146], [78.38160223477938, 13.52496560174931], [78.39258684567591, 13.5382418194794], [78.39332365826748, 13.55197417627119], [78.39596047660422, 13.5556518071883], [78.39761102953581, 13.55943554152424], [78.39878914163666, 13.56323823591002], [78.40184249797704, 13.56841707685184], [78.40275470157773, 13.57171692078142], [78.4039461955, 13.57687594481258], [78.40123942696036, 13.58055320314014], [78.40168330760781, 13.5877733980551], [78.39549328552195, 13.58849567070959], [78.39159150856165, 13.59147975673793], [78.38458880817097, 13.59172494120479], [78.37570518378453, 13.59133761764277], [78.37047780792541, 13.59025993573666], [78.36526611512723, 13.58952240760963], [78.36036344144402, 13.58852014567177], [78.35640323061585, 13.58782553036911], [78.35233553916956, 13.58522783085054], [78.35005585883647, 13.58574159974675], [78.34644723212436, 13.58930685377106], [78.33844402264032, 13.59056482448139], [78.29713330232217, 13.5904003573058], [78.27780942147783, 13.5891411467138], [78.27338179949105, 13.58856029639359], [78.2663942736998, 13.58672135148558], [78.26125456388439, 13.58515654233531], [78.2577261785219, 13.58661762394056], [78.24288815113229, 13.59643779097174], [78.23303374900271, 13.59930450820852], [78.2334708475512, 13.59095136770166], [78.22718813323023, 13.587335492672], [78.21958948039368, 13.59259850688405], [78.21183314456059, 13.5788353332544], [78.19866439476002, 13.56689643675783], [78.19750253591954, 13.5665577924334], [78.196732965883, 13.56605712835618], [78.18946446246494, 13.5708806991696], [78.18959313586613, 13.58528822360925], [78.20271595594812, 13.60480230747644], [78.20350558447228, 13.60656737752741], [78.20335700127906, 13.61740097215538], [78.20329964063673, 13.62473964910214], [78.17715746036636, 13.63015349929146], [78.16878206783052, 13.6410503206199], [78.16769829949195, 13.64545228086865], [78.1684906120495, 13.65424819431983], [78.16725992651925, 13.65563310571428], [78.16300029779941, 13.65639687813756], [78.15107761443176, 13.65791174183816], [78.14337405206926, 13.65811205010299], [78.14280514689358, 13.65825201153782], [78.14252259954611, 13.65835049009269], [78.14206069544751, 13.65859663548955], [78.13895736086994, 13.65885201222464], [78.131336726262, 13.65973993645156], [78.13035310157578, 13.6588117346181], [78.1201462425033, 13.65649383989213], [78.11003208339334, 13.65566773636316], [78.10253679456405, 13.65161475497158], [78.09912760418408, 13.64430369747366], [78.09434966705766, 13.64314447419968], [78.09161937097988, 13.64378974823472], [78.0871598043239, 13.65144577200355], [78.08926735032873, 13.65820726753725], [78.07710004007963, 13.66798166871769], [78.07381358541404, 13.67352584260909], [78.06704666638745, 13.67915507994067], [78.07271863829178, 13.6857089249289], [78.06982740196693, 13.69075048135977], [78.0733113371835, 13.69834459957664], [78.08118039748028, 13.69563262241146], [78.09235037135053, 13.69145223101453], [78.0987807227794, 13.69153605305159], [78.10374341640032, 13.69247530618185], [78.11307924848465, 13.69312443272815], [78.11468596133068, 13.70340602385912], [78.12027337163417, 13.7160415164917], [78.11710885607553, 13.72102086187477], [78.11185713859408, 13.72482252736701], [78.10671666651173, 13.73401033113307], [78.09698788681523, 13.73886490655615], [78.09552075093804, 13.74955524388418], [78.1001094631341, 13.75869591031158], [78.11225114862634, 13.76328479880769], [78.11764137133288, 13.76907112813028], [78.12211256207398, 13.7815621358354], [78.1221804824031, 13.79990902902545], [78.11616165471786, 13.80603932951187], [78.11777609654438, 13.81753743212749], [78.1172520222672, 13.85278484533303], [78.10995005245955, 13.86241532578336], [78.10203611654389, 13.86217096931431], [78.09364764475963, 13.86479756291559], [78.08472025541543, 13.86208900618579], [78.08021320784084, 13.87371624052624], [78.07789788208102, 13.88188557173623], [78.07307698453371, 13.88410010741473], [78.0692959802583, 13.88546764518922], [78.06324101372002, 13.88750329934724], [78.05653532062829, 13.89351604166521], [78.04978241063279, 13.89053457482608], [78.05108180979778, 13.87954601626046], [78.04989946239742, 13.87167519473086], [78.04740694696977, 13.86789213166116], [78.04613461888157, 13.86310050145928], [78.04407853653319, 13.86126871924142], [78.0409480209039, 13.86022267430952], [78.03832493989347, 13.86085728685936], [78.03762961429818, 13.8622595833026], [78.03266603587075, 13.86336493804144], [78.02640944530343, 13.86398950918228], [78.01698849731618, 13.86564907479648], [78.01286332538363, 13.87129411848418], [78.00022067601964, 13.87292783497952], [77.99306483882161, 13.86827608712326], [77.99146338227209, 13.86383435536616], [77.98962809562123, 13.86202214224688], [77.98892236564207, 13.8540996722743], [77.98301770322621, 13.84692368553854], [77.97981032290845, 13.84030765459444], [77.9782098793136, 13.83691221764979], [77.97344699462573, 13.82920695092594], [77.95214575313213, 13.82736622971238], [77.9517217694408, 13.82848717873087], [77.95584620961486, 13.83330332075724], [77.95589808759586, 13.83526890703667], [77.95550842772073, 13.83648682555214], [77.9545330869638, 13.8413630531982], [77.95345129782714, 13.84642537167748], [77.95316875553569, 13.85478072926505], [77.95164327344872, 13.86107747009502], [77.94957920026886, 13.87090780672648], [77.94958868639746, 13.88686543689501], [77.95862617991152, 13.89129308123715], [77.97647166849356, 13.89412202375772], [77.98299950370522, 13.90443649431228], [77.98452357106979, 13.90755725785229], [77.98446379165027, 13.92226221500879], [77.98302639585428, 13.94072403235828], [77.98508899339933, 13.95615648048384], [77.97619872301085, 13.95847688691457], [77.9650471798533, 13.95678002881359], [77.96110064263712, 13.94157498459627], [77.94930300593582, 13.93748895476101], [77.93519877885136, 13.91729714592785], [77.92146275931646, 13.90645807714882], [77.91170192163567, 13.90969883361663], [77.89963796842389, 13.9166366146926], [77.8982464609667, 13.93480735994737], [77.89662767231522, 13.94114821546029], [77.8907377083338, 13.94289109153894], [77.8806397731237, 13.94013234478284], [77.87074239707707, 13.93754472257442], [77.86191499661012, 13.93679844721376], [77.84037206897287, 13.93593248166659], [77.83236101085055, 13.939689774197], [77.82759917813806, 13.94372731420974], [77.82445773651696, 13.94303342554864], [77.82238840666335, 13.94033125665238], [77.81951817421324, 13.93722565616954], [77.81721449967826, 13.93482528324372], [77.81401751902297, 13.92891973524127], [77.8133189727275, 13.91834319976136], [77.81720590697913, 13.90745087732024], [77.82871693087995, 13.89896863934352], [77.83207820142879, 13.8931727972797], [77.83338380392377, 13.88721684275945], [77.83316616031344, 13.87920853582694], [77.82667840877605, 13.87458373577345], [77.82911046948045, 13.86460937787492], [77.81960071740042, 13.86272668600711], [77.81744296692104, 13.85495924159041], [77.8131142487224, 13.84909085371151], [77.79726610299448, 13.84897091061666], [77.78829805691961, 13.84651178035711], [77.78266139693035, 13.83809962201189], [77.78491409176046, 13.83320254740727], [77.78800074885056, 13.83060435105885], [77.7889225669441, 13.82164211772066], [77.78867848452232, 13.82148117890601], [77.78805607306589, 13.82106064353806], [77.78748478251052, 13.82066189072298], [77.7799682156766, 13.81770482854675], [77.77356245299816, 13.81731502898663], [77.75773495728428, 13.81411183937054], [77.7488605978357, 13.81015097505546], [77.74835255669893, 13.80994003254029], [77.7462969352894, 13.80958978090261], [77.74130272064794, 13.81400187558622], [77.74437768337641, 13.81057332238122], [77.73668822735611, 13.81049726987406], [77.72600189677193, 13.80127162511483], [77.72552464309737, 13.80104326996114], [77.72481840747413, 13.80080197281992], [77.72430105104752, 13.80078234973535], [77.72038493983152, 13.79885328703339], [77.72061365239827, 13.79829528322343], [77.72210694109465, 13.7894598772219], [77.71924226177075, 13.78805727180661], [77.71870418317002, 13.78516866000517], [77.72128832199441, 13.7701347846506], [77.719329747801, 13.76163792654737], [77.71968348321288, 13.75547107624937], [77.71804070343387, 13.74970883828853], [77.70305534142568, 13.76960403011594], [77.68542072984883, 13.76554678200391], [77.68155008570575, 13.76393820096617], [77.67453762245111, 13.76075691364808], [77.67256392880682, 13.76112992352848], [77.67644436152854, 13.76637737993407], [77.67850470622247, 13.76980060714577], [77.67999168044662, 13.776301937713], [77.67975110654362, 13.78552496091815], [77.6796724849432, 13.78676558495301], [77.67886469062353, 13.78688951318942], [77.67636873476954, 13.78613735814223], [77.67542539550416, 13.7858531410937], [77.6745326954255, 13.785584211812], [77.66853001503033, 13.78395983734601], [77.66126471694231, 13.78513670320254], [77.66059384379064, 13.78515949760336], [77.64951639942971, 13.78183062747313], [77.64849137921172, 13.7807042352398], [77.64770571184006, 13.7798475963332], [77.63957460255187, 13.77584867542455], [77.63404277521951, 13.77405906412003], [77.62767713882171, 13.7711013531873], [77.62074551887697, 13.76821132619526], [77.6176411473265, 13.75905015669547], [77.61900301663522, 13.75482112551268], [77.62695173522494, 13.75340365289982], [77.62994366194374, 13.75380714143899], [77.63584300691137, 13.75010319418416], [77.64215960640362, 13.74430775336593], [77.63675135427467, 13.73961650180945], [77.63220250164805, 13.73898537245214], [77.62896072787879, 13.73561697056701], [77.62576462473075, 13.7352293477875], [77.62032991470605, 13.7414551747927], [77.61712508692561, 13.74692745585196], [77.60627337047825, 13.75098963062394], [77.59821912954736, 13.75054808161133], [77.59109957536586, 13.74038878278371], [77.58765311942096, 13.73502558763483], [77.58493148948467, 13.733980824953], [77.57977015523713, 13.73574815944258], [77.57198585264632, 13.73830348748451], [77.56804175959444, 13.73216352346759], [77.56049114259773, 13.72234999824505], [77.55790912804952, 13.72611085764514], [77.55667746555953, 13.72877493768162], [77.55422887248433, 13.73375068233537], [77.54910141454309, 13.7410550766527], [77.5489009339703, 13.74953840532058], [77.54288584100318, 13.75583092235478], [77.53495520220335, 13.75486712424349], [77.5265449981898, 13.75382148675261], [77.52376186925792, 13.74882205124233], [77.5280191380564, 13.74049301671642], [77.53330344657398, 13.7338558641702], [77.53603892603289, 13.72942979391397], [77.53528617557868, 13.72573806203234], [77.53497105478623, 13.71536176863763], [77.53439199917996, 13.70934121865063], [77.53155748207858, 13.70112541764898], [77.52935313505898, 13.69629637287282], [77.52854371891584, 13.69302625965411], [77.5234947622034, 13.69121685121608], [77.52141700365863, 13.69049706209754], [77.51226599470235, 13.69721512344945], [77.51056970665941, 13.7135593128371], [77.49960998846771, 13.7148158992073], [77.48808301075329, 13.71486112151277], [77.48319138920817, 13.71237998813959], [77.48605132154833, 13.71079160326637], [77.4858844285928, 13.70721863235803], [77.48856734059575, 13.70314670792732], [77.49058754883843, 13.69288823892679], [77.49002487284825, 13.68980170435317], [77.48842459335033, 13.68900048753794], [77.48818807041225, 13.68682097154146], [77.48737779071529, 13.68701669579741], [77.4858016203111, 13.68678248449066], [77.48213366060497, 13.68663840474853], [77.47687970258781, 13.68657784656368], [77.46261483537826, 13.6845247652785], [77.45535646684368, 13.68282983846754], [77.45250650640693, 13.70417059989218], [77.46119458968487, 13.71083216343062], [77.46389934849412, 13.72467597458432], [77.46566121330711, 13.74013452828222], [77.46780283226586, 13.7530941622909], [77.46454313863073, 13.76807316718427], [77.46021449133491, 13.78054527758819], [77.4572469552415, 13.78852501406069], [77.45833264686574, 13.79307036481572], [77.46492786261489, 13.80244814811387], [77.45854576846912, 13.80758076659433], [77.45045498230701, 13.80977948877055], [77.43769094338904, 13.79832250898622], [77.42260977471283, 13.79878312043142], [77.42853978293817, 13.80477604860187], [77.41869020272117, 13.80695195036948], [77.41813981588363, 13.80996426594406], [77.42263069948142, 13.81960475808335], [77.42785081897406, 13.83124300753314], [77.4331066837623, 13.84148358860257], [77.42056053530027, 13.8411655667894], [77.40207320537161, 13.84053092339519], [77.38631620829192, 13.8385434800671], [77.3804226250776, 13.84412766053779], [77.37308888499055, 13.8523903638732], [77.35575527161886, 13.84993713857419], [77.3303197808475, 13.83268596261281], [77.32450183982543, 13.83732985325437], [77.32167632788162, 13.84676589124905], [77.32108640238484, 13.85224326713964], [77.31106332450706, 13.86688689476013], [77.289941049487, 13.84780761333285], [77.26434577945416, 13.84715584652747], [77.25613872416625, 13.84954879102575], [77.25862853796765, 13.86054251036672], [77.25519632927124, 13.86441001242136], [77.2505202028682, 13.86628290745498], [77.24763016596499, 13.87061076089036], [77.24520172320972, 13.88193875997362], [77.2480085861486, 13.89764593406355], [77.24481310729823, 13.90362603024952], [77.23065176146788, 13.90072091607254], [77.23015324972422, 13.89510044081628], [77.22866066009017, 13.88837574110621], [77.22647081623599, 13.8818104870414], [77.22351397869365, 13.87969494526031], [77.22254464505122, 13.87514652801027], [77.21532302615624, 13.86757361357987], [77.21585735911482, 13.8748215340932], [77.21637748188472, 13.87957303728751], [77.21666218403502, 13.88410330895244], [77.21545538948101, 13.88566855957658], [77.21204383876648, 13.88508862282567], [77.21030474322367, 13.88459776531152], [77.21016277292351, 13.88117878513093], [77.20900408059097, 13.87658785611191], [77.20611496988494, 13.87380965900361], [77.20600128204386, 13.87197936509784], [77.19749461296941, 13.86477129752012], [77.18596495841625, 13.87835819001761], [77.18658088317697, 13.8844277432598], [77.18564942038891, 13.88748029560461], [77.18616842664089, 13.89347167714036], [77.18866139928689, 13.90642443419722], [77.17118862730676, 13.92081775852132], [77.16879201993272, 13.89013075561366], [77.16854571178582, 13.88708474206672], [77.16878282325872, 13.88264008522389], [77.1692110177457, 13.87938848458119], [77.16970398050917, 13.87810402322732], [77.17110791971119, 13.87235778137931], [77.15714032179868, 13.86598265366884], [77.1388530943046, 13.85948045881854], [77.13228799281833, 13.85605011335766], [77.12933489532242, 13.8550129240494], [77.13228596360847, 13.84629965344004], [77.14178941511628, 13.84659318207086], [77.14730598663871, 13.84527497379667], [77.15463904645303, 13.8444746489215], [77.15607998189837, 13.83371897323491], [77.16976246300162, 13.8296497562043], [77.16775022756087, 13.82076710312306], [77.16079469701114, 13.81435237061711], [77.16218442014623, 13.81016715603326], [77.15926702895929, 13.80647718229357], [77.16654379715362, 13.79319766378294], [77.17905694864928, 13.78291749910157], [77.17651662816839, 13.77292858583248], [77.17519349115662, 13.76943744314225], [77.17401771101248, 13.76379130313092], [77.1656076627964, 13.76315238199907], [77.15843744052992, 13.76408097492832], [77.1462390959505, 13.76555149710691], [77.13797818861913, 13.75938521994641], [77.13094414478641, 13.75907657297397], [77.12411872023567, 13.76125824329392], [77.11962450638975, 13.76273989696943], [77.11338953011571, 13.76555457787275], [77.10362716079973, 13.76786838617704], [77.09370551244322, 13.76687442783688], [77.09012093384658, 13.76493142498068], [77.0868890695579, 13.76229333352188], [77.08332326601837, 13.74899103326067], [77.08497004495365, 13.74320472647115], [77.07046845613306, 13.7454911125639], [77.06313194530452, 13.74562918617331], [77.06035290101082, 13.74984105119638], [77.0576619069554, 13.75264884427249], [77.05578740812679, 13.761052537983], [77.05219541772362, 13.76200315009583], [77.05066916861323, 13.76462871552654], [77.04995523774778, 13.7665923568386], [77.04772744759357, 13.76850653766333], [77.04628601529595, 13.77078751258838], [77.04328722363157, 13.77552326267057], [77.0359936598721, 13.77916934425671], [77.02269672039255, 13.76684868568125], [77.01909298732348, 13.758963414319], [77.01747950607279, 13.74759892634046], [77.0166916662008, 13.7397630516456], [77.00896406413663, 13.7412870875614], [76.99794352015515, 13.7539045584479], [76.99259376164106, 13.76977230815556], [76.98547556515685, 13.78872282468758], [76.98766515831679, 13.79257951969679], [76.9905356351737, 13.79914003311503], [76.989906730843, 13.80982493188575], [76.98667410096397, 13.81447319053004], [76.97661829755579, 13.8203093717084], [76.98389403554003, 13.82978643234032], [76.99053277900288, 13.83802136155871], [76.99196298200017, 13.84589834333236], [77.0074823192794, 13.85350262960576], [77.01283242940762, 13.86878619229237], [77.01762995111368, 13.87664663108708], [77.01830860547993, 13.88557371079589], [77.0224569579211, 13.89437413915682], [77.02243224737015, 13.90020377264615], [77.02681435618548, 13.90338336807807], [77.0375608692621, 13.90532685326186], [77.04336902886894, 13.91953844024504], [77.03532158660272, 13.93736311792238], [77.02584879536366, 13.93976210064725], [77.02149764531208, 13.94405557970125], [77.0137944299695, 13.9554980254075], [76.99866484815922, 13.96021492867766], [76.99478096948745, 13.96614781083722], [76.99675838247056, 13.97470231618968], [76.99922081644837, 13.98641124707609], [76.99501524387718, 13.99091569800864], [76.97683319358386, 14.00423559589457], [76.96660816539817, 14.01060645292189], [76.95741272340392, 14.012230271907], [76.95006596307545, 14.01462020571265], [76.94594135937989, 14.02075702549154], [76.9450223836079, 14.0210211408686], [76.94403530549971, 14.02847642540498], [76.9310471004345, 14.03090550591924], [76.9311999408355, 14.03537232475684], [76.93337748015054, 14.04445258149211], [76.93426242449604, 14.05417740250401], [76.94685435600184, 14.05337511733733], [76.95505550857334, 14.05523224533124], [76.97438408226489, 14.06301306634022], [76.97532316609525, 14.07409831582206], [76.96694424620003, 14.08731646117443], [76.95076218937533, 14.09228952261776], [76.946848065112, 14.1121936731852], [76.9424933337022, 14.12130369367486], [76.9265270643058, 14.13513218577125], [76.91435557334245, 14.12838410254929], [76.90620987457008, 14.1327781249891], [76.89777424390643, 14.13545987870169], [76.89282335631647, 14.13535142391765], [76.88868156986327, 14.1359143148612], [76.88913806415042, 14.13989738315473], [76.89193744364516, 14.15307458109305], [76.89262798452074, 14.15892599278109], [76.89607889048895, 14.16730475770467], [76.91768680690221, 14.16495524714962], [76.93054406090425, 14.17089731709742], [76.94141391616198, 14.17316580544432], [76.9422265738482, 14.17747449384737], [76.94385885054785, 14.18489052344309], [76.94340847005994, 14.18823340019574], [76.94265600791206, 14.1897068103098], [76.94271036357631, 14.19059394495599], [76.94666519635877, 14.19804594749032], [76.95338317419301, 14.19125475821365], [76.9576505958482, 14.18813656639871], [76.95913314079618, 14.18501083657025], [76.96367844211333, 14.18182324302269], [76.97179817581451, 14.18201211541639], [76.9812999826682, 14.17870604487983], [76.9850209987062, 14.1788163537705], [76.99272846194026, 14.17881554481806], [76.99984375565622, 14.18143789596784], [77.00894444357012, 14.18217479153247], [77.01932891768112, 14.17825817204569], [77.02526272225724, 14.1715735148747], [77.02142437356947, 14.15189097433112], [77.02089888444222, 14.14455002102469], [77.02070516176472, 14.13262070868327], [77.02619646414553, 14.13010758898014], [77.02185075203245, 14.12242052812271], [77.02302869240232, 14.11727299644233], [77.02370119505909, 14.11381853559752], [77.01808252879215, 14.10573452966429], [77.01692703892179, 14.09477114566307], [77.02300210533268, 14.09253433265257], [77.02871948559218, 14.08874274716951], [77.02886172327007, 14.08393739620142], [77.0258104031017, 14.06637904876079], [77.0454492431771, 14.05671749485513], [77.05390081427576, 14.05448919886661], [77.06334771838345, 14.0531587729535], [77.07641394437371, 14.05336889550547], [77.07571237177804, 14.04667455221683], [77.09413003318289, 14.04222849890548], [77.10687903670407, 14.04529935849887], [77.1287278924098, 14.04647367749408], [77.1326583968724, 14.03827221885107], [77.13837025546444, 14.01916977391492], [77.1408619024345, 14.01534625823929], [77.14184675653802, 14.01274307041694], [77.14158111973771, 14.01027004483081], [77.1416268389422, 14.00806005033691], [77.14147052617614, 14.00445824763357], [77.1443600806539, 14.00288310916266], [77.14736648490394, 14.00202583927819], [77.1507635260543, 14.00119515048329], [77.15403728405175, 14.00119802588171], [77.15722842166782, 14.00137862779586], [77.16008938825289, 14.00167782811575], [77.16517439719873, 14.00088691159213], [77.16876504626993, 14.00085350971299], [77.17317954695935, 14.00095552314585], [77.17283112648015, 14.00362680000581], [77.17253268005042, 14.00610086171349], [77.17199509137149, 14.00871454889096], [77.17091982064473, 14.0118832371645], [77.19130291755407, 14.01007866904204], [77.19598424468778, 14.00930362251071], [77.20056417036872, 14.008449663691], [77.2046126920094, 14.00856861788514], [77.20998365565326, 14.00946764660608], [77.21317730351159, 14.01011419639901], [77.21857156785735, 14.01246705997055], [77.22228992184897, 14.01391176020779], [77.22577451000275, 14.0134310433602], [77.22987700823118, 14.01274103781323], [77.23485965207288, 14.01294686494075], [77.240302861926, 14.01240657057554], [77.24805812887224, 14.01810145445857], [77.26319194832406, 14.02905091221151], [77.26806091946521, 14.03251041503518], [77.27420522492125, 14.03487933694745], [77.27807711345693, 14.03232085966203], [77.27722516981592, 14.01892363551558], [77.27951705116045, 14.01339130545463], [77.28982306670923, 14.0183339507322], [77.29823897419423, 14.02184599799441], [77.30155612969159, 14.02748516567939], [77.3059033656962, 14.0315832824876], [77.32244978941948, 14.029962735229], [77.32521106399592, 14.01996573370269], [77.3338644013014, 14.00976408984912], [77.33708161424298, 14.00199356284367], [77.34139161565776, 13.99568873179141], [77.34811410139287, 13.9945727443731], [77.36061730528449, 13.99044276281671], [77.35932251016598, 13.98367062057838], [77.35564191833858, 13.97972320628415], [77.35211748358714, 13.96777224544742], [77.35274569486215, 13.96513510104204], [77.35096754791783, 13.95912259562176], [77.3623146580656, 13.95613501415752], [77.37150310533036, 13.95308628937516], [77.36451182697384, 13.94405867452567], [77.35741349891413, 13.93367526898159], [77.35223051417931, 13.92574136141715], [77.35024834405881, 13.91323352864465], [77.3538633594339, 13.90794167993198], [77.37685787472437, 13.90492116272591], [77.39524145957259, 13.90632413313527], [77.39998076629648, 13.89563733973878], [77.3999781669715, 13.88840237965476], [77.40749745018272, 13.89099625660817], [77.42070583410023, 13.89946136133536], [77.42576734961149, 13.90459139364763], [77.42867558678793, 13.90609588249437], [77.42962702192753, 13.90875679656859], [77.43133742757142, 13.90942643350475], [77.43333277798223, 13.91087047680682], [77.43489558484936, 13.91362385985995], [77.43347237705474, 13.91601230262629], [77.43276486775318, 13.91918635927788], [77.42952067495362, 13.92104205880075], [77.41584181105888, 13.92399650867221], [77.41416277613305, 13.93818757505985], [77.42071130386181, 13.94541698149867], [77.43379576407347, 13.9468057213647], [77.43775533761944, 13.95517254781155], [77.4362438432611, 13.958406875095], [77.43677151085002, 13.96207052323447], [77.43816985054707, 13.96553826030049], [77.43853659873314, 13.96913546133457], [77.44012989146002, 13.97380566709202], [77.43927773094993, 13.97774521195998], [77.43592812483669, 13.9815077265822], [77.43038932124375, 13.98252506409456], [77.42728674460758, 13.98522167014181], [77.41971192155029, 13.98562422806091], [77.39922635673285, 13.98411617814129], [77.38127407592904, 13.9761694400257], [77.3794874403833, 13.98957705787474], [77.38549208724413, 14.00122414466101], [77.38874886540125, 14.00922532181713], [77.38666879483132, 14.0154585190601], [77.37696170440238, 14.01783057078314], [77.36814339951023, 14.02040105407671], [77.35648553709889, 14.02355078145127], [77.34633120760579, 14.02702789632723], [77.3321930870137, 14.03094169694168], [77.33377636008439, 14.03933908993535], [77.33574402624467, 14.04773488256895], [77.3389096674832, 14.05576236524086], [77.34625184004744, 14.05958963181806], [77.35964165080406, 14.06211126635695], [77.36217689413033, 14.06901995556611], [77.36798949381556, 14.07431952087017], [77.37290319376758, 14.07684331016286], [77.37539921885205, 14.0798456823618], [77.37762816422655, 14.08583168154044], [77.37963602757522, 14.0916080848452], [77.38078526756418, 14.09602353736815], [77.3825123001916, 14.09733788468327], [77.39810989891238, 14.11240069683967], [77.39281784948422, 14.12637915654061], [77.38019816308066, 14.12273967986235], [77.36968554737065, 14.11762128283464], [77.35267131626972, 14.10741174115079], [77.34959208134134, 14.10313697633332], [77.34964393766458, 14.10831288609236], [77.35092481780285, 14.11861946669401], [77.35091478471065, 14.12721042806923], [77.35467087664261, 14.13000380088121], [77.360852156942, 14.13126086703608], [77.37259149258003, 14.13436568022881], [77.38192294678576, 14.14137252378985], [77.38490385009815, 14.15328096086245], [77.39192557010465, 14.15984478071388], [77.3980016942623, 14.16501887002992], [77.39519302337082, 14.17424812457203], [77.40289550211017, 14.17252298008658], [77.41335274717353, 14.17518855520933], [77.42293055432188, 14.17445137144077], [77.42863405921942, 14.17140608420241], [77.44028329350586, 14.1718670031647], [77.44672168471239, 14.171877459343], [77.45121374728485, 14.1711524086006], [77.45608162321776, 14.17014051550373], [77.46013941868348, 14.17059350480397], [77.46492606595993, 14.17139911121394], [77.46944039569831, 14.16497987040984], [77.47880279753974, 14.16503364939449], [77.49387956202511, 14.16182276779934], [77.51188533641984, 14.1753355114241], [77.51458180527953, 14.1820233817682], [77.51226161414336, 14.18748238954652], [77.50121140464985, 14.20316299691914], [77.50051425673033, 14.21304773698431], [77.49803204747116, 14.21745329784321], [77.4953376679286, 14.22266387661122], [77.49500549290717, 14.23049299845083], [77.493258590921, 14.23507218546929], [77.50292518582089, 14.258277796973], [77.50067787512727, 14.27218529669264], [77.49080818949865, 14.2804594113238], [77.48466171681419, 14.28781462415297], [77.47599962291656, 14.29121506282147], [77.46908260207623, 14.28652387389204], [77.46017753204316, 14.28096615647442], [77.45195125636738, 14.28046602052345], [77.4474383592875, 14.28621603777282], [77.44538429008504, 14.29827812443467], [77.44692510219846, 14.31004978496505], [77.44671485837263, 14.31702227202123], [77.43593622260288, 14.31497995207814], [77.42974425188714, 14.32003008461369], [77.42903939655844, 14.32632148883381], [77.41485999138513, 14.33486966476051], [77.40416377459424, 14.33741520369304], [77.39317029791683, 14.33481324726253], [77.3859778474294, 14.32809779253251], [77.37794066394389, 14.31719550878937], [77.37663330768702, 14.30634379938293], [77.3848500498623, 14.29268140614767], [77.38617225726074, 14.28586630350497], [77.38677365576439, 14.28189002250329], [77.38993055172192, 14.27897830671071], [77.38763251085228, 14.27261485025607], [77.39606930887068, 14.26631944580781], [77.40620853755684, 14.26215525035812], [77.40915162724876, 14.25023782946935], [77.40925040720414, 14.23867892379999], [77.41118997156357, 14.23219742472224], [77.4175237777147, 14.2256363961631], [77.41803289739417, 14.21807437236896], [77.41408919733158, 14.20526683155351], [77.40154091477226, 14.20312723735576], [77.39351786198836, 14.19919516688069], [77.38477576785905, 14.20529250968803], [77.38403728931121, 14.22060543069279], [77.37358608098617, 14.22921864952872], [77.3636371805211, 14.23435676005174], [77.36448047252918, 14.25291315956503], [77.36143715948879, 14.27153493030923], [77.34736872350979, 14.27782093431347], [77.3368279799892, 14.27811572529492], [77.3151013233212, 14.28101227522435], [77.29821143955208, 14.28311388760992], [77.2894327278211, 14.31032362449308], [77.287297492111, 14.32971019369441], [77.28067286961777, 14.33742276484762], [77.26137013016587, 14.3322728841678], [77.25408456696353, 14.32303279828507], [77.23975208496371, 14.3172930490353], [77.20612804822707, 14.31991329528729], [77.18122244929565, 14.33028822940089], [77.16650685988276, 14.33745305629403], [77.16097848753743, 14.34174770025011], [77.15483356857945, 14.34073303374178], [77.15246548149169, 14.3403938126781], [77.14624067444274, 14.33980431951188], [77.13966577523637, 14.3399575696731], [77.13617474304388, 14.33706771851996], [77.13623183694642, 14.33021519281998], [77.13455352600933, 14.31936545414689], [77.13285566565789, 14.31420496905961], [77.1306177311488, 14.30707128220487], [77.12664021048614, 14.30144471619531], [77.12055499614151, 14.2959541658478], [77.11564518031079, 14.28902950105993], [77.11561969221626, 14.27953976293081], [77.11198432343382, 14.26488931374356], [77.11748029967656, 14.25066894612497], [77.11616055561554, 14.22485653855889], [77.08192912908223, 14.21376127749557], [77.05997858334871, 14.23265971875395], [77.05030870592705, 14.24573005040725], [77.03076652190123, 14.2423143974994], [77.01521909428999, 14.23883662336178], [76.99871129315757, 14.24114058205037], [76.99053194159296, 14.24395017589429], [76.98491090903136, 14.24739079362002], [76.96347646496017, 14.24418821364697], [76.94051352631034, 14.24459650395119], [76.93892876494391, 14.24741391892946], [76.93837423573835, 14.2493031577897], [76.93791800434332, 14.25122622828254], [76.93743636854757, 14.25358507791703], [76.93687166085087, 14.25577477800176], [76.93621092972015, 14.25832524767787], [76.93480391459224, 14.26088336470169], [76.93329643820125, 14.26332429042799], [76.93110236743601, 14.26608148276691], [76.92839119660704, 14.26920402249075], [76.92568655823706, 14.27250365786832], [76.95000552605785, 14.30396379166332], [76.92356535371293, 14.31615061550781], [76.91907065608837, 14.31807841522897], [76.9161750291833, 14.31934078810357], [76.91249940771363, 14.32092527956924], [76.9082565372454, 14.32274003612121], [76.90191513403761, 14.32491220316872], [76.89794406217258, 14.33066887784832], [76.8940622410054, 14.33706689927651], [76.88955968165119, 14.34326663952956], [76.88604083078906, 14.34699429323256], [76.88825040659223, 14.37516932960965], [76.88746554232263, 14.39097123159086], [76.89909448909388, 14.39951163479797], [76.91557430433706, 14.42098042678618], [76.92500196315018, 14.41437828875446], [76.93422853645689, 14.40862986976496], [76.94144252138206, 14.40187459556607], [76.94597025384267, 14.40462368340142], [76.94619174579688, 14.42097319993636], [76.94634896105494, 14.42677200253437], [76.94624740835611, 14.43340634451095], [76.945868406512, 14.44399223831809], [76.9447551322704, 14.45077585346087], [76.96333643612118, 14.45620181561036], [76.96841073556406, 14.46177687897592], [76.97542237191828, 14.47671741416925], [76.9556628376635, 14.48721308247989], [76.94438963686629, 14.48937355306949], [76.93064106146504, 14.4902843301502], [76.92020217987609, 14.49069945644389], [76.91289632933805, 14.48973768005321], [76.9029132105416, 14.48940847495052], [76.88437745788161, 14.4772053223088], [76.86998137436804, 14.47465903562425], [76.86473358477066, 14.48250069361693], [76.8626918706629, 14.49100370205046], [76.85785455671909, 14.50296579315575], [76.85651959404746, 14.50686502327935], [76.85562564606775, 14.50922027800404], [76.84620884641464, 14.51598070257366], [76.8363998792088, 14.52000685940786], [76.83237896532947, 14.52845635109318], [76.82776255341619, 14.52897115730532], [76.81316600402626, 14.53193931841539], [76.80393285536128, 14.53882987335697], [76.7975994407748, 14.54910806654299], [76.79145074685458, 14.55424284475242], [76.79054900219943, 14.55892456514179], [76.78778566917951, 14.56786693565977], [76.78363040317745, 14.57928584551915], [76.78240440149735, 14.59298500708133], [76.77741104958506, 14.59469496937501], [76.76636766635828, 14.61648131771867], [76.7696884435257, 14.63005713778834], [76.7734463948049, 14.65665674880508], [76.77395397551675, 14.67806368683693], [76.78629687331741, 14.70035965001601], [76.78618672515758, 14.70438117456871], [76.78638806186322, 14.70825305880567], [76.79397393612214, 14.7503771011574], [76.7885901947384, 14.7740702026295], [76.8057327167315, 14.78657650538218], [76.8208169268881, 14.79281709545942], [76.83242323298086, 14.7920378160653], [76.83758003362964, 14.79851172111992], [76.83751946299556, 14.81082308507119], [76.8545847577659, 14.81685022084211], [76.84673782282592, 14.82744382457838], [76.85042268984576, 14.84205433719862], [76.85482752143086, 14.84649553578191], [76.85498902437128, 14.85032602868125], [76.85631632554734, 14.86193153775636], [76.85322715612334, 14.87267834777165], [76.84590807674734, 14.88736449500551], [76.84790749274669, 14.89633224315481], [76.85172568239473, 14.89569413052511], [76.86362745636458, 14.89722765896926], [76.86623063181868, 14.91365696468981], [76.86787857898636, 14.92727791097754], [76.86958873548606, 14.93841415673341], [76.86714972035041, 14.95583956356701], [76.86158396075206, 14.97012040452475], [76.83913910151622, 14.96422136061893], [76.82190274852906, 14.96468380879852], [76.81429145284397, 14.96961869144041], [76.80551796329313, 14.96846243110263], [76.80076331647656, 14.96831649821611], [76.79492601866633, 14.96921720869375], [76.79056420406947, 14.9703252718794], [76.7713145869997, 14.97477380216853], [76.76787334925906, 14.97466730167873], [76.76339619515306, 14.98029175112571], [76.7609540807326, 14.99004896440719], [76.76672946279332, 14.98963421707847], [76.77209302819269, 14.99059481122294], [76.77523452598905, 14.99384313564413], [76.77642015156714, 14.99869582247739], [76.77808095078615, 15.0032865607841], [76.77887552341909, 15.00591245717711], [76.78804231082206, 15.00983666053902], [76.78954150901451, 15.01805614667736], [76.78807089602387, 15.02450440151833], [76.7860060585176, 15.02982027313006], [76.78387387601803, 15.03959129947156], [76.77939274529298, 15.04552572517382], [76.77670585588744, 15.05421725723391], [76.7739037352764, 15.06528468212299], [76.7788968754131, 15.07891188282545], [76.79314337086396, 15.086817945946], [76.80298906837267, 15.09460464581679], [76.83612017067934, 15.07995221431781], [76.86169176708997, 15.0623860007514], [76.8644779717066, 15.05841272190147], [76.86913918233547, 15.05343817316552], [76.87182914735301, 15.04599685743989], [76.87767492206372, 15.0334734740468], [76.89808718914665, 15.03667236775679], [76.92037841969764, 15.0341783739226], [76.94506728477812, 15.03194075487715], [76.9576280275732, 15.0247420285464], [76.96312726458245, 15.02047793772554], [76.96755647400735, 15.01780343959106], [76.97247457278537, 15.01660472915063], [76.98534444225604, 15.01970319192752], [76.98890466943105, 15.0270554737625], [76.9949066162575, 15.02904881481959], [76.9988856648129, 15.03033337077829], [77.0027055670481, 15.0314285636667], [77.00399518906323, 15.03418975706063], [77.01310205684604, 15.03326113278899], [77.02274977484939, 15.03193088451236], [77.0300075789124, 15.03180530010112], [77.03599483128676, 15.03167804309315], [77.04243723325513, 15.0323986199509], [77.0497693972235, 15.02730545192389], [77.04815354428777, 15.0175058044843], [77.04639313363323, 15.00838207429066], [77.0526787853529, 15.00738433625801], [77.06370284682119, 15.00556556952045], [77.07831967502268, 15.00576275230006], [77.08193196037587, 15.00556484998244], [77.08288497400989, 15.00847525224661], [77.08317166415391, 15.0140931658756], [77.08445067312788, 15.01804426008967], [77.08406781981371, 15.02174609050705], [77.08446621283382, 15.02496231165892], [77.0851780934412, 15.03086294061173], [77.09138097076277, 15.03033869100246], [77.09381939557345, 15.0356503178844], [77.10704876586982, 15.03393713675171], [77.1134795829248, 15.03637282105064], [77.11510505337118, 15.04517472512778], [77.11960210097875, 15.04634371689339], [77.12030673897377, 15.04968114569817], [77.12126226889613, 15.05543733003976], [77.12362414148178, 15.06126222674211], [77.12610898541202, 15.0668619212576], [77.1285293452673, 15.07826934289445], [77.12892209648993, 15.08526390405435], [77.12949539301614, 15.09095074070252], [77.12991142457741, 15.09681749889124], [77.12977191909977, 15.10101539210629], [77.14144929477364, 15.10499216894998], [77.14444625449677, 15.10754579126542], [77.15150998670393, 15.11468063205982], [77.15692661856227, 15.12747185295497], [77.156706355769, 15.13247905140067], [77.15645357436634, 15.13757634949528], [77.15193773041037, 15.13965858746727], [77.1422037121395, 15.14266458024987], [77.13659632534248, 15.14704413123914], [77.13450898197316, 15.14845922615262], [77.13826070689343, 15.15431361484212], [77.14103507669547, 15.15899039824485], [77.1456924069858, 15.15861504564011], [77.14967501053714, 15.15819400518007], [77.15559175487829, 15.1578924323663], [77.16187524652446, 15.15780449156228], [77.16277677966627, 15.15955712492959], [77.16306670616547, 15.16292568464295], [77.1640477194467, 15.16595707913769], [77.1649950374021, 15.16898483143465], [77.16926662502244, 15.17185623221563], [77.16793794166558, 15.17779472628902], [77.16672347597235, 15.18470028540571], [77.16550451836322, 15.19031465903281], [77.16258582983002, 15.19814424050119], [77.15847787624475, 15.20290599229435], [77.15577986034513, 15.21053892818656], [77.15476495958539, 15.21543742341004], [77.15022209154338, 15.21942372925801], [77.14737702631432, 15.22472021723406], [77.14206606648706, 15.22488492178273], [77.13537508407187, 15.22665850934634], [77.13003492133426, 15.22666061636478], [77.12478471216384, 15.22724756350967], [77.12547011508747, 15.23296014973151], [77.12771324582337, 15.24034444650469], [77.13232225758843, 15.24107444338842], [77.1360061001775, 15.2421996905498], [77.13961712484426, 15.24830108972276], [77.1432415391707, 15.25265512120469], [77.1484827980486, 15.25626562947274], [77.15213081406765, 15.25630442854181], [77.15820700975077, 15.25745856918769], [77.16207799829832, 15.25840444918883], [77.16691436541356, 15.25793149801485], [77.16817688919268, 15.26178264846313], [77.16791916404667, 15.26702944584683], [77.15996863207796, 15.26720702045491], [77.1561288624271, 15.27068774620738], [77.1509095052636, 15.27255193243147], [77.15048114337546, 15.27525480378361], [77.15184965778715, 15.28104345143637], [77.1515776035544, 15.28726348358317], [77.14546966696362, 15.29219279837288], [77.13802933404912, 15.29201199881597], [77.1319268516262, 15.29322286340549], [77.12842002502519, 15.29375710327167], [77.12142053256693, 15.29467697623428], [77.11791845110066, 15.29460905045322], [77.11808831843014, 15.29611582450345], [77.11832078377444, 15.29939920620765], [77.11832461894224, 15.30362471659019], [77.11822669023438, 15.30741801291733], [77.11827399595401, 15.30963836052071], [77.11805136544504, 15.31335621737102], [77.11728318233284, 15.31565584749374], [77.11712384405187, 15.31873335585884], [77.11698833268687, 15.32217307329553], [77.11706015270265, 15.32459633167927], [77.11470999789981, 15.32596427959786], [77.11321363680405, 15.33000816213191], [77.11252345852472, 15.33359760285011], [77.10786669667515, 15.33361675375501], [77.10339646468891, 15.33364138995401], [77.09923138023971, 15.33254136814706], [77.09498138566968, 15.33126199535252], [77.0909991898886, 15.33026449125245], [77.08726684008836, 15.32925478337903], [77.08438710717425, 15.32852954863265], [77.08022177170133, 15.32747897522778], [77.07674887876713, 15.32644920799716], [77.07517354849654, 15.32588637045192], [77.07384097527006, 15.32572536784768], [77.07088856791802, 15.32637687613138], [77.06792745073842, 15.32692631912024], [77.06454564205288, 15.32890834844805], [77.0661844516725, 15.33708338981168], [77.06053500212279, 15.34791406817812], [77.04711743500957, 15.35554540793384], [77.0442976140782, 15.37776645054845], [77.04784300590627, 15.38807312395177], [77.03944143087955, 15.39677341480654], [77.02970846543916, 15.40334790807318], [77.0315659705615, 15.41252243129342], [77.02926723083465, 15.43786375047175], [77.01257882371571, 15.44774436837524], [77.00418136398851, 15.46242505350069], [77.00219717353698, 15.46719740292638], [76.9996812532718, 15.47120778221639], [76.99883736279641, 15.47474799537471], [76.9938252196161, 15.48129287516694], [76.98069145689699, 15.48749750368567], [76.97586931020146, 15.49243457149924], [76.9737282276197, 15.50709424735309], [76.98256288475555, 15.50894936499371], [76.98844312367117, 15.50789312634525], [76.99896105841285, 15.50619430211757], [77.01351332913481, 15.50296055178854], [77.02468603339526, 15.50254220414952], [77.0311589186018, 15.50617067361321], [77.03124490447242, 15.52140693037022], [77.03105070820183, 15.53468045136821], [77.03106980290322, 15.54251175653858], [77.03022006762828, 15.55190497784696], [77.02908471322029, 15.56231446536899], [77.02621713605527, 15.57569299065912], [77.02613934270667, 15.58150996281818], [77.02723244996298, 15.5868355853181], [77.02848736473611, 15.59039812786763], [77.03113741004591, 15.5988127124513], [77.03328260160042, 15.60510726868358], [77.03250250461728, 15.61038456254284], [77.03169016419781, 15.61543004426431], [77.03092684130641, 15.62303444410751], [77.03045253840706, 15.62914380922837], [77.03145322292414, 15.63508160193026], [77.03581407456464, 15.63681810349547], [77.04382503121798, 15.6378946226438], [77.05128191746806, 15.63984685831918], [77.05883499863958, 15.64200172403076], [77.06868992831032, 15.64487083218406], [77.0749568494542, 15.6491634450764], [77.08223013593202, 15.65775286007437], [77.08653688247497, 15.65683647600385], [77.08981785030663, 15.65305758200264], [77.09524041086699, 15.65118527156579], [77.09754645389873, 15.64925114279911], [77.10173140362578, 15.64597082947997], [77.10517448543595, 15.64181516185197], [77.10708129548998, 15.64055182464666], [77.10711981265334, 15.63828193129483], [77.11003464583925, 15.63709273083064], [77.11405640081637, 15.6340226432277], [77.12039081794184, 15.63118587245979], [77.12259274092288, 15.63583753017617], [77.12310464274829, 15.63867606802447], [77.12396614344377, 15.6429092267955], [77.12459906724801, 15.64582723930152], [77.12601884649672, 15.6519266968115], [77.12738987752446, 15.65867371965121], [77.12833623884734, 15.66587485016607], [77.12129410681263, 15.6669480941244], [77.12152109938351, 15.67081607380115], [77.11802538387897, 15.67296644786607], [77.1158122000611, 15.6743446353998], [77.11295178306929, 15.67768091637032], [77.10872247999423, 15.68148651403266], [77.10238057046425, 15.68456845650031], [77.0938598355377, 15.68905039239668], [77.08845481756788, 15.69236733821202], [77.08189925998778, 15.69389349257351], [77.08081793464055, 15.69758766962668], [77.08336017714281, 15.70080868356133], [77.08588717670844, 15.70710753259028], [77.08594390799449, 15.71493154682793], [77.0790182673363, 15.71605193025608], [77.07977408199295, 15.72349495240896], [77.0781383308313, 15.72756113241801], [77.0732429282202, 15.72837450505726], [77.06636418890227, 15.72872609752199], [77.06279593590877, 15.72950918852937], [77.05746812167786, 15.72991408298231], [77.05258323963943, 15.73015809974089], [77.04920879472404, 15.72996882242096], [77.04888676183059, 15.7333377343957], [77.04781513995184, 15.74106384941216], [77.04773745652494, 15.74478743979524], [77.04771017226135, 15.74765237608301], [77.04757585530571, 15.75057936637977], [77.04754924140285, 15.75408796618672], [77.0479454857065, 15.75621163468919], [77.05442190933154, 15.75652016120164], [77.05451988806956, 15.76257333445761], [77.05159413910827, 15.76726249790426], [77.05774394064704, 15.77186092524158], [77.05962814243127, 15.78194164345588], [77.06383265451555, 15.78545809555666], [77.06743201487454, 15.79220756950676], [77.06759051527752, 15.79712132841702], [77.06687609099457, 15.80202080896746], [77.0642971712894, 15.807062942931], [77.064891415572, 15.81243738443174], [77.06522139259725, 15.81562850010557], [77.06560318236855, 15.81944314717259], [77.06598613595995, 15.82324014963496], [77.06624936994506, 15.8257263940151], [77.06555885617402, 15.82882486826016], [77.06204037222419, 15.83031442392455], [77.05913957444999, 15.83043842075127], [77.05584685281326, 15.83032582822425], [77.05186702900308, 15.82966061380748], [77.04660754514238, 15.83051084258033], [77.04122799891915, 15.83089092683853], [77.03871584086356, 15.8323739988772], [77.03753188589032, 15.83118077343496], [77.03589905351825, 15.82922976936516], [77.03268105888692, 15.83114789588493], [77.03027301435934, 15.83270227686006], [77.02900669252475, 15.83455697583386], [77.03202566466372, 15.85099555759112], [77.0507316457955, 15.87196284812963], [77.06452330628599, 15.88933280557237], [77.08102418235553, 15.90889619283606], [77.10225889169162, 15.92182858596876], [77.14032418937123, 15.9362807627344], [77.17419153556773, 15.9503919804057], [77.20717067589095, 15.9537833391305], [77.26174002885435, 15.95742676334945], [77.30162618148366, 15.95447173257616], [77.3246757952958, 15.95251955794349], [77.3372119196709, 15.95331077194236], [77.35622140328707, 15.95246399920019], [77.38724393855009, 15.94281949810095], [77.41592245775263, 15.94111626380943], [77.46807225864154, 15.93342000246983], [77.5138486935324, 15.92991482908359], [77.51668602986531, 15.94295591664827], [77.51813552079177, 15.95507572431751], [77.5193019745635, 15.9672055654571], [77.51363832307884, 15.97153008384293], [77.51077932719639, 15.97997394638705], [77.51105704722369, 15.99493027949819], [77.5141025631056, 16.00849930698054], [77.50694835206284, 16.01108307261939], [77.50400621265248, 16.0174722697294], [77.49680351743851, 16.02835085495617], [77.49531745797688, 16.04140072199029], [77.49786847807219, 16.05078593822044], [77.4962654814872, 16.05492813141909], [77.49861316898794, 16.05922123756422], [77.50387913989762, 16.06377238003925], [77.50389743972356, 16.07017135209444], [77.5060908106977, 16.07488420462328], [77.50393793976417, 16.08179974265793], [77.49848535169652, 16.08406935956048], [77.49711873609782, 16.08797733064413], [77.49804723217613, 16.09880890352299], [77.50077620036517, 16.10650123522547], [77.51266674811785, 16.10674711922321], [77.50981450651842, 16.11334317286359], [77.50540857953558, 16.11623162330621], [77.50044490433635, 16.12060010705805], [77.49109917978772, 16.12085214007611], [77.49164487738665, 16.12997503841678], [77.4911496287958, 16.13545723271586], [77.49108528820716, 16.14720941072108], [77.49124946016255, 16.15500938576476], [77.48573938608152, 16.1643572518655], [77.48720696014279, 16.16840022644848], [77.48939425574524, 16.17501763060725], [77.4904369254691, 16.17983028195113], [77.4924672757971, 16.18714306141151], [77.49984439284822, 16.1999448442179], [77.49923027195291, 16.20791319390139], [77.49893391229331, 16.21035866804285], [77.49932932372072, 16.2129238658526], [77.49960861708816, 16.21506691397127], [77.50004473311651, 16.21847381986089], [77.50092389594282, 16.22170935275084], [77.5020090567694, 16.22418356025327], [77.51343648051161, 16.22148394227543], [77.51434539186789, 16.23037879414019], [77.5090740788185, 16.23112382745373], [77.50107523352787, 16.22934339926345], [77.49325804778263, 16.22845637873511], [77.49226392095996, 16.23990651303194], [77.49147132870984, 16.25165414341144], [77.49876348572091, 16.26001281086661], [77.50536411194986, 16.26902624118056], [77.50814081159457, 16.27562531695253], [77.51393349808335, 16.27662721945405], [77.51714751984748, 16.2784182858922], [77.52177664808168, 16.2781730567817], [77.52937262674314, 16.27545156791212], [77.53512376784714, 16.26780498811326], [77.53977342507582, 16.28046176919984], [77.54077032557609, 16.28535728796647], [77.54436372131384, 16.29096094975097], [77.55043937507321, 16.29443555443753], [77.56596634932946, 16.30138161755391], [77.58111227122379, 16.29232913591295], [77.59057698766566, 16.29215796312782], [77.5937377935894, 16.29701806385178], [77.59438067868095, 16.3069795874175], [77.59056791596632, 16.32681517856241], [77.58871432500283, 16.33240901775445], [77.59051522514565, 16.33342385829359], [77.59246655718005, 16.33459424410891], [77.59438757008637, 16.33578584270342], [77.59533162067679, 16.33661402077756], [77.59641461959313, 16.33759979318031], [77.59384240268227, 16.34768780726512], [77.59181760090611, 16.3478597471213], [77.58999292981532, 16.34797090787457], [77.58862606438456, 16.348044597752], [77.58673034632558, 16.34805547417639], [77.58544372841568, 16.34701092877793], [77.58359072075966, 16.3457605843197], [77.58198536747119, 16.3449074660015], [77.58046089680597, 16.34390817059399], [77.57906613672903, 16.34274656813283], [77.54725515004728, 16.35837131425139], [77.5060054087919, 16.38128453337957], [77.4752167600921, 16.38266140626069], [77.42611915821547, 16.37206910776507], [77.34154903432325, 16.39581638293433], [77.3303070232815, 16.39963677381256], [77.3215768035674, 16.4011933914656], [77.29049418452317, 16.41249652744066], [77.27741106856622, 16.42701929718793], [77.26378434810464, 16.45104609702279], [77.25045146905411, 16.46256802604321], [77.23921447815879, 16.47494047691639], [77.24258047816123, 16.47695340410887], [77.25127738651014, 16.47557013410318], [77.26275444165846, 16.47359349839845], [77.27559643898654, 16.47395988078839], [77.27840079021857, 16.47463255138547], [77.2864913494208, 16.4764281116264], [77.29466846375965, 16.47899420499547], [77.29877699657558, 16.48619771048487], [77.29953385309588, 16.49138396950301], [77.30267973719246, 16.49600561616993], [77.31018183300469, 16.49479190551786], [77.31679480211167, 16.49292461586903], [77.32701781515459, 16.48668934246386], [77.33475762760382, 16.4864130423334], [77.34396347815506, 16.48770253793848], [77.35240216535115, 16.49003863355012], [77.36065421652451, 16.48897260417974], [77.36926406463576, 16.48948394976735], [77.37209533217863, 16.50359026241181], [77.37883282757487, 16.51480637426157], [77.39070750444047, 16.51606962650823], [77.39905617331802, 16.52086260215584], [77.41162915587246, 16.51923606477294], [77.41695437173071, 16.52048555411069], [77.41769962657085, 16.53402155625891], [77.41850864584357, 16.54556504970902], [77.41217376754825, 16.548726667636], [77.40374756122941, 16.55263614004368], [77.39981712935553, 16.55524505209476], [77.3980322852727, 16.55945416951446], [77.39239012096247, 16.56465089667746], [77.39242949583432, 16.56974995271227], [77.40405777828957, 16.57103114196265], [77.41220266318207, 16.56956258326935], [77.41717225844783, 16.5674008538881], [77.42635639979254, 16.57203733228409], [77.43733235003356, 16.58547325851642], [77.44480223088955, 16.58673906269506], [77.45987731073026, 16.58520664106018], [77.46255014112246, 16.59626829464025], [77.46848539204098, 16.60628291874384], [77.46758585060724, 16.60877150542708], [77.45757256539503, 16.61462580183689], [77.45505260249885, 16.6220373030555], [77.46008425525494, 16.62559807873628], [77.46140299016764, 16.62719282839357], [77.46370892661385, 16.62806770423143], [77.47019288777484, 16.63953807303565], [77.4734781978489, 16.64595451145466], [77.47249514660862, 16.65214051321781], [77.46910854510573, 16.65294895357628], [77.46482352658593, 16.65351432412625], [77.46295697867546, 16.65379006149618], [77.45994512041229, 16.64991052865492], [77.45643549346755, 16.64814151825259], [77.44331074205125, 16.64190655770409], [77.43708012968739, 16.64125805025605], [77.43515058156017, 16.64398938620993], [77.43601696169823, 16.64398392955608], [77.43632899805182, 16.64856441990041], [77.4305288698568, 16.65476786788551], [77.42305920228723, 16.65713820809015], [77.41880817475948, 16.65818330904776], [77.4186047575955, 16.66699331924853], [77.42410212832863, 16.66774316178586], [77.4315624818536, 16.66949753713467], [77.43918915869862, 16.67000112576094], [77.44115370051667, 16.66962854057171], [77.4435699551092, 16.67526210055536], [77.4475931570686, 16.67905540826611], [77.45990687109924, 16.67744651635238], [77.4686465460141, 16.68467094583601], [77.46847454594759, 16.69216782303873], [77.469157308263, 16.69943050789398], [77.47046180197913, 16.70597762372164], [77.47216242336837, 16.712831443704], [77.47175855913142, 16.71708730754344], [77.46854162055983, 16.71800611271905], [77.4649974466801, 16.71845927787653], [77.46106178210219, 16.7184705292465], [77.45600853346022, 16.71655011208294], [77.4489996198073, 16.72013990242019], [77.44505973321513, 16.71924812633167], [77.43894658653512, 16.71192239063318], [77.43397905549807, 16.7160957322559], [77.43050661782314, 16.71686690260996], [77.42696849698856, 16.71846773472877], [77.42576337701126, 16.72175215841284], [77.42619099365446, 16.72310609841842], [77.43047648077693, 16.72337391238764], [77.42885531331841, 16.72641881620185], [77.42691328419784, 16.72946704415638], [77.42827438871113, 16.73148120001417], [77.42879288803306, 16.73364667952798], [77.43186755934776, 16.73528555949463], [77.43347146307677, 16.73824035792602], [77.43550598763949, 16.74387504618739], [77.43915460956413, 16.75110856537496], [77.44306570776135, 16.76914861586041], [77.44732944903922, 16.77811379306238], [77.46098131450267, 16.78165578522937], [77.47107113807593, 16.78441210332577], [77.4744242997979, 16.79277569485273], [77.47278509053686, 16.80215351461342], [77.46576095013792, 16.80764855643202], [77.46225242398164, 16.81600011793342], [77.46265508655262, 16.82187173280131], [77.45712432232042, 16.83143680452873], [77.46367970797692, 16.85179982590319], [77.46111204247643, 16.86699120889685], [77.45959036466618, 16.87569870986092], [77.45850675250117, 16.88524816647302], [77.45746819599762, 16.89225903512586], [77.45724609051697, 16.89675943913303], [77.4579446337914, 16.90892635079193], [77.45379538367987, 16.91394327487727], [77.45838959408525, 16.91509867120131], [77.46547060643996, 16.9156423145258], [77.46933804115454, 16.92087488341708], [77.46586779108858, 16.92906874570784], [77.46748821632832, 16.93928349841404], [77.4650563237809, 16.94626622577373], [77.46585038379772, 16.95341420674417], [77.4718287498016, 16.95782463933772], [77.48072608182052, 16.97049050409212], [77.48262230280359, 16.9805887898875], [77.48282955085082, 16.9899835110307], [77.4851506080236, 17.00212359167793], [77.4935185887997, 17.00651856000834], [77.49938314223039, 17.00983584598661], [77.50306964404498, 17.01370282683135], [77.50072878815297, 17.01930178186748], [77.4968195941584, 17.02642726045177], [77.49597794635822, 17.03230833560054], [77.49672901884696, 17.04035072126835], [77.49647056351215, 17.04407321010625], [77.490043726338, 17.04723119810108], [77.48458733522664, 17.05750374780418], [77.48165452130239, 17.06706406857576], [77.48106930971696, 17.07523633430705], [77.46747043537745, 17.0880330665184], [77.46289300671717, 17.09677577857805], [77.46430747371352, 17.10503817668098], [77.41474675502207, 17.1238640412169], [77.38477576774753, 17.13961269116855], [77.37876021645566, 17.14605158651293], [77.37953445551284, 17.15225841895326], [77.36874468522824, 17.15351409946495], [77.36633018445973, 17.15625218308405], [77.36404304452017, 17.16090474825837], [77.3618487268182, 17.16338201163114], [77.36469825359836, 17.16707114941076], [77.36529641275415, 17.17048815665772], [77.37079005529978, 17.18074114487573], [77.37001817836018, 17.18813999937032], [77.37285870586534, 17.19505280648997], [77.37479145829037, 17.19744510779907], [77.38411561773601, 17.19581906377534], [77.39195741370845, 17.19572913981701], [77.39514967343727, 17.19819936654688], [77.39655678395496, 17.20530153791846], [77.40140969168486, 17.2096104411305], [77.397066410594, 17.21397075972793], [77.3887504930066, 17.2154170267367], [77.38015705100158, 17.2210795268894], [77.39847364462942, 17.2324232276961], [77.41665116132127, 17.23762140177952], [77.42746132310096, 17.2569747352693], [77.45199260557803, 17.27179520555196], [77.4490098184828, 17.28941956243244], [77.43972735678994, 17.29750179473863], [77.44329801059132, 17.30264911770522], [77.44824455548284, 17.3078625349971], [77.45218527867165, 17.31841463564353], [77.45581250704682, 17.33187659105239], [77.45695799830666, 17.34196747251291], [77.45484477453566, 17.35168982914496], [77.45185619339412, 17.36077560834702], [77.45269427738613, 17.36911762042014], [77.45227542314059, 17.37185648826141], [77.45911161904787, 17.37327318032534], [77.46656662479442, 17.37159759955368], [77.47836149132706, 17.37053307025378], [77.47695041568694, 17.36538215763143], [77.47845287212769, 17.35962231288813], [77.48182108056322, 17.35632579512554], [77.48632732353394, 17.35652717610025], [77.49797269956609, 17.3574438577972], [77.51417939972117, 17.36014075066333], [77.52756783312866, 17.36933502637229], [77.53025871756783, 17.37401777075591], [77.5304894726356, 17.38162090147499], [77.5256978650312, 17.38306139970715], [77.52473061755377, 17.38659878541661], [77.5277322555831, 17.39384294879406], [77.5207126111709, 17.41290260135024], [77.5142662049304, 17.43573705188916], [77.53975891038773, 17.44112153223985], [77.55088952305209, 17.43614023621949], [77.56038519868906, 17.43191252350677], [77.56663863836161, 17.43263178322481], [77.57415826730897, 17.43002618769645], [77.57607504056297, 17.43599332037554], [77.57493425303873, 17.44438841621934], [77.57728548073604, 17.45363155592878], [77.5790371896236, 17.4556519618881], [77.58053285338279, 17.45579248910273], [77.58216596301384, 17.45526265775442], [77.5852182162673, 17.4545288529063], [77.58678752398623, 17.4525546919322], [77.59045989103045, 17.45118753785942], [77.59508588547877, 17.44846198116326], [77.59792917293342, 17.4467331421097], [77.59971227098762, 17.44681491389514], [77.60192269544429, 17.44534628545142], [77.60403639802652, 17.44441654856047], [77.60758878191665, 17.44438862796127], [77.61188100078004, 17.44560595289254], [77.61416960845281, 17.44808013328569], [77.61401336398194, 17.45210552415406], [77.61405123844038, 17.46346125198872], [77.61352496070153, 17.46664035080779], [77.61238137836726, 17.47010353628448], [77.6214054774368, 17.47359573360888], [77.63353180107404, 17.47335914267286], [77.63787653634066, 17.47359164453868], [77.64182014551554, 17.47717998077461], [77.64611522341899, 17.48453838974986], [77.64781934727527, 17.4910501488459], [77.65134075346357, 17.49985793917079], [77.65603982363689, 17.50499477859067], [77.65418267590348, 17.4919818594992], [77.65845036902287, 17.48045428600395], [77.68144912458949, 17.47480660254242], [77.68663279119266, 17.48028521024712], [77.68809920881475, 17.49117746289393], [77.69166555443282, 17.50163869996933], [77.68173822023039, 17.50710991074181], [77.67661719687347, 17.50786496764835], [77.66605304937151, 17.51875445989688], [77.6604144034261, 17.52327977675154], [77.64936906735008, 17.52258609009003], [77.63504032125613, 17.53308016687171], [77.61256057624459, 17.53484716048954], [77.60579363974465, 17.53333126949491], [77.59893955187837, 17.53534054874949], [77.594979673581, 17.53859549794252], [77.5962779781543, 17.55063155418667], [77.59247635312599, 17.56490342137525], [77.58878165403468, 17.56352914891355], [77.58493028762308, 17.56015020841044], [77.57492841604183, 17.55826453669209], [77.5502537025227, 17.55108086167029], [77.54453888963974, 17.56694459309523], [77.52853970517072, 17.57565545857974], [77.52126220710218, 17.56091978444612], [77.49237064843683, 17.56220440980928], [77.4816134043367, 17.56878569749144], [77.44604805094883, 17.58319385898749], [77.44480036965406, 17.59336966071596], [77.44485865068093, 17.60742695270465], [77.45097630038906, 17.6189962909854], [77.45613522344652, 17.63370939275421], [77.45151979637998, 17.64263479371899], [77.44850732220303, 17.65294238275299], [77.45146815717933, 17.6639761915443], [77.45359645923914, 17.67227275404486], [77.45409509264505, 17.68299930859478], [77.45514111886786, 17.68839637532194], [77.45264521725444, 17.69279602103384], [77.45607691656039, 17.69525687425745], [77.45892885619014, 17.69743747095144], [77.46991502720658, 17.7029891975893], [77.47839103252326, 17.70551770596944], [77.48427980154368, 17.70759773386955], [77.49455429474492, 17.71001071724678], [77.49957826246336, 17.71616056040127], [77.50668875220687, 17.71702217021857], [77.51403861124948, 17.72130108925877], [77.52245917658476, 17.72705842694597], [77.52977534097082, 17.72902814033279], [77.53309593678368, 17.72949729223353], [77.53768902164387, 17.73062065158112], [77.54380383552291, 17.73209780517971], [77.54852814673308, 17.73435638312835], [77.55535760526523, 17.73671237380394], [77.56012627753793, 17.74142286161866], [77.56238524917977, 17.74019724925133], [77.5703230614092, 17.74181168883736], [77.56841189985022, 17.74833769509781], [77.568519676708, 17.75267860088704], [77.56709996318463, 17.7605486380304], [77.5630832383179, 17.76582443497648], [77.55914758391067, 17.76329960718553], [77.55104275839217, 17.76630183715988], [77.54576725372532, 17.77171960736286], [77.5405465686073, 17.77411289852386], [77.53856725719072, 17.77947495816488], [77.53046150899621, 17.77955507673633], [77.522310052414, 17.78046032013069], [77.51225271224257, 17.78274797781033], [77.5060774309677, 17.78648839885248], [77.50956330031208, 17.79103474102682], [77.51418690317487, 17.80402281520831], [77.52088632204784, 17.80928945724116], [77.52871122187108, 17.81748744533468], [77.52729016349288, 17.82724405877385], [77.53893085759698, 17.82851472755511], [77.54734290379326, 17.8268657521307], [77.55361769551699, 17.82011212754555], [77.56012774523121, 17.8367077418448], [77.56579603270725, 17.84969235706307], [77.570377537927, 17.85923486596832], [77.57473848693537, 17.8727658308179], [77.58051629190605, 17.8759852243885], [77.58342043847604, 17.87743566774013], [77.58833097629724, 17.87513907871204], [77.59835217657194, 17.87327828852931], [77.59850091989894, 17.88114703914944], [77.59155145974555, 17.88833212696563], [77.58604890324217, 17.89427908446195], [77.58506502258857, 17.90384143611617], [77.58933529992218, 17.90735099196001], [77.59547319030628, 17.90502588242329], [77.60029698967926, 17.90422489998823], [77.60682374025609, 17.90633324072773], [77.61455231346453, 17.90436503366584], [77.61925871973463, 17.90519347826176], [77.62091261205336, 17.9149163941167], [77.6221904874714, 17.92889448734088], [77.61890320517223, 17.93956347827579], [77.62249168890091, 17.94512523865753], [77.62501757596198, 17.94594993172242], [77.63272945341434, 17.94719821678681], [77.63283833858402, 17.95414488112562], [77.62597235848084, 17.95897952133287], [77.62869347122322, 17.96316598355645], [77.63346011945303, 17.96794941637213], [77.63335234701016, 17.96110572635024], [77.63671965851987, 17.95416310037912], [77.64085315772682, 17.95354719627248], [77.64563637195468, 17.9515122929816], [77.6504118965976, 17.95607970535749], [77.65021250294154, 17.97694378848018], [77.65232093574335, 17.99030165455881], [77.63427617730537, 17.99784612811228], [77.6276456563953, 17.99774423760651], [77.6168322210913, 18.00801978589042], [77.60729790948444, 18.01239435356193], [77.59939335723313, 18.01752061034931], [77.58574659456352, 18.01792876909779], [77.58293236161987, 18.02952381889055], [77.56645818851318, 18.03533462153455], [77.5489116523424, 18.03611860359603], [77.54880969157361, 18.04387682944079], [77.54800402563774, 18.05430359331152], [77.54875768928832, 18.06169966719682], [77.55137039524789, 18.0645596287507], [77.55793469986563, 18.06454396860593], [77.5592591639255, 18.06894708086675], [77.56207076987832, 18.07336647981338], [77.5674101127311, 18.07682138435314], [77.58170037784058, 18.08162681635794], [77.5937124083354, 18.08591169217346], [77.60170425894127, 18.10635491645078], [77.60032812975957, 18.11493376687586], [77.5963391360185, 18.12589834236326], [77.59407586815439, 18.13643030073], [77.5949108210642, 18.14597174533328], [77.59627296918086, 18.15526789968877], [77.5896728210037, 18.1571248313014], [77.5750457844, 18.17384505248963], [77.57406359634109, 18.17742111864758], [77.57201920502246, 18.18379535092615], [77.57152959744424, 18.18823672213437], [77.56653068362482, 18.19412116489537], [77.56422780942577, 18.19392786045127], [77.56306829032177, 18.19545709953], [77.57033985811205, 18.20331008950233], [77.57913467325018, 18.21221436156043], [77.58639975010249, 18.21760495213583], [77.58196656186338, 18.22533552023977], [77.58066964825849, 18.23159726037943], [77.57327614837365, 18.23912381359752], [77.57439248175699, 18.24520234662812], [77.57903654935679, 18.25486103199336], [77.59137136442405, 18.26160415657037], [77.60030759314945, 18.27550029006047], [77.6010597215262, 18.28137221378427], [77.59178040603594, 18.28346003994856], [77.57813847201069, 18.28683228937635], [77.57336679903437, 18.29411535954139], [77.56953322577021, 18.29134379064917], [77.55025549488388, 18.29164884149064], [77.54865847853178, 18.29295230394881], [77.53536365341155, 18.2975994834992], [77.5122974306868, 18.30930833017122], [77.50893487386278, 18.29517868656672], [77.50618962149804, 18.28452644641711], [77.50309814469284, 18.27947329530161], [77.49768085500942, 18.27523952468066], [77.49182114042691, 18.26851992234287], [77.48513945882526, 18.27015915481343], [77.47927362763023, 18.26911433526435], [77.47624114117548, 18.26651965777989], [77.46994943340405, 18.26491656351691], [77.46110136228417, 18.26392917475875], [77.45408837209716, 18.26668158236845], [77.44770047485204, 18.26987271110637], [77.44681801158178, 18.27486727086507], [77.44656773004755, 18.28230516292814], [77.4412866460743, 18.28212982843805], [77.43844204918254, 18.2872577617222], [77.43730987789209, 18.29120252418285], [77.43664722990131, 18.29761526129697], [77.43861607619124, 18.30834042425238], [77.42773769053996, 18.31070303305421], [77.41421846373737, 18.30415159066824], [77.40293624507393, 18.30268185953353], [77.3907893038577, 18.30631207934505], [77.37992514111399, 18.30892294621277], [77.36774284376679, 18.3083216366647], [77.36316387261805, 18.31184930687294], [77.3570405608976, 18.3189862103138], [77.36566579651739, 18.32309258318649], [77.37191180028297, 18.32653972594088], [77.38242034701653, 18.33812201733376], [77.38868094934716, 18.34048131682875], [77.39275936200174, 18.34271029291237], [77.40077556131635, 18.34978984378685], [77.39943244484435, 18.36054764239281], [77.39712395495624, 18.36627597622424], [77.39970706349872, 18.37067498089086], [77.41059955895312, 18.37799201616661], [77.41308507242181, 18.38804436615266], [77.40600112189263, 18.39844929158924], [77.4005773126456, 18.40232188940954], [77.39272975109556, 18.40150384175084], [77.38038962953667, 18.40166793568543], [77.3708193115963, 18.40608139570357], [77.36717366102432, 18.42020406253476], [77.36345334496353, 18.43098852088598], [77.36329214982251, 18.43652276317913], [77.3656126551192, 18.45099869132312], [77.35709352620363, 18.45036247073348], [77.34009305295322, 18.43815450204235], [77.3313613623305, 18.41964561206386], [77.32258875360793, 18.42060999344691], [77.31581503260013, 18.42293222960389], [77.31352766810376, 18.42775527882745], [77.312245258607, 18.43310691288604], [77.3118356351103, 18.44124394562578], [77.30186732980737, 18.43856140329746], [77.29275676304985, 18.43416234286223], [77.27509540903759, 18.42617871621652], [77.26959899911523, 18.42233949605458], [77.25737199471087, 18.41360403887458], [77.24460683196241, 18.41494844291887], [77.2413352359197, 18.41284385175145], [77.23684129012847, 18.40401817025094], [77.23401340092789, 18.39275564238239], [77.23922034583393, 18.37811853032388], [77.24826984496902, 18.37589505273493], [77.24430719409203, 18.37073071205641], [77.23857258936404, 18.36975658140143], [77.23318955942656, 18.36949863411886], [77.22768729932675, 18.36695263997823], [77.22516098842343, 18.36077722512297], [77.2227264292193, 18.35431548048323], [77.22358309397728, 18.34780599403078], [77.22570499477456, 18.34250537228534], [77.22020790508252, 18.32924164268483], [77.21315769833568, 18.31903965547545], [77.20518218845457, 18.3195550266248], [77.20103127579766, 18.3126992701956], [77.20229810565122, 18.30970164215534], [77.20325874041906, 18.29956527337932], [77.20527872693475, 18.29426012900322], [77.21023143317824, 18.29197585276935], [77.21155894919332, 18.28505672355943], [77.21317767737635, 18.28058871341293], [77.20335421353276, 18.27950588481364], [77.19727665680317, 18.2777397667527], [77.19195519931468, 18.28194845420512], [77.18066320463846, 18.28545890287501], [77.1737622997729, 18.2826562599675], [77.16904583236771, 18.26490447669823], [77.16816700172696, 18.25994555914496], [77.16453037516203, 18.25847847131623], [77.1597970361508, 18.25683546674045], [77.15641918499621, 18.24808146839148], [77.15319771356201, 18.24281163265132], [77.15151804225556, 18.23883245487653], [77.14891264432434, 18.22718530205843], [77.1512988947705, 18.21721094132074], [77.14280287304666, 18.2170252858157], [77.14033686966458, 18.20774788063795], [77.13471353255288, 18.20671896379514], [77.12384803845643, 18.20894878651146], [77.10937663845873, 18.20430513603056], [77.11466717125032, 18.1732689137971], [77.10795495378747, 18.15614517747693], [77.08998624467128, 18.15581856509765], [77.0804293502074, 18.15144937226242], [77.06159822787069, 18.15367258149671], [77.05268396468043, 18.16197631017911], [77.05153633309548, 18.17318238827358], [77.0455418223434, 18.17757676477992], [77.03281126698627, 18.17872242358222], [77.02350054408025, 18.17427382243898], [77.02422161300669, 18.16300290955799], [77.01672178333334, 18.159750377079], [77.00261947161732, 18.16254884121869], [76.99540713396898, 18.17187534678745], [76.99059324912075, 18.18583430440074], [76.97890649266773, 18.19263031110446], [76.9624098475586, 18.190360595062], [76.95133240847743, 18.18830849973119], [76.94959265263573, 18.17764365905444], [76.94769045115244, 18.16750691785975], [76.93779509568552, 18.15893172446044], [76.92972872354603, 18.15592479671313], [76.92228505974343, 18.14574306436958], [76.92833379657772, 18.13816895075446], [76.93243989478322, 18.13440325831464], [76.92777469885273, 18.13096508783241], [76.91862409226079, 18.12173363845123], [76.9313974020762, 18.11279104979305], [76.94510370837995, 18.11266735298728], [76.963670016921, 18.10112843438868], [76.9624225631839, 18.09080880176889], [76.94401577355778, 18.08337929212902], [76.94861912313155, 18.06300952329736], [76.94347328779605, 18.04794626239869], [76.95302254763546, 18.04155601132827], [76.94166567469031, 18.03856237312747], [76.93078891547988, 18.03762000275075], [76.91641180611724, 18.03601617353214], [76.91430501251277, 18.02761083311238], [76.91194893575042, 18.01688860376874], [76.90675185499826, 18.01268104264816], [76.90619449448575, 18.00079602306803], [76.91272561901147, 17.99557757531365], [76.91287812046517, 17.98602795332193], [76.91242689479928, 17.97498105042423], [76.91491179203054, 17.95725822960082], [76.91746660853434, 17.95025803799036], [76.91866949697877, 17.94583708883195], [76.91993480698358, 17.93391113692029], [76.91888976361223, 17.92276599551412], [76.91723673691328, 17.91679391956416], [76.90931292179306, 17.91540326952384], [76.89974824614846, 17.91155231185993], [76.89621492573366, 17.90696130088191], [76.89363742574035, 17.89994075430673], [76.88320101876707, 17.89426259502417], [76.87687605607975, 17.89606679583861], [76.87166684572847, 17.89896932974358], [76.85968697860088, 17.89969978601172], [76.84899125828304, 17.90011288008227], [76.84226493677986, 17.90001748939042], [76.83251882109593, 17.8933389245771], [76.83200596889769, 17.88600353430908], [76.82796854422007, 17.88492256036262], [76.82297136864489, 17.8860168431245], [76.81912456000761, 17.8852161287162], [76.81116178083283, 17.88729171085927], [76.80919899559352, 17.88290855279487], [76.807592230524, 17.87610363066672], [76.80800450990873, 17.87137989083357], [76.80203267633539, 17.87153354008782], [76.79602455575848, 17.87230867365548], [76.78937789979445, 17.87530616712048], [76.7793268625687, 17.87767402803812], [76.77439280331956, 17.88450140768209], [76.77167941999025, 17.89382225247325], [76.76371713463087, 17.90054810089018], [76.75242121718287, 17.89979191537822], [76.74125450658457, 17.89979011177503], [76.74012221198008, 17.88682083280196], [76.73899907528215, 17.87818345914842], [76.73858608265193, 17.86940742023067], [76.73813488509528, 17.85897990665122], [76.75198189435548, 17.85782941455851], [76.76278635564013, 17.85391603185387], [76.76834739596546, 17.85169858569752], [76.77358134221271, 17.8463930513184], [76.77870262099559, 17.83767941658143], [76.78672999158131, 17.83320770404856], [76.7890048984964, 17.83022283680693], [76.78828533134676, 17.82348612335366], [76.78404067222995, 17.81959715105817], [76.78153127354622, 17.81305365422635], [76.7807388459545, 17.80508330809166], [76.77716223823225, 17.7984006124561], [76.77015462303261, 17.79899435384652], [76.765751274595, 17.79186556586013], [76.76191492100588, 17.78739633581583], [76.75128870814973, 17.78718241837363], [76.74235143718688, 17.77997113504981], [76.73600137970114, 17.78108832156783], [76.7321596620026, 17.78231962209867], [76.72813179030774, 17.78461317961209], [76.72331231179892, 17.78662175262834], [76.71427071413882, 17.78131959193399], [76.71417588136431, 17.77322549364301], [76.71846839780454, 17.77112084594346], [76.72136736289134, 17.76897769172527], [76.71849472080125, 17.75602689585581], [76.72132867899668, 17.75058745586717], [76.72634703837494, 17.74335681205658], [76.72807598857598, 17.73750165646406], [76.71907167134077, 17.7350417287308], [76.70796424595746, 17.73157611372127], [76.7003596736701, 17.72864005110468], [76.70432358816959, 17.72129024204204], [76.69595866551848, 17.70721808041407], [76.6920493084991, 17.70002866152009], [76.69322424946239, 17.69547642181114], [76.68427961264881, 17.68578222167518], [76.66487406212372, 17.69007050135584], [76.6595322721718, 17.70946576184477], [76.64536656054196, 17.72487941374886], [76.63473300379536, 17.72813427525988], [76.63055193659373, 17.74025607445255], [76.63041243622862, 17.75200314977456], [76.62539389045851, 17.75943181096792], [76.60502015996745, 17.75903802097203], [76.60338238199854, 17.74603119821914], [76.60072771066253, 17.72613615579633], [76.59310749226988, 17.72069662529534], [76.588984449667, 17.71221053737215], [76.5855744239873, 17.70643488460664], [76.57818230775281, 17.7052218842316], [76.5705769579345, 17.70640469428326], [76.57044945703247, 17.71468617159779], [76.56781388758837, 17.73322517800733], [76.56476580275057, 17.75183448008435], [76.57102788294871, 17.75843920077597], [76.56091601638498, 17.76644218033057], [76.55039133417728, 17.7634546120361], [76.534770000186, 17.75924609190488], [76.5253224414526, 17.74792126316015], [76.52590126472066, 17.72682401765761], [76.51869762561292, 17.71776913477344], [76.50433052606064, 17.71842255334777], [76.48885269912904, 17.71632676318852], [76.48552806075031, 17.70476799525686], [76.48434395952415, 17.6959880756099], [76.48319883045426, 17.68023204706662], [76.4833306194307, 17.66060598744118], [76.47054216727624, 17.65987530641251], [76.46393717708935, 17.65956208125478], [76.45806566498963, 17.65901084951804], [76.45174223138879, 17.65544751099833], [76.45269742060307, 17.64901262804709], [76.45010531575784, 17.648835477072], [76.44645319801853, 17.6490228098757], [76.44317200021645, 17.64441250611779], [76.43378212481839, 17.64685569874848], [76.42781068789012, 17.64458274399959], [76.42661546566437, 17.63033462444092], [76.4245013180713, 17.62387644577279], [76.41872155122242, 17.60765490473193], [76.40706077155258, 17.60483701144202], [76.38933338732083, 17.60348977279742], [76.37108812842304, 17.59821977270269], [76.35633661460831, 17.59676944623491], [76.34718167606438, 17.59617192764517], [76.33653442208151, 17.59840097768903], [76.33102523301791, 17.59403303468601], [76.33209942190645, 17.58483463657138], [76.33304559212745, 17.57463614306504], [76.33559156601821, 17.56365271913636], [76.33920422594872, 17.54797004624168], [76.3462678384925, 17.54044204462869], [76.35733403876075, 17.53878306232929], [76.36454927184899, 17.53062168789005], [76.35970067866585, 17.51570723755079], [76.34653474854953, 17.51375390901255], [76.34325922433109, 17.49953613965047], [76.35935445273415, 17.4945789699131], [76.36973881586455, 17.4955510922762], [76.37542728489734, 17.49037701589912], [76.36690090969421, 17.48251449165679], [76.35267552588546, 17.47555707996707], [76.3304259939141, 17.46340585150866], [76.33315804888501, 17.45563872512544], [76.33272493534866, 17.44519446225279], [76.33400558574316, 17.43466827265073], [76.34528384529206, 17.43565397989257], [76.36095295994788, 17.436995276655], [76.3707248278763, 17.43135846177083], [76.37030114693663, 17.41607909164351], [76.37059857105618, 17.40948526435156], [76.37000721648464, 17.40574133397166], [76.36755747328903, 17.39856864811925], [76.36523932542148, 17.38880376778672], [76.36311304536125, 17.37740564241558], [76.37736286172237, 17.374221873381], [76.38714819446143, 17.3730147009251], [76.39620640566754, 17.37266053151325], [76.4090857682158, 17.37066630606179], [76.41072789778842, 17.35911512159312], [76.41139862372994, 17.35081645408258], [76.40336442071815, 17.34981050326027], [76.39516022748148, 17.34399149400061], [76.39134369523316, 17.33510607012557], [76.38725427191122, 17.32799912823765], [76.38455821549657, 17.32038912869183], [76.3834115527279, 17.31431877573014], [76.37431976537466, 17.31442584505237], [76.35716328502473, 17.31442659726537], [76.35432324876628, 17.32127782190748], [76.35271002353262, 17.32932125794626], [76.35102617182918, 17.33523447289171], [76.34940177587112, 17.33866229681503], [76.34666859375544, 17.34783278879044], [76.33964749274512, 17.35434964850064], [76.33081139382725, 17.3514335536201], [76.32134795309678, 17.34956003263565], [76.31419931823993, 17.3487837545027], [76.31843155481167, 17.33435693471703], [76.30833026386787, 17.33277704439264], [76.2964184393208, 17.33345380459914], [76.29018188917748, 17.33381655649566], [76.27620538056046, 17.33787813021693], [76.27377463430949, 17.35041029740787], [76.26881997977125, 17.36179780708148], [76.25638801653646, 17.36064912002279], [76.24960727151469, 17.37100879023933], [76.2434420314539, 17.37915181180553], [76.22905663914771, 17.37573538671148], [76.2195556379186, 17.3636948077987], [76.21432620751676, 17.36218081542327], [76.20480970276566, 17.36199359653003], [76.19018196766517, 17.36123871635405], [76.18100500556064, 17.35841885960621], [76.17263691586747, 17.35353763572268], [76.17184460412159, 17.34370431519635], [76.17323739576894, 17.33364207141261], [76.17906847167094, 17.3183805258787], [76.18299415040593, 17.31547160747865], [76.1789831383608, 17.30626530259287], [76.17295001379264, 17.30149782627904], [76.1642084453877, 17.31001572844595], [76.16337448398845, 17.3337442917237], [76.16252386720961, 17.34471446636688], [76.15163271872159, 17.34878146293646], [76.1370965344116, 17.35559623486465], [76.12081011823759, 17.3685848220511], [76.09946592699421, 17.36454508795369], [76.09027546942272, 17.34840662401812], [76.08803421574699, 17.34233576419228], [76.08414517489449, 17.33518907307501], [76.074185943194, 17.33595632723452], [76.05035398234045, 17.35795513093861], [76.03246185174874, 17.35304216510728], [76.02200468086778, 17.35395899681544], [76.01784474407563, 17.35404565611217], [76.01121217233658, 17.35392232282726], [76.00614755294042, 17.34930778872739], [76.00172990986657, 17.34381293056646], [75.99524757442668, 17.33934808127316], [75.9891432970781, 17.33763463131252], [75.98042815062448, 17.33798879549242], [75.97092194483746, 17.33761188263215], [75.9599767303636, 17.33504858408882], [75.94962380032459, 17.33054119674831], [75.92645158465174, 17.32637637561877], [75.912992338259, 17.34245641569069], [75.89733524771223, 17.35165373034204], [75.89321634585507, 17.35665080441561], [75.89640042021644, 17.37156004805092], [75.89747521327828, 17.38523349355041], [75.88999900518841, 17.41341212193431], [75.87675690839843, 17.41852209504353], [75.87458920179212, 17.40023891126604], [75.86257823324107, 17.38685043539421], [75.85747965244488, 17.38871850122294], [75.8576241658766, 17.39160480482809], [75.85774355033497, 17.3942859171479], [75.85770026974242, 17.39727920299193], [75.85705416913883, 17.40020405919816], [75.85667913646517, 17.40286329549674], [75.85590826995144, 17.40578830486152], [75.85481111969185, 17.40826089344828], [75.85309146567808, 17.41103542723953], [75.8502936382728, 17.41384253418372], [75.84661552441031, 17.41616915752012], [75.84283533849529, 17.41783286173498], [75.84039087127962, 17.41939639760697], [75.83696720225143, 17.42138849691505], [75.82236390279834, 17.42296697273356], [75.8161311330331, 17.41461846337493], [75.81676129040044, 17.40558902270884], [75.81259285821467, 17.39459811257679], [75.81333765319938, 17.38432687623814], [75.81219380765877, 17.37452325345417], [75.80839377692618, 17.37140147072398], [75.78889070954037, 17.37322113245436], [75.77080843260313, 17.39453488501325], [75.72685124345745, 17.42228960459931], [75.70877130150063, 17.40954503729422], [75.69896984186559, 17.40991000242263], [75.6882250027249, 17.41371941039271], [75.68064097677393, 17.43076522329088], [75.67957403772077, 17.45029683098927], [75.67405710742557, 17.46032835884741], [75.66146750954995, 17.45993232759423], [75.64795237002284, 17.47306109099757], [75.63138422204705, 17.47399133019962], [75.62731733870007, 17.46241095750952], [75.62281215238639, 17.4596560107153], [75.62063558555052, 17.45232607421315], [75.61537711559588, 17.43543475976558], [75.61334775337653, 17.42431460876686], [75.60709615298568, 17.42119930547789], [75.60949305361449, 17.41369494197197], [75.61271675302723, 17.3993747349357], [75.61236509067898, 17.39183761396707], [75.60500567473389, 17.3938874592626], [75.60143461941426, 17.39177256336149], [75.59531220069854, 17.38861074572357], [75.58912670442601, 17.38588451335923], [75.57814521387134, 17.38352860596282], [75.57703350537392, 17.37604554221269], [75.57937796559064, 17.36379157449938], [75.58129131280369, 17.35401503481508], [75.58484672622143, 17.35051430631546], [75.59233388157821, 17.34732138133213], [75.59983279515222, 17.34534697276186], [75.61019741805755, 17.34460743490532], [75.61090414239895, 17.33649394913326], [75.61205628863198, 17.32513533057746], [75.60591735507288, 17.30978551507859], [75.61439179403814, 17.2991426461806], [75.62432103263176, 17.28892522312207], [75.62979251503961, 17.27822261284225], [75.62900635745643, 17.27390700220076], [75.6454426344702, 17.27346503105522], [75.65515100593818, 17.27122154808398], [75.65783518673621, 17.25809481602651], [75.65868408195254, 17.24184361841905], [75.66207905003158, 17.21825670129237], [75.65229158671661, 17.20316696504673], [75.64028187835562, 17.19391134373107], [75.63457452589601, 17.18920266628153], [75.62843328521588, 17.18676530348935], [75.62617390229187, 17.18006675644921], [75.62543592370054, 17.17466705626687], [75.62671974603875, 17.16803830249429], [75.62816372917771, 17.1628600640237], [75.63129856317664, 17.15939613723631], [75.63698872374088, 17.15330015263437], [75.64278336987357, 17.14600325871677], [75.6464951572319, 17.1373323803666], [75.65000349227364, 17.12832782503306], [75.6504968699846, 17.11727101903736], [75.66195498772274, 17.1151290878652], [75.67254444369668, 17.1144759345499], [75.67296704690843, 17.10584433979606], [75.67362159928943, 17.10037788973365], [75.67459964703548, 17.09012185354412], [75.67706835004188, 17.08021095534976], [75.67954117361239, 17.07409182579201], [75.67651858537513, 17.06772691086295], [75.66228057518312, 17.06404016676066], [75.65355761549004, 17.0589137656697], [75.64526453378402, 17.04832979574103], [75.64179103140728, 17.04181277713511], [75.64543593210193, 17.03489818449849], [75.65049268451355, 17.03322889916926], [75.66224584661265, 17.03616654170982], [75.66940587330647, 17.0289466952584], [75.66809113077717, 17.01362775760312], [75.66713393839376, 17.00206888103105], [75.66542679746745, 16.99066174894948], [75.66590395213116, 16.97964637332389], [75.67206839541402, 16.97379534608274], [75.6746224259866, 16.96982354540763], [75.67561673158684, 16.96674704726885], [75.66315040048755, 16.96233014715377], [75.64690724560131, 16.95491113709122], [75.64137111466844, 16.9555547609975], [75.6372075270205, 16.96256950773153], [75.63257366312371, 16.97039560929279], [75.62284778887438, 16.9709171014844], [75.61276263700532, 16.97169171141127], [75.6076780253814, 16.98118916263783], [75.60601195393969, 16.99509375993893], [75.60693827317729, 17.00347267205836], [75.58588025786148, 17.00767658875811], [75.56983099280468, 17.00903231556792], [75.56650245565378, 16.9934772007027], [75.56692733460115, 16.97180695917589], [75.56366264831033, 16.96795156810983], [75.55214883183305, 16.96693128014683], [75.53820158135821, 16.96601770673875], [75.5225500455887, 16.96303294249091], [75.50943908694597, 16.95070869685254], [75.5016842932196, 16.94934444876953], [75.48898351752798, 16.94600474752705], [75.48894581735664, 16.94984808182727], [75.48908594436726, 16.95344393074648], [75.48585897037073, 16.96921273341941], [75.48320777393052, 16.97611573822848], [75.47944587528154, 16.97823310629033], [75.4702514771308, 16.97979720373628], [75.46032660377499, 16.98747420308458], [75.43562248245344, 16.97376243137229], [75.41617009045011, 16.972499525323], [75.39217306856868, 16.98040021952436], [75.3809827919725, 16.97624371821335], [75.37978855302113, 16.97587939540495], [75.37265291298773, 16.97363872856901], [75.37192859318729, 16.97339844535148], [75.37000014347706, 16.9727455631717], [75.36843012313959, 16.97203246364653], [75.3673842751161, 16.97110488096266], [75.36697752038128, 16.97048568435114], [75.36056881602352, 16.96569082199222], [75.35871635885549, 16.96315025277085], [75.35424101616718, 16.9600171853014], [75.35345726793724, 16.95979818882505], [75.3472693485684, 16.95800186792596], [75.34528812032103, 16.95739821568477], [75.3445306541465, 16.95720614179672], [75.3434496774865, 16.95696432771402], [75.34269265171442, 16.95677597135433], [75.3419668470783, 16.95655768627267], [75.3363605126417, 16.9560585754288], [75.32947698975063, 16.95615115617243], [75.32300535169432, 16.95657052249362], [75.31867110179395, 16.95686554312963], [75.31333186343154, 16.9568690414317], [75.30815678014154, 16.95668791871595], [75.30369850771065, 16.95669979640744], [75.29880552272881, 16.95656770834604], [75.29394980786272, 16.956688006191], [75.2901866458892, 16.95708587902142], [75.28513143706202, 16.9574616165386], [75.27960401054372, 16.95653620525248], [75.2806457445519, 16.95267506257317], [75.28014988234405, 16.94882772602305], [75.27986017211822, 16.94554497033847], [75.27952473673545, 16.94161723244053], [75.27967351545297, 16.93736599831027], [75.27992188351239, 16.93302404281886], [75.2802545746771, 16.9291380597101], [75.28010306580657, 16.92358726940682], [75.28153572617643, 16.91948532670715], [75.28178027576043, 16.91601642002105], [75.28220534753726, 16.9128742691281], [75.28550766106352, 16.90876366165129], [75.2892700471667, 16.90555512729571], [75.28500971271492, 16.8894469539847], [75.28251158953717, 16.88100588879074], [75.27970510056466, 16.87756242888173], [75.27858546189037, 16.87617816351524], [75.27733290802284, 16.87452582402602], [75.27542434796109, 16.87220655471636], [75.27360285634452, 16.86998920806836], [75.27158029501783, 16.86796765930603], [75.26955149623143, 16.86636134917084], [75.2669742643296, 16.86428239391598], [75.25951274807001, 16.8644970732379], [75.25036648248381, 16.86469038986146], [75.23794393632883, 16.86765396992762], [75.23238006040268, 16.85324383299239], [75.22799262096127, 16.84344692736782], [75.22001761989539, 16.84207392082659], [75.20635768875047, 16.84257460852826], [75.19628930087636, 16.84286184511885], [75.19125637606646, 16.84268601319747], [75.18648392223206, 16.84288775826233], [75.1819821224503, 16.84345070350654], [75.18310429029947, 16.85248026370314], [75.18529278168823, 16.8611208503233], [75.18867324923248, 16.87335545542316], [75.18382395133814, 16.87261505209587], [75.17732756063504, 16.86834700822136], [75.1657970342806, 16.86708783021608], [75.15180891279557, 16.86945879681968], [75.14167640028111, 16.87277322815854], [75.13479597795688, 16.88050710139679], [75.1328271534008, 16.88889932719284], [75.13447182739948, 16.89417037435274], [75.12653636678596, 16.89868564043627], [75.1200375930737, 16.9023820469745], [75.11869961712581, 16.90929964029065], [75.11542182026484, 16.91343371186106], [75.10746501313423, 16.91304596566059], [75.09960651729101, 16.91305212205696], [75.09525461073304, 16.91677760692475], [75.09244197873967, 16.92549568731421], [75.0923710108152, 16.93209011272602], [75.09244564016635, 16.93838627085604], [75.09132963847283, 16.94600112353426], [75.08932979556751, 16.95214394035501], [75.08468259327145, 16.95176423696729], [75.0812350714888, 16.94995920506156], [75.07673045905092, 16.94992510999846], [75.07295172480197, 16.94894728073682], [75.07154307271243, 16.94676617008376], [75.06787171878635, 16.94480794616849], [75.06302079549128, 16.94209917519384], [75.05910346665169, 16.94261987973984], [75.05316855965523, 16.94260029657141], [75.0486966285435, 16.94285428435655], [75.04274301034967, 16.94139884950845], [75.04112333128477, 16.9385022992945], [75.03773505898347, 16.93590347254059], [75.03448559361942, 16.93374688328374], [75.0303211759998, 16.93268518545785], [75.02589044139472, 16.93170845402678], [75.02620876589236, 16.92899675019703], [75.02423759119083, 16.94436582033603], [75.00622237542348, 16.94647521846263], [74.99479434700247, 16.95200438225828], [74.98765314265924, 16.95226707587575], [74.97727394669533, 16.95119183352383], [74.96711020660513, 16.94896863334298], [74.96519535969415, 16.94577861563246], [74.96393318932017, 16.94090490824603], [74.96012692798631, 16.93987998883917], [74.95963731432651, 16.93786992563461], [74.95945836198179, 16.93669625510806], [74.96301639067823, 16.93107665457346], [74.96402034965104, 16.9282517424151], [74.95282575658464, 16.93214089035729], [74.94715841872792, 16.94010687892745], [74.9338347608643, 16.94561893538203], [74.93095166496306, 16.94351378718764], [74.92496857539909, 16.93967644576637], [74.92679023368181, 16.92772455787849], [74.9338870895128, 16.91848475674105], [74.94268419435673, 16.9116201083704], [74.95306806387356, 16.91049671113383], [74.95486944056682, 16.90551695485499], [74.95961676733691, 16.90657267799552], [74.96316303107027, 16.90697439923941], [74.96149764001976, 16.89159539617862], [74.96080656285315, 16.88536638785107], [74.95576097469723, 16.8808105186447], [74.94456686693309, 16.88114327503018], [74.93519891976227, 16.8709640961847], [74.92526040144915, 16.86754378776299], [74.92308396587259, 16.86372201060238], [74.91577764032088, 16.86411338559827], [74.9084796901248, 16.86389377190029], [74.90176425187579, 16.86163014245611], [74.90460901838539, 16.85587237619556], [74.90784475017803, 16.8477332035932], [74.90926871238315, 16.83997382005219], [74.90995532549832, 16.83479407558372], [74.90947129326658, 16.83171479190979], [74.90883765000959, 16.82758438962867], [74.9082159626786, 16.82373790702857], [74.90878436086209, 16.82140162466965], [74.9096452455413, 16.81787347692775], [74.91013250052676, 16.81096029715021], [74.91031934516255, 16.80318261873578], [74.91024673489548, 16.79255967204416], [74.91420154646339, 16.78301601521713], [74.91752296637237, 16.77742330833354], [74.9096923894406, 16.77223788591117], [74.89746329004468, 16.77164183089767], [74.88581279128091, 16.77194365499379], [74.875747094083, 16.77340872246594], [74.86777032804673, 16.76991996531027], [74.86362128567937, 16.76509720076389], [74.85404769462252, 16.76950313939307], [74.84828684530754, 16.76975305309515], [74.84326390671778, 16.76183399979742], [74.83883515068491, 16.76100289221437], [74.83434543649705, 16.76007944551364], [74.82515757145356, 16.75858414158527], [74.81207103394951, 16.75614175284812], [74.79753967163938, 16.75187749398812], [74.79505265640432, 16.7474695522775], [74.78994391957538, 16.74893777498657], [74.78687568387386, 16.75016754682964], [74.7832379976615, 16.7507093015092], [74.7792387959657, 16.75098489745492], [74.77674798223498, 16.75117314783398], [74.7733993109307, 16.75103784028692], [74.77070514203677, 16.74873827258397], [74.76898346315197, 16.74492070874922], [74.76472745312167, 16.74224771756205], [74.75999816906271, 16.74141755336786], [74.75750516865098, 16.73781300877712], [74.75402414268615, 16.73471961954492], [74.75292118081038, 16.73172552047965], [74.74938748465178, 16.73004693362225], [74.7457575517695, 16.72793470869619], [74.74155636039507, 16.72523768432217], [74.73818141152908, 16.72389066273042], [74.73331303147067, 16.72030371744907], [74.73018782123346, 16.71956073866641], [74.7262893220208, 16.71693556356469], [74.72114373022411, 16.71705541977205], [74.71041908392064, 16.71577752298316], [74.70517944316198, 16.71537842359483], [74.70026825118069, 16.71570852616885], [74.69341830435553, 16.71616994719521], [74.68908082326067, 16.71537874049869], [74.6884897725134, 16.71128679122191], [74.68840366853092, 16.7091121230039], [74.68860143798825, 16.70829013519247], [74.68830297674347, 16.7055232660836], [74.68871939446228, 16.70187831253411], [74.68922317192992, 16.69857475741716], [74.68957421686522, 16.69377991729788], [74.68910681356238, 16.68996935662285], [74.6862164854601, 16.68646934709101], [74.68125093965611, 16.6848452052097], [74.68140779327986, 16.68144477553558], [74.68877165528747, 16.67987349497152], [74.68887985297495, 16.67667027830553], [74.68592209679622, 16.67557867998254], [74.6819813695406, 16.67416728902548], [74.67902668517489, 16.67156543805578], [74.67951688063101, 16.66771518561067], [74.67593838122524, 16.6660138434174], [74.67191084661172, 16.66589797178837], [74.66504490801451, 16.66481035589177], [74.6614793618208, 16.65499766208092], [74.6574139731496, 16.64338108328078], [74.65267142510848, 16.63862004803973], [74.65399658499533, 16.63514309292115], [74.66263512875139, 16.63028378869859], [74.67167950305526, 16.62552443970899], [74.67543992353366, 16.62214574188155], [74.67928892508236, 16.62006027663983], [74.68582389865622, 16.61797593866553], [74.68747795976158, 16.61018498326102], [74.68595336727309, 16.6088011572041], [74.6837540555989, 16.60933335758894], [74.68029908175771, 16.61018854991366], [74.67819954152552, 16.61189763801773], [74.67286067858556, 16.61192320383318], [74.66396126270294, 16.6065902572273], [74.6488289783495, 16.61049858769555], [74.63321749110386, 16.60684859087008], [74.63314463217112, 16.58802522181507], [74.63483087978604, 16.58376215324696], [74.63480561568079, 16.58360913088964], [74.63166225212575, 16.58190904042345], [74.63084288532755, 16.58061823128178], [74.63043931291647, 16.57996504635192], [74.62975275088112, 16.57898312127565], [74.62733172747589, 16.57866556197995], [74.62257749533842, 16.58016435665904], [74.6178424152489, 16.58387814387487], [74.61422260958717, 16.57419259092793], [74.61066220265637, 16.57151063610163], [74.60393528599799, 16.5691756657415], [74.59912088411372, 16.56460974558042], [74.5891099034298, 16.56615721052549], [74.58637991523726, 16.56524073344858], [74.5842717444521, 16.56144147455817], [74.58341918458947, 16.55818325170383], [74.58087709452674, 16.56002762615914], [74.57539560493039, 16.56017156912149], [74.57243995809637, 16.55741209685345], [74.57259554709387, 16.5550082529704], [74.56993106586948, 16.55603826852168], [74.56600267274509, 16.55888690520865], [74.5576914778006, 16.56396810011724], [74.55576419407316, 16.57133581420537], [74.56506699927513, 16.5801712032516], [74.56332517747062, 16.58867242866981], [74.55131155339035, 16.59571750266744], [74.54484116073996, 16.59541314855801], [74.54452764985022, 16.59664762290322], [74.54440251124257, 16.60001940889128], [74.54426312460271, 16.60376451825863], [74.54402571597933, 16.60773077591746], [74.54383598600035, 16.61178237830156], [74.54370028316032, 16.61447102738164], [74.54381424980919, 16.61866816286485], [74.54326298272045, 16.62427081312418], [74.54368218092037, 16.62776612590953], [74.54479431822084, 16.63042452956236], [74.54458774144727, 16.63463027301778], [74.54011360664002, 16.6353755882786], [74.53489398125244, 16.63487590864025], [74.53052761788696, 16.63429303197588], [74.52388565901829, 16.63364107170182], [74.51851581647936, 16.63357250016188], [74.5153524134172, 16.63362902881111], [74.50862096218883, 16.633785019482], [74.50169557584903, 16.63356173311698], [74.4975839370921, 16.63182552815215], [74.49474388180376, 16.63039178899365], [74.47858339471723, 16.6427817300263], [74.47395264490167, 16.65929240935984], [74.46834120037217, 16.66421438065504], [74.45611242848395, 16.65575492088375], [74.45825664179047, 16.64935530577878], [74.45639864976374, 16.64366095865921], [74.45795897681222, 16.63758270727106], [74.45982751538757, 16.63252111913225], [74.46576678151263, 16.62395425887488], [74.46446994179627, 16.61345657199609], [74.46549070669612, 16.60525672978597], [74.45264461696377, 16.60406412668114], [74.43517170398214, 16.60092125705561], [74.42571003203938, 16.59236843696254], [74.41463254490326, 16.58549583135193], [74.40599010125788, 16.58407048000905], [74.4004681001945, 16.58320574427845], [74.39583943223566, 16.58008811722394], [74.39502146818165, 16.57434990145872], [74.39400415630976, 16.57149280128333], [74.39186423940038, 16.56888577498719], [74.39116030978623, 16.56536557069519], [74.39168555519394, 16.56454808174525], [74.38737306609157, 16.55985690855182], [74.38888037038394, 16.55237992345713], [74.38786103293518, 16.54578570957387], [74.38756147083893, 16.54025898282149], [74.3870152907308, 16.53577726950069], [74.38099702202497, 16.52919220263473], [74.37458184091021, 16.53108666855334], [74.36820320141365, 16.53658891667542], [74.36240905766425, 16.53907769763966], [74.35823784428251, 16.5391529761997], [74.35873284116387, 16.54028594557675], [74.35846780558921, 16.54186169985395], [74.35799284319802, 16.54347078140727], [74.35784722449003, 16.54499422952221], [74.35802770844785, 16.54648721301856], [74.35658926702637, 16.55009830768836], [74.35791671097341, 16.55286445954325], [74.35820023222904, 16.55415975535949], [74.35933892742102, 16.55663491851181], [74.35346552195583, 16.55933407569466], [74.35005984830342, 16.55686274779048], [74.34354873934916, 16.55202156119711], [74.33609492303286, 16.54899187877432], [74.32606057465091, 16.55667161878659], [74.31672952089497, 16.55528288590863], [74.31644924061516, 16.54770946889228], [74.31639827601064, 16.54049463955327], [74.31606349432184, 16.52859368652351], [74.31555094073339, 16.51377260110946], [74.31561419423916, 16.50427043399656], [74.30651354330803, 16.50477310864892], [74.30446145280945, 16.51303381602819], [74.3024187328644, 16.5260024009364], [74.29478616223078, 16.53203456173525], [74.28635065202081, 16.52658107594781], [74.28079714828503, 16.53231441700252], [74.28100492806772, 16.53874257625062], [74.28012481847591, 16.54193241444904], [74.2784788828879, 16.54408360196856], [74.27544602089678, 16.54601015547145], [74.27379134717725, 16.54756642304727], [74.27161755201445, 16.54810053335247], [74.2648626023652, 16.53841707158118], [74.2678972884879, 16.52755235051452], [74.2749738898028, 16.52097551287209], [74.27832865848858, 16.51282324226387], [74.27824988072983, 16.50693346111285], [74.27523031025797, 16.50421271700926], [74.2673312604949, 16.50160605674153], [74.25994120928647, 16.50072074107487], [74.2540717844704, 16.50066152431817], [74.24855966112636, 16.49838506989128], [74.25701268573619, 16.48883507558889], [74.2609209100467, 16.4799048674583], [74.26938232585441, 16.48292534623156], [74.27467119999048, 16.48596880496353], [74.27414764762617, 16.49353995370133], [74.27796062581832, 16.49973632308325], [74.27927002668494, 16.50474838529874], [74.28530169365297, 16.50501958852163], [74.29138606670855, 16.50430634225549], [74.29178690905147, 16.50043449437769], [74.29180147064554, 16.49682863396835], [74.29202920540467, 16.49272607964382], [74.29190329347189, 16.48933812781822], [74.29186027738645, 16.48469900355967], [74.29026743295512, 16.48132123209903], [74.28821832136083, 16.47660583389045], [74.28830509326907, 16.47062610967696], [74.28993782031209, 16.46304041317997], [74.29198758125726, 16.46146092739927], [74.29768703118027, 16.46319604236612], [74.30792223959152, 16.45441834169186], [74.31584437407793, 16.45353381045037], [74.32335931799197, 16.45537309665887], [74.32862569762166, 16.45508484851734], [74.33107663764811, 16.45571572093464], [74.33083550676382, 16.45001701258933], [74.33565096396802, 16.4456013794891], [74.33321595486619, 16.44049852338343], [74.33241787219801, 16.43760836543589], [74.33284681861649, 16.43440778974762], [74.3347230801914, 16.43250671368023], [74.33596382021422, 16.43111616634497], [74.33671193808841, 16.42833661710126], [74.3315569844673, 16.42486276268851], [74.32945909037063, 16.41980967022918], [74.32921351810887, 16.41786952482808], [74.3318560146439, 16.41294173955238], [74.33339498242759, 16.40914468800187], [74.33481428325989, 16.40432212526509], [74.34108040388233, 16.40274182289611], [74.35236391701771, 16.40629948879645], [74.36280043830678, 16.40540884473651], [74.36271784150142, 16.39968026309115], [74.36296895009131, 16.39753557704629], [74.36226398605667, 16.39439909806501], [74.3614448517358, 16.39307195887264], [74.35882230222005, 16.39144866087374], [74.35764284506884, 16.38972073659821], [74.35773269515327, 16.38743934414196], [74.35699478532396, 16.38583509891569], [74.35528236189809, 16.38170653965987], [74.35299034358336, 16.37509721939481], [74.35372149387166, 16.36628735643954], [74.346164866252, 16.37224336650579], [74.34584526183505, 16.37686687073484], [74.34395877194093, 16.38057939821252], [74.34227927808759, 16.38294553249452], [74.34173718615045, 16.38428034759033], [74.34187291389419, 16.38591939951914], [74.34108488114288, 16.38833744520146], [74.3404733501026, 16.38981820436353], [74.33777021625475, 16.39183442017692], [74.33616936292681, 16.39421793021593], [74.33275103482175, 16.39335036485049], [74.32747788822516, 16.39073378357996], [74.32821022193647, 16.38788514569731], [74.32514573211874, 16.37868994673055], [74.31984461005867, 16.36804030414352], [74.32730182246216, 16.34222908002585], [74.31707217006252, 16.34186411780529], [74.3174136816853, 16.32867876698791], [74.33199955679567, 16.3212543978916], [74.33073933732275, 16.31916555357362], [74.32509430843257, 16.31646220717104], [74.32339393171048, 16.3159853477368], [74.32350134360432, 16.31258270654812], [74.33146156076126, 16.31374625573865], [74.33393221798421, 16.30858553890577], [74.33517306033013, 16.30683306868561], [74.34047425066115, 16.29768881707506], [74.34209543783413, 16.2932178042096], [74.33949777650372, 16.29263955217829], [74.33674900119578, 16.29079500401755], [74.33602932955624, 16.2898635101934], [74.33244365085164, 16.29128560190784], [74.32791633953502, 16.29206109926424], [74.32482950945611, 16.28540277595575], [74.32158326298503, 16.28311293952619], [74.3227782114683, 16.28027793116204], [74.3245291052512, 16.27597986546711], [74.33098356023625, 16.267932308189], [74.33354519284288, 16.27554730646148], [74.33983468004497, 16.27191745553275], [74.34341372651774, 16.27406876632206], [74.34370175176203, 16.27790789214538], [74.3464308877555, 16.27729525091818], [74.3506971663829, 16.27817684561785], [74.34922062534022, 16.28582802209997], [74.34401270767742, 16.29117038003355], [74.34951132222166, 16.29220782580832], [74.3547632751116, 16.29258264901243], [74.35896748550505, 16.29141431078009], [74.36251308566483, 16.2921376774902], [74.36664446379955, 16.2931328180858], [74.37243809337771, 16.29679383649542], [74.37976449363954, 16.2934003294699], [74.3833142730343, 16.29169983671878], [74.3837921948725, 16.28480295462128], [74.38480576611998, 16.27933087115185], [74.39186943544465, 16.27902622428003], [74.39912940759383, 16.28067298003451], [74.40451894658752, 16.28225601524866], [74.41362158367224, 16.2831989937574], [74.4155007324033, 16.28040591162945], [74.41525949791354, 16.27376549914743], [74.41630736569718, 16.26791026353725], [74.41702783647439, 16.26037305866985], [74.42718183372178, 16.25744420352136], [74.43266262830019, 16.25720518628856], [74.4365689489657, 16.25394724571531], [74.44283662559427, 16.25141624786155], [74.45194267928085, 16.25273755423664], [74.45488922674562, 16.25185870349783], [74.45603432696502, 16.24442729953389], [74.46298601886338, 16.24155032602814], [74.4683956216615, 16.23981515267789], [74.47697018122783, 16.24931307875202], [74.48234714408078, 16.24567710677589], [74.49175339832728, 16.23404781856008], [74.4976670318936, 16.23152697327729], [74.50210278198472, 16.22168258584026], [74.49696572012624, 16.21817680756121], [74.49828486577447, 16.20856318376061], [74.50346408357416, 16.20330438220564], [74.50649442924515, 16.20228718387546], [74.5064451129151, 16.20171610478732], [74.5059645089398, 16.19992896467365], [74.50741440431466, 16.19470839930482], [74.50666828077586, 16.1921717033184], [74.50514052969129, 16.18951494439001], [74.50182740370141, 16.18794988272519], [74.49560488209336, 16.18717011108916], [74.49229673998474, 16.18351094367231], [74.49037824455526, 16.1797113461457], [74.48926867196167, 16.17593080457973], [74.4896260768776, 16.17029358114799], [74.4896290787514, 16.16239841045833], [74.48531950582631, 16.15387770635984], [74.48087354465957, 16.14513531640732], [74.48549124357686, 16.13511402241176], [74.48763263690854, 16.12890631437235], [74.48795499897733, 16.12448973568129], [74.48990130139666, 16.11843321521069], [74.4911822550023, 16.10788025845559], [74.48987523593729, 16.10229800342622], [74.4859327171008, 16.1003523885964], [74.48445372180386, 16.09595041775741], [74.48400342465027, 16.09085851924458], [74.47659263179169, 16.09008715695023], [74.4721222661781, 16.09312296848654], [74.46732789607013, 16.09595503078458], [74.45074891464212, 16.10438013285066], [74.44134172142788, 16.10639057169146], [74.43151225396383, 16.11054436380977], [74.42426657572278, 16.11075488764645], [74.41704958341083, 16.1065343618521], [74.41402675177797, 16.1044394430568], [74.41160584918369, 16.10322966873552], [74.41072253090161, 16.10263989830728], [74.40958260899892, 16.10150025225395], [74.4093375350948, 16.09757311955816], [74.40805872855303, 16.09495984447608], [74.40290327411648, 16.09272535290123], [74.39541729755159, 16.09127917863534], [74.39013304355005, 16.08967323924349], [74.38986867883932, 16.08893048463989], [74.38942818164486, 16.08813084052002], [74.38964737830963, 16.08677356819333], [74.39068844940248, 16.08556392861976], [74.39090089244718, 16.08404807423186], [74.39116600693909, 16.08290058727372], [74.39173593479197, 16.08210080088159], [74.39181087084333, 16.08134444766088], [74.38745915406828, 16.08156815203076], [74.3836868708992, 16.08244618789099], [74.37883436574714, 16.07899474064615], [74.36077065398047, 16.05423925555979], [74.3745840757119, 16.05468817844505], [74.37793817834036, 16.05276076701142], [74.40623725009897, 16.05174312715876], [74.42254034898369, 16.0554089756111], [74.43178487302495, 16.05855069738044], [74.43505755957402, 16.05726761644296], [74.44312499861094, 16.05234824667853], [74.45442971102176, 16.04988207502825], [74.46128040901365, 16.04825836573519], [74.45713159532978, 16.02603011317438], [74.45267726125881, 16.01544162907106], [74.45035807274375, 16.01045719214995], [74.4471265881802, 16.00520555440462], [74.44681500968687, 16.00359126273505], [74.44543540494057, 16.00384781012069], [74.44501059926843, 16.00251737966018], [74.44591103447812, 15.99799307604976], [74.4452581343045, 15.99528034585102], [74.44281347941624, 15.99080839313789], [74.44387800090566, 15.98637215247838], [74.441772958225, 15.9833401098326], [74.43925152963301, 15.98055182352593], [74.43871785573836, 15.97924145123084], [74.43880905518701, 15.97546037182142], [74.43772578720187, 15.97276669458756], [74.4339098512962, 15.96370004487608], [74.43088201772491, 15.95820475943626], [74.42888517124211, 15.95385021203972], [74.42563432756401, 15.94893999023751], [74.42063509875798, 15.94322386255144], [74.41660054648683, 15.93842833535967], [74.40751518212329, 15.93017899335999], [74.39579325051959, 15.91475637544041], [74.38638343361448, 15.90359210937913], [74.3941195992842, 15.89949369568049], [74.3955243520085, 15.89118193543126], [74.39612147110992, 15.88679938167567], [74.39685214211673, 15.88071955086314], [74.39289337847877, 15.8790282191283], [74.39348168547798, 15.87754486233281], [74.39425726780462, 15.87648844849764], [74.3953717558492, 15.87436024863337], [74.3967990141527, 15.87176541541822], [74.39845057319944, 15.86985515984639], [74.40036834516413, 15.86731539463096], [74.40362941654811, 15.86554421196695], [74.40521460140442, 15.86406990251475], [74.40615222906479, 15.86419171043794], [74.4060958204456, 15.86217430563206], [74.40642895565398, 15.86141916814107], [74.40614239325295, 15.85889486203715], [74.40617158275789, 15.85546701510541], [74.4012588173453, 15.85344961278791], [74.40184241582669, 15.85239930445385], [74.39773847854102, 15.85090014635779], [74.39654482116563, 15.85122762758868], [74.3939735534444, 15.85304060794832], [74.3918309941964, 15.85303504685772], [74.39114297546784, 15.85482127750326], [74.38842378856317, 15.85418413273603], [74.38720343617607, 15.85683001412361], [74.38220155271443, 15.86477595624076], [74.38096026628799, 15.87025132622421], [74.3799111530765, 15.87611856296309], [74.3737796286881, 15.88604943798089], [74.36472861488785, 15.88237911230091], [74.36292688274284, 15.87597941804259], [74.35454489898987, 15.86996739323182], [74.35072263313772, 15.86589611130825], [74.34644380654719, 15.86314012382728], [74.34573833326185, 15.86177156701883], [74.34635537784038, 15.86081555558807], [74.34570991024732, 15.85963798034841], [74.34362561699949, 15.85767622230414], [74.34103470299027, 15.85309657696026], [74.35424744113674, 15.85044380026734], [74.36259445518132, 15.85071923555981], [74.37127672016344, 15.85087531241981], [74.38019307713716, 15.84964281823274], [74.38332601052345, 15.84538946207172], [74.38402767892177, 15.84054033816322], [74.3814845487819, 15.83776489943033], [74.3803362468205, 15.83522616098714], [74.37931694064433, 15.83729322110072], [74.37795085788956, 15.83483395727832], [74.37689459513179, 15.83268346306207], [74.37554296994696, 15.83198417723321], [74.37236757151567, 15.83161579558478], [74.37128183356934, 15.8304371293816], [74.36768868901994, 15.82666552839029], [74.3653499642959, 15.82198850424495], [74.36500132467656, 15.81907837485377], [74.36371251428885, 15.81863740822127], [74.36176514679812, 15.81836163757775], [74.36076448154547, 15.81748309556363], [74.36138970370588, 15.81516813724365], [74.3657554304864, 15.81329206710084], [74.3700211051506, 15.81185356184233], [74.37034813618304, 15.8087087045326], [74.36939681859704, 15.80736376257094], [74.36938004640952, 15.80501300010254], [74.37078692813884, 15.80386055633483], [74.37101460802745, 15.80175205757177], [74.37159121500896, 15.80045554579443], [74.37106402240526, 15.79944148113612], [74.37139392267441, 15.79842232384306], [74.37173629602616, 15.79694379768942], [74.3711291902993, 15.79581330413485], [74.37017385660461, 15.79367851931348], [74.36953517087068, 15.79053857699254], [74.36924654051575, 15.78902244350573], [74.36821839504411, 15.7876446297043], [74.3680217604338, 15.78591104777372], [74.36546431257683, 15.78449290246349], [74.36420886613405, 15.78344321562358], [74.36304430851544, 15.78205742703452], [74.36184185363777, 15.78043222054941], [74.36102108636403, 15.77930797414457], [74.35978984190268, 15.77716327724987], [74.35886191526977, 15.775095669456], [74.35650384513562, 15.77262758741227], [74.35389983366294, 15.77205757230783], [74.35246216997533, 15.77081979924845], [74.35021888539028, 15.76959658055742], [74.34858129506685, 15.76742457029019], [74.34714786544592, 15.76627646610697], [74.34413595292635, 15.76530293105388], [74.33849746179195, 15.76641451338719], [74.33305580778473, 15.76863338260813], [74.32744709426562, 15.77062704697112], [74.3238608518537, 15.77242374048587], [74.31886886514141, 15.76512751168391], [74.31826359241482, 15.75807949679449], [74.31450701547026, 15.75673676836559], [74.30992080555438, 15.75395599891785], [74.31000310408642, 15.7525678155237], [74.30911566171581, 15.7498665525451], [74.29925598399413, 15.74659664845748], [74.29011252117476, 15.74228656540537], [74.28364507516022, 15.74354956845489], [74.2779701601124, 15.7472539913538], [74.26764380688381, 15.75323872347096], [74.26183827967469, 15.75035700286464], [74.2569946632352, 15.74679561354491], [74.24963364584623, 15.74444459356042], [74.23593863032237, 15.74586353374853], [74.22801248975289, 15.75616822657869], [74.22984035728666, 15.77224772657675], [74.22888973502434, 15.78915104715245], [74.2132235058709, 15.78054123713084], [74.20441875577725, 15.76171923396356], [74.18946076400344, 15.75285151976563], [74.16151485321693, 15.7501243839312], [74.15161074306631, 15.7419731422855], [74.13871389704447, 15.73095997318677], [74.12748330878793, 15.71169614071311], [74.13337466292944, 15.70253493534954], [74.12832903477165, 15.68500941162991], [74.09240459570916, 15.67554501311939], [74.1173486268376, 15.65327175626838], [74.131680903266, 15.64985340282116], [74.16362535606817, 15.6548278207158], [74.16740739558973, 15.67037936540765], [74.1677476311895, 15.6719417471586], [74.17246105430328, 15.67357360300103], [74.1770068833465, 15.67924021457879], [74.18511478611286, 15.68126173767333], [74.18909478936447, 15.67875154042099], [74.20463250256111, 15.66312679270009], [74.2232748728965, 15.65724463397433], [74.21801819496899, 15.66431634846358], [74.22254396839311, 15.66785207667697], [74.22595635911064, 15.66581309951538], [74.23177836357819, 15.66736322037566], [74.23834119844574, 15.66246463364717], [74.24544933012368, 15.62721891668093], [74.26198700033288, 15.61778528976933], [74.25924302104946, 15.60092520249139], [74.24869424666117, 15.57880814669468], [74.25798296216188, 15.56010108740174], [74.26427692831463, 15.55786846859018], [74.28072432857867, 15.5354569596581], [74.28184275457238, 15.52939786169071], [74.27829495798595, 15.52202008696091], [74.26884386227898, 15.51101141558787], [74.25702620391668, 15.48271159070592], [74.27525118025723, 15.4437704770656], [74.27226553951056, 15.41530555577575], [74.29776080151181, 15.38329449139234], [74.30847040227687, 15.37087813669142], [74.31810660456496, 15.3567379705291], [74.31718955624684, 15.33161634170908], [74.3238924512163, 15.31023532536733], [74.33533442010396, 15.29574933562424], [74.32689186410146, 15.28451302115004], [74.31968594218472, 15.28438038849454], [74.30845530076866, 15.28341503625005], [74.29424533383808, 15.28906051179474], [74.2871754728186, 15.28379925143525], [74.2769679147805, 15.28314307771047], [74.27051002502824, 15.27735734093191], [74.26407097934079, 15.26632832971183], [74.25061259109243, 15.25937427917391], [74.25499234220747, 15.2481546792473], [74.28677048862188, 15.23272988182431], [74.30999065483188, 15.20547546939485], [74.30548046589698, 15.16395779928078], [74.28761992991524, 15.14988326734431], [74.28595701353161, 15.1368759531341], [74.28597853705782, 15.12380908763868], [74.28258325982925, 15.10688499117155], [74.27521699101956, 15.09601196132911], [74.27760271743347, 15.0836149749086], [74.28236908188401, 15.06908541838089], [74.28439269793526, 15.06699044637518], [74.28800735334352, 15.06695950628506], [74.28910291720655, 15.0660379802006], [74.28558579457699, 15.06558309557105], [74.28675946273124, 15.06462034957063], [74.29012743399187, 15.0564120072899], [74.29467239484593, 15.04481845663212], [74.28667329357422, 15.03400585054916], [74.27114837214273, 15.00593284031121], [74.26127067699544, 14.99706773119667], [74.26061258811922, 14.98322417242398], [74.25394473373983, 14.96614961556531], [74.2507128615003, 14.9603841939924], [74.24745270855007, 14.96208139723283], [74.24486141963538, 14.96260818052879], [74.24150868832896, 14.96487958087364], [74.23515441922011, 14.96265274370699], [74.23060002681042, 14.94981207164319], [74.22562770736252, 14.95028966832226], [74.22114239206432, 14.94812002282911], [74.21639856692585, 14.94822297650929], [74.20754184839912, 14.93526349332415], [74.19697763799383, 14.92982636727835], [74.19583771442063, 14.94089926008457], [74.18686951124108, 14.94678305617657], [74.17702148434779, 14.95851746978845], [74.17653590576035, 14.95852497090226], [74.17595804556173, 14.95879124251231], [74.17552025575023, 14.95885093444399], [74.17505975116794, 14.9592493828794], [74.17444073095933, 14.95870715149574], [74.17360862275824, 14.95864500118961], [74.17314732444936, 14.9585378272325], [74.17318079368899, 14.95796746773779], [74.17266779565071, 14.95782677626572], [74.17189064007015, 14.95818369231614], [74.17120230740301, 14.95844448648473], [74.17053072731582, 14.95801532003132], [74.16941457705005, 14.9584433280936], [74.16828699806572, 14.95885919726079], [74.16677574493791, 14.95871901327938], [74.16594712253193, 14.95888668440724], [74.16512509088975, 14.95875662298032], [74.16448614905295, 14.95869907570351], [74.16412345951862, 14.95869482171446], [74.16327858462863, 14.95819844446831], [74.16248045944889, 14.95731853504081], [74.16186267370898, 14.95705859627433], [74.16145236675914, 14.95622832300192], [74.16114438818659, 14.95574676769836], [74.16057053669242, 14.9563690144425], [74.15970437017984, 14.9562717069606], [74.15957901719362, 14.95501555186817], [74.15931660655473, 14.95417693724464], [74.158303875063, 14.95317223232538], [74.15873737322784, 14.95234113949844], [74.15816775248767, 14.9514695416593], [74.1584484926758, 14.94995895981167], [74.15860524091588, 14.94922446539888], [74.15808484340785, 14.94911874324854], [74.15774902555523, 14.94868380942758], [74.15750506056501, 14.94814560894246], [74.15704162706551, 14.94762597034932], [74.156228840422, 14.94717792023156], [74.1556553296429, 14.94693519982826], [74.15526647571915, 14.94661559953618], [74.15485599550303, 14.94565302955964], [74.15521196859545, 14.94528776443913], [74.15498113833357, 14.9444906872679], [74.15489738673386, 14.94389795556224], [74.15442584964391, 14.94383612496867], [74.15440542666396, 14.94291687795993], [74.15517605934744, 14.9424989465621], [74.15545579815394, 14.94213697795634], [74.15509552038044, 14.94129015395516], [74.15433554038239, 14.94077595123098], [74.15397621208689, 14.9401105043508], [74.15436193929604, 14.93941055005684], [74.15509228094867, 14.93949066311215], [74.15536878256616, 14.93929643729354], [74.15577988444632, 14.93876439587177], [74.15643023770139, 14.93683168274247], [74.1571754274355, 14.9341284908665], [74.15832015462229, 14.93195056124349], [74.1591404857212, 14.92962142761178], [74.15950275007131, 14.92793122953111], [74.16060567594933, 14.92744420939883], [74.16186927744215, 14.92607932988343], [74.1632913111983, 14.92484661468865], [74.16358947622734, 14.92203610669499], [74.16512541051337, 14.9197044669349], [74.16516540620304, 14.91817607628684], [74.16029092795857, 14.91319444427482], [74.14645696951892, 14.9184252357312], [74.13480840339837, 14.92151742432842], [74.12387167989681, 14.92430270905283], [74.118770039984, 14.91719072231671], [74.1089004884633, 14.91532769449362], [74.10419027082948, 14.91411530070611], [74.10106929860441, 14.91548669803596], [74.09751117129048, 14.91314384005067], [74.09421165051504, 14.91043451991416], [74.09313492833664, 14.90824867903145], [74.09133362874222, 14.90488413051446], [74.08972796600098, 14.90309093908597], [74.08681105972153, 14.90189959993542], [74.0868241665082, 14.89905101891071], [74.09093757883419, 14.90012101152447], [74.09501193616771, 14.89890155505398], [74.09822015988563, 14.89712870057643], [74.09868610068713, 14.89567819150193], [74.10034497836816, 14.89225921408203], [74.10076918689792, 14.89078930449468], [74.10078835426324, 14.89006106710555], [74.10088793119125, 14.88935677557229], [74.10108164038347, 14.88840646112931], [74.10106824077756, 14.8874737126074], [74.10097323888866, 14.88664589903274], [74.10128600487857, 14.88595374496239], [74.10110145317343, 14.88502224919973], [74.10048918520317, 14.88427494111773], [74.10026458726763, 14.88353066699729], [74.10008165183702, 14.88284646111511], [74.09980539839161, 14.88205506272225], [74.09969396877435, 14.88129738695348], [74.09983704346705, 14.88075741615774], [74.1002827060674, 14.88008834360055], [74.10086341020796, 14.87954299579903], [74.101505627049, 14.87903490390237], [74.10223301485227, 14.8783932014467], [74.10301704289877, 14.87756684528996], [74.10365986484776, 14.87686573379963], [74.1041136988677, 14.8759279064185], [74.10466131423576, 14.8751055701021], [74.10506771875954, 14.87438787702627], [74.10514112500718, 14.87404211352267], [74.1052747006375, 14.87370546582622], [74.10538456641711, 14.87342927434483], [74.10549568615633, 14.87314826554647], [74.10564190092508, 14.87287034150554], [74.10579156059197, 14.8726035829644], [74.10596683849107, 14.87229007329806], [74.10617061739642, 14.87192470681119], [74.10630752408005, 14.87167884832871], [74.10646972194687, 14.87138706820667], [74.10669735157273, 14.87127309004945], [74.10700436497879, 14.87119963299663], [74.10738946459821, 14.8706272617626], [74.10774870938288, 14.8697523065035], [74.10785555709937, 14.86873590667444], [74.10804378983595, 14.86795934671804], [74.10827818085198, 14.86701912613556], [74.10828906703325, 14.86588767395137], [74.10839917220753, 14.86543974131419], [74.10916771917502, 14.86455151662177], [74.10947868134058, 14.86346813565702], [74.11064664198938, 14.86072635403572], [74.11099399932955, 14.85811536755013], [74.1112219110827, 14.85410970188363], [74.1236671371676, 14.84162117709557], [74.12465425424485, 14.83474648360751], [74.12734963624222, 14.82155537704461], [74.12769449215531, 14.81262785150225], [74.1221202651325, 14.80388950493425], [74.11684432692324, 14.80146802337005], [74.10741996956023, 14.80607539116524], [74.09686086416022, 14.80922089259002], [74.099256849021, 14.79902894378558], [74.107633736157, 14.79275055864774], [74.11237956026511, 14.78557303155667], [74.11558031908855, 14.789047443882], [74.1213880289624, 14.78364882670929], [74.12289835403166, 14.78036500299232], [74.12483843116506, 14.77908711803789], [74.12904058695061, 14.78083408759445], [74.13038428077316, 14.78068137257269], [74.13405075335092, 14.77875900005295], [74.14304774908815, 14.77999455109649], [74.14462127238258, 14.77646896253919], [74.1472686846944, 14.77342599151185], [74.1569108564955, 14.76241578614556], [74.15171329073112, 14.75344295764661], [74.15607718286745, 14.74464203757435], [74.15837136230915, 14.75350291200181], [74.1631386267014, 14.75512811270321], [74.16792777817055, 14.75501715482196], [74.17091193375121, 14.75222395242648], [74.17979369226163, 14.75073300703656], [74.1815617972761, 14.74892825660305], [74.1861030036001, 14.74420793226996], [74.1919793900481, 14.73652346609724], [74.20551353962803, 14.72715141722135], [74.20329448478658, 14.73004038670935], [74.21122714528654, 14.73283650349427], [74.22729097665007, 14.74338631409935], [74.2276503339522, 14.74585670645034], [74.23745576941205, 14.74816556569372], [74.24275314672936, 14.74511042635815], [74.24848914243563, 14.74059099742258], [74.25081366075388, 14.73659397971115], [74.25166181104584, 14.73491397880164], [74.25858905656119, 14.72594374689148], [74.26329848949867, 14.71880571914012], [74.26317638068936, 14.71172202292226], [74.26371888842534, 14.71038240570822], [74.26124276084501, 14.7091599759802], [74.25955027267487, 14.70828918774189], [74.2573357740143, 14.70722756014308], [74.25951675605539, 14.70679446711105], [74.26199054429803, 14.70678761255586], [74.26544727309845, 14.70572691043132], [74.26857397755492, 14.70350580355393], [74.26983662965846, 14.70149679729751], [74.27103856060198, 14.69878496908372], [74.27290364680846, 14.69532748928487], [74.27585874982695, 14.69021767652352], [74.27957207916836, 14.6829750706116], [74.28196085891555, 14.67732244056517], [74.28174314672748, 14.67261673831089], [74.27983486232014, 14.67070286108039], [74.27763138976111, 14.66927156514653], [74.27667903325042, 14.66653053784989], [74.27923520093837, 14.66276344668577], [74.27957721990765, 14.66032691277228], [74.28215569646855, 14.65251115071629], [74.28159155727775, 14.64956448059739], [74.28297033791009, 14.64814597348018], [74.28356876481557, 14.64707328223434], [74.28403513998839, 14.64726368920866], [74.28456506082786, 14.64733877976515], [74.28510592788427, 14.64601254707845], [74.28441111265016, 14.64522042715228], [74.28542524163169, 14.63801564466824], [74.28506706337208, 14.63486764725728], [74.28466169288484, 14.63221359086691], [74.28287333531192, 14.62977209759476], [74.28214571319029, 14.62804295510023], [74.28015587456655, 14.62644849445747], [74.27797527551402, 14.62658154443147], [74.27077094371899, 14.62767983658793], [74.2768221472123, 14.62289031687473], [74.27897699696047, 14.61692915724649], [74.29016229733725, 14.60441053241871], [74.29345035760474, 14.60161208547025], [74.29473541542814, 14.60168927456029], [74.29490932301533, 14.59953308658851], [74.29445484379781, 14.59310739961624], [74.29759963850819, 14.58478144012114], [74.30133116360885, 14.57675085307064], [74.30418514134031, 14.57032549413334], [74.30738663834072, 14.56211717380146], [74.30848261915044, 14.55813600481313], [74.30987647898826, 14.5545015181098], [74.312079480354, 14.55042593314183], [74.31378573335097, 14.54608307456362], [74.31495128320869, 14.54246921516479], [74.31477640493699, 14.5421322864992], [74.31382680247434, 14.53989620293448], [74.31188459217331, 14.53563853644697], [74.31448562501528, 14.53147065229119], [74.31601688395014, 14.53138489869312], [74.31611361618299, 14.52854407099125], [74.31566312605848, 14.52595375706322], [74.31366821068619, 14.52395416628294], [74.31592962172071, 14.52021412812175], [74.3228096939212, 14.51971679695005], [74.32828409601706, 14.51677836026521], [74.33896450907856, 14.51629629823954], [74.34892609018347, 14.51181816029854], [74.35389519990017, 14.50691447232601], [74.35876118889318, 14.5024581512543], [74.36062781201389, 14.49982165995779], [74.35999752238416, 14.496681867886], [74.3623715075817, 14.49122053883771], [74.3637101124221, 14.48820994009528], [74.36433180893543, 14.48698463672117], [74.36507465091708, 14.48456715189117], [74.36574642673901, 14.48091020306552], [74.3668145581479, 14.47923396593884], [74.36730899060122, 14.4780737466542], [74.36781954929457, 14.47648413272749], [74.3682509721744, 14.47472860656202], [74.36860833501149, 14.47345236810367], [74.3693693892947, 14.47182323808943], [74.36996427473491, 14.47002804414717], [74.3735047445785, 14.4680530557251], [74.37519354163459, 14.46343051963265], [74.37609124622622, 14.46075147766853], [74.3751801299843, 14.45892671764755], [74.37579545574081, 14.45718640109406], [74.37672222770371, 14.45511993235472], [74.37716713424366, 14.45377136277846], [74.377981283495, 14.45091602826189], [74.37880836019929, 14.44879674333311], [74.3794237984984, 14.44695573492369], [74.380142947067, 14.44484708744129], [74.38069637629278, 14.44278319669163], [74.38117319262197, 14.44110336554295], [74.38170006600802, 14.43943706688252], [74.38160877421825, 14.43831419772924], [74.38125147613147, 14.43724416719349], [74.38105000691986, 14.43600905683249], [74.38132313651255, 14.43470343441953], [74.38217742355178, 14.43337381655426], [74.37965481353811, 14.43275624588406], [74.37882625595242, 14.43150696883574], [74.37938788390872, 14.43008054531092], [74.38043205651978, 14.42864498578618], [74.38219465709976, 14.42672122428868], [74.3805245126322, 14.42499221754836], [74.38019370402368, 14.42033818715407], [74.39140487750022, 14.41658287922581], [74.39632993773348, 14.41312923984094], [74.39796213193121, 14.40699373378698], [74.39894575601207, 14.40060511159154], [74.40037524608611, 14.39481472311366], [74.4015681104225, 14.39006086935538], [74.40205755582616, 14.38753667181619], [74.40237740507074, 14.38612188189241], [74.40303110762876, 14.38496279289483], [74.4031962788227, 14.38386422821504], [74.40357805985464, 14.3823634087235], [74.40413951380472, 14.37992885779625], [74.40521978112346, 14.37096879005678], [74.405558419561, 14.37041461017267], [74.40290069209217, 14.37050953234313], [74.40493785374579, 14.3637718776597], [74.40465832750584, 14.35768671323196], [74.4075976721165, 14.35236907214823], [74.4078480506569, 14.34452461942921], [74.40956189101082, 14.33749869409654], [74.41083468402222, 14.33243062296051], [74.41338637114313, 14.32328267711081], [74.41349766953307, 14.31574040716486], [74.41620010923907, 14.30743912789406], [74.42020129246879, 14.29454609734633], [74.4232641723893, 14.28483615338992], [74.42246533415909, 14.27999667614852], [74.42376702920768, 14.27779633264316], [74.43394462402443, 14.25469807534154], [74.43806905778966, 14.2461908674398], [74.44122670439873, 14.23660175297928], [74.44256406303118, 14.23102829132791], [74.44456539424168, 14.22355041038939], [74.44884232697888, 14.21270005958081], [74.451527415968, 14.20607324352919], [74.45345825144966, 14.20097850021833], [74.45618243682641, 14.19970284927612], [74.45946966115507, 14.19944193763683], [74.46346762493832, 14.19999513370931], [74.47110222422913, 14.18037779905636], [74.47222153053863, 14.17573405566524], [74.47263765436938, 14.17285637315169], [74.4747955177535, 14.16468329752083], [74.4752846730272, 14.15746361975124], [74.47696626817324, 14.14911679992672], [74.47653275293621, 14.14141325623591], [74.48112165862706, 14.1371733195259], [74.48274988063991, 14.13128540033325], [74.48408995333189, 14.12342140642291], [74.48445035674986, 14.11948959813528], [74.48581925425806, 14.11021316811857], [74.48763606444601, 14.10469055579238], [74.48716546244097, 14.10139728218517], [74.48586846427085, 14.09402290783684], [74.48779481568221, 14.09292668497287], [74.48857439648094, 14.09152357337295], [74.48848431340463, 14.0889261924402], [74.48840925110713, 14.08719729063387], [74.48968872071723, 14.08551293113335], [74.49150219010755, 14.08201212955087], [74.49300969795901, 14.07805264192564], [74.49493938966668, 14.06943999136212], [74.4966786711063, 14.06156938789043], [74.49848405911484, 14.05485064813583], [74.49988626433453, 14.04805147051379], [74.50110808626744, 14.04021415775967], [74.50140757343242, 14.03501525816355], [74.50124266627022, 14.03163206233822], [74.50205782766763, 14.02763147729232], [74.50282183887563, 14.02365310258829], [74.50305041862319, 14.02192278212026], [74.50312162654932, 14.01972496554758], [74.506930346531, 14.01192959275288], [74.50964782575369, 14.00090818135745], [74.5128951764361, 13.99708556668882], [74.51389385841976, 13.99251641865396], [74.51448374937543, 13.99103020682433], [74.51486034213433, 13.98753479202226], [74.5187258629161, 13.98537040807444], [74.52078225233534, 13.98261041430763], [74.5225685696949, 13.97987995662391], [74.52407023598215, 13.97818707413046], [74.52547714490085, 13.97520269314079], [74.53163746259472, 13.96794706943878], [74.5341333608159, 13.96617895964323], [74.53735234727898, 13.96660957114763], [74.54156027962954, 13.95999300366628], [74.54669324387777, 13.95708942002768], [74.5478371178803, 13.95600938569114], [74.54917629643653, 13.9490952570079], [74.55863451974535, 13.95074003221129], [74.56113722565986, 13.9462223815869], [74.56437827390481, 13.94881889748721], [74.5674389376748, 13.94931907570612], [74.57015374428204, 13.94665258575276], [74.57156154567785, 13.94362073494894], [74.57277004060664, 13.94066506453174], [74.57450971458792, 13.93789291929351], [74.57635659683221, 13.93443840517765], [74.57779468991569, 13.9305629782783], [74.57892214265058, 13.92606975401049], [74.58256761157187, 13.92566630576091], [74.58570999578902, 13.92110739443957], [74.59149600180837, 13.90668708543927], [74.59446713399808, 13.892661166451], [74.59707059971184, 13.883568256727], [74.60156575847056, 13.87567758336504], [74.60472095748872, 13.87130946633264], [74.60509901998807, 13.87094039974065], [74.60759099599217, 13.86614148447698], [74.61098225332603, 13.85402702515278], [74.61198722654407, 13.85087393737147], [74.6138312585137, 13.84332053731634], [74.61607240467805, 13.83501179759984], [74.61733333768862, 13.82999687557655], [74.61821434446198, 13.82677325245076], [74.62089428297828, 13.81699834503887], [74.6222797252207, 13.80734496486488], [74.62550651626299, 13.79506562607749], [74.63325889609024, 13.75806978549463], [74.63716831100498, 13.73809169403187], [74.6396358426701, 13.72102295369033], [74.64208732503037, 13.70836214876504], [74.64393216670004, 13.69192216667226], [74.64689124623864, 13.67897409871915], [74.65839534109752, 13.65936158785081], [74.6611176315601, 13.65684007484065], [74.6652343871814, 13.64556781249172], [74.66737709083458, 13.63677647578656], [74.66966666368761, 13.6218841341713], [74.6714467083792, 13.61184098989238], [74.67330704325201, 13.60331668930363], [74.67490517144591, 13.59324569017138], [74.67742135739286, 13.57162582632738], [74.68167633270942, 13.54877838655551], [74.68407545998629, 13.52467094844422], [74.6869336997319, 13.49883405916686], [74.6904630442874, 13.47343455296555], [74.69208269470766, 13.45439249843887], [74.69328214010297, 13.44101322724861], [74.6969883332559, 13.41559917369995], [74.69695101592265, 13.4113687150347], [74.69709715017711, 13.40724227917208], [74.69635143330488, 13.38140016673125], [74.69753557558985, 13.37476784608054], [74.69846502685841, 13.36081208120484], [74.69880776753732, 13.35796975915202], [74.69911590285733, 13.35528057765422], [74.69945172867776, 13.35262090510385], [74.6997961056106, 13.35000492426733], [74.70058919472874, 13.3470901741861], [74.6995186885231, 13.34507222655873], [74.7064725754745, 13.33729283871386], [74.71720441587816, 13.31089003030299], [74.7203545923008, 13.28716325371889], [74.72216288442888, 13.28130213152805], [74.72415556510632, 13.27430603335366], [74.72665810472014, 13.26920226153648], [74.72814900070253, 13.26510899650078], [74.7308771061195, 13.25478162794498], [74.73575890687704, 13.227614286727], [74.73829049964081, 13.22060269984971], [74.74236185719677, 13.20286700009575], [74.74430781220056, 13.19369873325717], [74.74894994007315, 13.18360040469999], [74.75334463648184, 13.16859897060425], [74.75481553158501, 13.16201339402381], [74.75682723662982, 13.15542330276612], [74.75775470066131, 13.15085624748578], [74.75930398199887, 13.14517219274252], [74.76144863066438, 13.13590229502309], [74.76389910664457, 13.12735057215032], [74.76710578168388, 13.11523180711149], [74.76885541755244, 13.10341645661688], [74.77272931530342, 13.08751780307669], [74.7769565093916, 13.07126988622604], [74.77742929056294, 13.06834734091041], [74.77783092243872, 13.06463650381964], [74.77844254825926, 13.06019907462717], [74.77921311601997, 13.05594708366658], [74.78040705350388, 13.0501188997396], [74.78189771847954, 13.04441669740405], [74.78298371133465, 13.04050000862103], [74.78352284466419, 13.03642595847985], [74.78480303459406, 13.03267104538493], [74.7858200459765, 13.02687554009238], [74.78677960659316, 13.02111339830642], [74.78782290025406, 13.01592742005523], [74.78873103057519, 13.01009626086834], [74.79021800003036, 13.00342714085662], [74.79180850847462, 12.99902594846369], [74.79291880064353, 12.99469640560688], [74.79438852390142, 12.98723873239378], [74.79547907524092, 12.97969884525553], [74.79700237079811, 12.97323371350175], [74.7982704843275, 12.96744066772731], [74.80037796682859, 12.95771451920266], [74.80287020696115, 12.94219053606055], [74.80712443486605, 12.92473355764784], [74.80830747827616, 12.9192494354448], [74.81217016978002, 12.89764443304172], [74.81392799967679, 12.89091759509088], [74.81655762797664, 12.88322257341829], [74.81846886017937, 12.87129643590332], [74.82160755165233, 12.86005641449386], [74.82497568835811, 12.84647822781148], [74.83088531861573, 12.83918146401625], [74.83680718370913, 12.82387027556266], [74.84734590331372, 12.79451116761575], [74.85184636517714, 12.78812591306164], [74.85693960117396, 12.7780669033437], [74.86094420576332, 12.76877783919997], [74.8678795318381, 12.75983798553019], [74.87227142209406, 12.760951528539], [74.87406957233979, 12.75622442628754], [74.87838047617774, 12.75494635365568], [74.88518748009487, 12.75577965928634], [74.89127842916207, 12.76078954921655], [74.89658578294608, 12.7623817808567], [74.90313217803998, 12.7659503636562], [74.91627158671679, 12.77120097325947], [74.92331457431729, 12.77573479806975], [74.9332333134116, 12.78035767418885], [74.94410464680242, 12.78123230995494], [74.9519394737938, 12.78466009479782], [74.95853649370225, 12.78470594556958], [74.96358311250322, 12.78162440924982], [74.96730731015352, 12.77959566498306], [74.97083184164771, 12.77770753558605], [74.98322875036345, 12.78289178649704], [74.98800916861057, 12.78386898314183], [74.99240009807609, 12.78795119011629], [74.98606125197679, 12.79478909357506], [74.98793922571878, 12.79456428125483], [74.99179910458618, 12.79501098673095], [74.99358043372268, 12.79250705579382], [74.99457916516428, 12.79062225127662], [74.99649950919483, 12.79001251728284], [74.99808539468323, 12.78961982287556], [74.99946293015272, 12.78810426451907], [74.9994104803854, 12.79052967669051], [75.00268773850172, 12.79133781148343], [75.00486993257577, 12.79101842344084], [75.00484673971033, 12.78978532572532], [75.00383011830006, 12.78553173600741], [75.00330750944016, 12.78051529882143], [75.00481997228827, 12.77500605255184], [75.00795830287687, 12.76735147000682], [75.00544782952251, 12.7649830222162], [75.00430425721801, 12.76133807993677], [75.00000798282882, 12.75797316438914], [74.99828527171879, 12.75606769018886], [74.99805336780092, 12.75427247053839], [74.99704914231289, 12.75254117435567], [74.99536592072225, 12.75142435359008], [74.9939641095036, 12.75048571238579], [74.99298300958651, 12.748911181909], [74.99204434547617, 12.74677824223625], [74.99013055758788, 12.74593556927832], [74.98922371972944, 12.74449813363271], [74.98821587868046, 12.74329816567868], [74.98683083883053, 12.74240264048472], [74.98621249231097, 12.74409327376605], [74.98461382154109, 12.7436729569736], [74.98456628612294, 12.74139675745307], [74.98351036621021, 12.7388314449789], [74.98503808816916, 12.73489271897651], [74.98779723579119, 12.73532911618784], [74.98896114873918, 12.73592150517011], [74.98980198378295, 12.73692566773112], [74.99255998719688, 12.73978886917709], [74.9963066663884, 12.73551441014686], [75.0062816186278, 12.73061200335361], [75.01323847202757, 12.72826017627963], [75.00914972254509, 12.7230643624652], [75.00581976579954, 12.72066242046925], [75.0010183072087, 12.71977749898885], [75.01369318829167, 12.71426470157471], [75.01776515828533, 12.71868870629313], [75.02140645542327, 12.72038712967005], [75.0245378797327, 12.71956988120133], [75.02784983415135, 12.71939691755397], [75.03167691287909, 12.72074789078005], [75.03381796777427, 12.72313356282332], [75.03980258854226, 12.72312855279512], [75.04554709547165, 12.72195757255118], [75.05179171332429, 12.71394639463423], [75.05077916173806, 12.70372389465909], [75.05599639111182, 12.69315788201031], [75.0428280651013, 12.69171797806811], [75.04126747727985, 12.68587317631031], [75.04083088233602, 12.68548030038128], [75.04155689569545, 12.68379726304], [75.04335911205506, 12.6815007882709], [75.04263320559531, 12.67994637742145], [75.04159014552515, 12.67850644710667], [75.04210483792737, 12.6768314994943], [75.04218705804776, 12.67514458078944], [75.04254949230443, 12.67267841604146], [75.04343890987737, 12.67084666639318], [75.04554663622596, 12.66901805186386], [75.04648925320863, 12.66735425517025], [75.04745806893399, 12.66764252235244], [75.0499287169104, 12.66941946667442], [75.05336991200119, 12.66974064228599], [75.05521643796403, 12.66848437738854], [75.05641650321996, 12.66622003086222], [75.05876538530008, 12.66599433790175], [75.0584645551778, 12.66787692117406], [75.05784066978002, 12.66982733394025], [75.0592888559494, 12.67153502639795], [75.06046504648486, 12.67021541412735], [75.06145253997346, 12.66820960860942], [75.06301182728077, 12.6665085155176], [75.06972594362166, 12.66480244204026], [75.07513461705881, 12.67211642069448], [75.08240465516116, 12.67359601297443], [75.08724131354619, 12.67611091006234], [75.08530497779135, 12.68414451092379], [75.08500771069019, 12.68877757246617], [75.08449531874629, 12.6963223211945], [75.08675439987884, 12.70366573082638], [75.09279937817354, 12.70036079968752], [75.10084499296192, 12.69969462449911], [75.10540713149068, 12.69771170250187], [75.1071244801261, 12.69392061634685], [75.10736094242388, 12.69242700143698], [75.11077422481681, 12.68935927607993], [75.11077012887345, 12.68849438262752], [75.11214028881373, 12.68536178474562], [75.11359344619082, 12.68337788843013], [75.11196786696519, 12.6814825068413], [75.11798367932174, 12.68100831925098], [75.12608113708524, 12.67997887021884], [75.13126297484621, 12.67604030342103], [75.13565182421351, 12.67672478455649], [75.13970594710958, 12.67983620030758], [75.14393732411513, 12.67812783314918], [75.14578098451473, 12.68157239265219], [75.15061326891322, 12.6829642449454], [75.15423957144183, 12.67266056996713], [75.15842685938821, 12.66556245094203], [75.1526937296642, 12.65710183422741], [75.14235513936832, 12.64517632516133], [75.14231925742851, 12.63868807402986], [75.15010908189481, 12.63171648141692], [75.15419202775013, 12.6249782915757], [75.15794626345276, 12.62403450003952], [75.16271761348251, 12.622579111697], [75.16468161063568, 12.62414911842674], [75.17137516374139, 12.62328469559763], [75.18105220339548, 12.63170971176421], [75.1824642091295, 12.63291937077546], [75.18503597016101, 12.63285743855092], [75.19438007714311, 12.63239852183054], [75.2023816806646, 12.62875317390649], [75.20127841616437, 12.62128152989889], [75.20044500376602, 12.61873014161681], [75.19852920120779, 12.61454532094928], [75.1988900922521, 12.61321102200326], [75.20040358699735, 12.61005761055589], [75.20333837395206, 12.60980121561328], [75.2068374579238, 12.60716748289573], [75.2103546622598, 12.59749620038832], [75.20387475369743, 12.59381287266692], [75.20185217546201, 12.59151346791686], [75.20112835676778, 12.58749726694279], [75.21030903471814, 12.58640013467229], [75.21397300628733, 12.57752981532755], [75.21729231276461, 12.57499417473617], [75.21999101083885, 12.57034295091102], [75.22398716726204, 12.5702564367258], [75.23320751468628, 12.56923540720047], [75.2381397513583, 12.56939552886347], [75.23922464630496, 12.58063205636224], [75.24660226908087, 12.58226516080574], [75.2513040281068, 12.58706665298753], [75.253924746643, 12.59051669687002], [75.25687347027058, 12.59500114965008], [75.25774054191301, 12.5962098962704], [75.2604310119537, 12.59771258723754], [75.26309447230345, 12.60118967203516], [75.26405876104639, 12.6050586274808], [75.26619169877357, 12.60706353979009], [75.26540865426833, 12.61014035114814], [75.26673182921887, 12.61291402194237], [75.2688575952825, 12.61445563016186], [75.27571894159159, 12.61822980720471], [75.28058836539883, 12.61615107268415], [75.28529406737319, 12.61168245745106], [75.2911750426081, 12.60434798999247], [75.29800625885613, 12.60495537772329], [75.30306633625008, 12.60365090623146], [75.30988325862185, 12.59187605445396], [75.31669792230774, 12.59023460023152], [75.32537739068685, 12.5913761293931], [75.32795245465394, 12.59054104248405], [75.32740635042515, 12.58393922341826], [75.32655848155359, 12.58209105833181], [75.316988093824, 12.57756988663391], [75.31176407954463, 12.57483732589575], [75.29990040614187, 12.58120086571403], [75.28996499426, 12.58320662979747], [75.27848524365025, 12.57347005193628], [75.26994831443571, 12.56413476897501], [75.27254408318188, 12.55287471170718], [75.27481817772954, 12.53964866763239], [75.28588395121328, 12.52700436975401], [75.30345894889125, 12.52078149527739], [75.30436024938365, 12.5089995499098], [75.30999893800225, 12.50296394232606], [75.3200215713459, 12.49694108178246], [75.33348570436088, 12.4989391538392], [75.34130128779427, 12.47103248966185], [75.34009157306448, 12.463883239768], [75.3576614546275, 12.46407333539121], [75.36831807768507, 12.47577163679355], [75.37176245076292, 12.48713601326773], [75.38218742641084, 12.50167615619975], [75.39918188576524, 12.5038533917878], [75.40855545308294, 12.50149074240536], [75.41655914444218, 12.50248642488375], [75.41525800297963, 12.49996286620941], [75.41719587571825, 12.4986252287187], [75.41738305845354, 12.49672203666895], [75.41760934647101, 12.49572023299198], [75.41665114683127, 12.49280732511551], [75.41876159227654, 12.49117061978858], [75.42012977412094, 12.48426275018825], [75.42309470190803, 12.47680690819815], [75.42509048423638, 12.47193144838096], [75.41511113324133, 12.46454040475433], [75.41308690252902, 12.45863996020523], [75.40878339911194, 12.45627186641461], [75.39900162508323, 12.45557532404894], [75.39426220991864, 12.45232254219765], [75.38854510574879, 12.45870065023366], [75.38337340101604, 12.45836870416995], [75.37798859702515, 12.45795307397776], [75.37321120693036, 12.45894710792068], [75.36866705330692, 12.45941567967635], [75.36687623188683, 12.45639123101458], [75.3695716933788, 12.45297092170315], [75.3708889260459, 12.44963488565882], [75.37130364834417, 12.44583192800797], [75.36982359990313, 12.44053300788554], [75.37065321149277, 12.43628724256539], [75.36972398287374, 12.4201226101496], [75.3701549875899, 12.415049675444], [75.3727284200589, 12.41021306484302], [75.37420552104177, 12.40355195713974], [75.37953931849643, 12.39674276057134], [75.37997107776721, 12.39233974004405], [75.38490947510974, 12.39049047094586], [75.39043345646104, 12.38964517137572], [75.39448944833742, 12.38377740454134], [75.39720983432588, 12.38004096134891], [75.40434213996579, 12.3806286004436], [75.41016572405766, 12.38042262532377], [75.41325744239546, 12.38082468632671], [75.41877722083727, 12.37753836294545], [75.42392985123118, 12.37305619893094], [75.42338612111963, 12.36791293360481], [75.42030248316803, 12.35724666223224], [75.41634547041225, 12.33080896538977], [75.41925706168769, 12.32629184162486], [75.42175459158281, 12.3186828651169], [75.42619843276049, 12.31335079776759], [75.43009207168426, 12.31141389476855], [75.43190707706154, 12.31260903650412], [75.43545855956032, 12.31238511940189], [75.43954523665397, 12.31616208911578], [75.44227431829285, 12.3171971116294], [75.44298633846282, 12.31953239092689], [75.44506944773133, 12.32065743129441], [75.44655610176562, 12.32069593075069], [75.44803741264776, 12.32109108560708], [75.44953643850107, 12.32141019372783], [75.45271117547797, 12.32104829608747], [75.45390461027179, 12.32001143799847], [75.45618765973865, 12.31981469055829], [75.45853961098051, 12.30886517016016], [75.46010776281338, 12.30753178255483], [75.45891536131482, 12.30612624730057], [75.4566142473329, 12.30528150062286], [75.45679640322763, 12.30421603202137], [75.45679495830889, 12.30295817161433], [75.45517472311991, 12.30251413740289], [75.453511407372, 12.30148930304447], [75.45417522641462, 12.30054641910927], [75.45384238696796, 12.29961609588969], [75.45175752188402, 12.29871610031092], [75.45030978072714, 12.29795559552572], [75.44921424988694, 12.29642755853069], [75.44756908353925, 12.29463498955859], [75.44500496134765, 12.29310810160925], [75.44622614843631, 12.29259894128638], [75.44803305807434, 12.2936717528537], [75.45003186764168, 12.29371026846484], [75.45165511989437, 12.29453858575464], [75.45142077849971, 12.29530887912481], [75.45302935832127, 12.29679053318509], [75.45568421490913, 12.29694620918854], [75.45625970722404, 12.29891549826379], [75.45962431545587, 12.29925615055713], [75.46201483718636, 12.29875884074702], [75.46362832362368, 12.29943773081723], [75.46525536258386, 12.29951094216228], [75.46795605942619, 12.29884277937103], [75.47080325576901, 12.29919100938871], [75.47271705897224, 12.29928954440321], [75.47475961772763, 12.29861392245757], [75.47772429575937, 12.29848997954949], [75.48026901270957, 12.29828486512505], [75.48187470259623, 12.29803113244678], [75.48340666490972, 12.29864695917989], [75.4845630725349, 12.30001228659307], [75.48527290887017, 12.30097382318549], [75.48643625575757, 12.30202472346588], [75.48758007528225, 12.30253404018861], [75.48908278244483, 12.30285659770555], [75.48975312448555, 12.30234760998328], [75.49069628689831, 12.30137676413408], [75.49381725858319, 12.30095330106346], [75.49633764902613, 12.29949923900059], [75.49872803325567, 12.29790502534905], [75.49901683600734, 12.29680893218583], [75.48972184174572, 12.28025586047805], [75.49559562221297, 12.27235311604514], [75.5033661713097, 12.27236721438497], [75.50569199283593, 12.26544398718444], [75.5098335094285, 12.25789274304879], [75.51003758692757, 12.25436676815468], [75.51057859081554, 12.2514043693732], [75.5127754879777, 12.24892551449463], [75.51628141969053, 12.24569612585074], [75.51837683021883, 12.24211494583649], [75.51708727979992, 12.23519326016563], [75.52061238626298, 12.23351621650757], [75.52294332858796, 12.23110237194218], [75.52374067361589, 12.22761956988996], [75.52609534886255, 12.22402791204841], [75.52916836264349, 12.2209251290018], [75.53225252937987, 12.21970824774409], [75.53679332093591, 12.21761276773577], [75.53892847845114, 12.21412562159447], [75.53682370820427, 12.20995317233347], [75.53512395979067, 12.20608724655235], [75.53106614442785, 12.20416061260087], [75.53286800065922, 12.20356003664737], [75.53592659157765, 12.20217091455095], [75.54006559878003, 12.2024377845248], [75.54108153726261, 12.19830571606907], [75.54544280874619, 12.19852975047326], [75.54710821396188, 12.19565885746179], [75.54993862842377, 12.19120363496309], [75.5520582870961, 12.18542128409677], [75.55403022805055, 12.18381484204442], [75.55670056430466, 12.18020824694336], [75.55978080158953, 12.17803589268277], [75.56374011251982, 12.17660967994974], [75.56724766298308, 12.17555187601219], [75.57048553935432, 12.17206036916407], [75.577277056457, 12.15797443682955], [75.58345560878418, 12.15841473951112], [75.58909010111536, 12.15385876603931], [75.59272529413947, 12.1479629764528], [75.59546393257158, 12.15432325382798], [75.60247536719771, 12.15426285634499], [75.61061433691081, 12.15290780642111], [75.61754017240763, 12.15660450033054], [75.62524484340489, 12.15353072509471], [75.63168510013863, 12.14878444943194], [75.63681860231027, 12.14880156395707], [75.63931896825171, 12.14422471132113], [75.63830346487855, 12.14078593470879], [75.64414025436893, 12.13443763945858], [75.64431592884122, 12.12531193501361], [75.6473630936291, 12.11965309856828], [75.64715873533862, 12.11469248053133], [75.64983756355024, 12.10950131904793], [75.65355665024335, 12.10748395669436], [75.66286314760029, 12.09934600615334], [75.67311873241597, 12.09823734319268], [75.67926564121066, 12.10259002429016], [75.68518774565007, 12.10677355987942], [75.691037632656, 12.11071750817039], [75.69775914184103, 12.10919960200997], [75.70309944661649, 12.10829451812035], [75.70277538498586, 12.09779427903965], [75.70359838720276, 12.09209303635946], [75.71268766878102, 12.09077451317407], [75.71773167016532, 12.08626053529633], [75.71561916755034, 12.08203965950628], [75.71534075509146, 12.07710419935295], [75.71518843484294, 12.07055880421435], [75.72487594556435, 12.07333584698842], [75.73117006005293, 12.07557553147158], [75.74012205566046, 12.07932264683236], [75.74637620504257, 12.07845028179974], [75.749946879356, 12.08337568537299], [75.75481003456615, 12.08448946654335], [75.76399375787292, 12.0842869235892], [75.76924220629428, 12.08436175079009], [75.77492823269475, 12.08343379109009], [75.78109172021065, 12.08339733241399], [75.78759089564971, 12.08386730060803], [75.79353484934846, 12.08300040424073], [75.79752971153817, 12.08019031295408], [75.80277218430128, 12.07671296098314], [75.8008240834333, 12.07351013619581], [75.800824877728, 12.0703549044407], [75.800137007164, 12.06827929292004], [75.7992365642363, 12.06506812504252], [75.79838520226231, 12.06082404493506], [75.79698549132593, 12.05717007578811], [75.79491729459008, 12.05588327376828], [75.79868421704667, 12.05341446634159], [75.79977885156323, 12.04636373099462], [75.80076605626172, 12.04132792618509], [75.80161472886545, 12.03719842958389], [75.80510119593947, 12.03416498451979], [75.80805204713978, 12.03177614149905], [75.81126040502409, 12.02907911846793], [75.81061323231388, 12.02508037572856], [75.8140111593942, 12.02208661249428], [75.81660064918172, 12.01789685992403], [75.82123144208147, 12.01480697711237], [75.82510251421411, 12.01194502785282], [75.8254310213153, 12.00860377785256], [75.82698401318184, 12.00569001448316], [75.82779221638441, 12.00322521170456], [75.82797436080966, 12.00068458365688], [75.82881222477494, 11.99699492517052], [75.8309730724686, 11.99316694425589], [75.83291025377827, 11.99095577048551], [75.83526748819658, 11.98861369678603], [75.83794713170109, 11.98662559692428], [75.84171766738086, 11.98577525048916], [75.84451081542979, 11.98463224436012], [75.84805435376909, 11.98485732734334], [75.84971702318771, 11.9829541807238], [75.85138262597552, 11.98012204997556], [75.85232373284403, 11.97819763717878], [75.85278167119255, 11.97577618682886], [75.85205139288682, 11.97449322017711], [75.85303456532444, 11.97107124650564], [75.85635787240325, 11.96330233799926], [75.86727330907173, 11.95689954742583], [75.87299899003412, 11.95301729414333], [75.88113620751226, 11.9503458476281], [75.8866454260303, 11.95148369039021], [75.89750491921492, 11.94607576692215], [75.90563458048541, 11.94645885359932], [75.91369291966659, 11.94714034413066], [75.92367526472616, 11.94445265493315], [75.9357287597404, 11.94043418190041], [75.94020019715164, 11.94156085070173], [75.95169567099929, 11.94106780838423], [75.95657437680939, 11.9406887366879], [75.9698351615435, 11.93516382125678], [75.97841413690564, 11.93273179754408], [75.98774228453122, 11.93252003846798], [76.00089522281212, 11.9309943026543], [76.00620530556833, 11.93541964495577], [76.01306210355725, 11.94181940516242], [76.02132120279553, 11.94347399669192], [76.02899326275313, 11.94118925724711], [76.03452881563398, 11.94122225368324], [76.04060646490622, 11.94601520252183], [76.04599347526157, 11.95115880800927], [76.05216479873569, 11.95189329324365], [76.05686001119811, 11.9568826648106], [76.06089957742287, 11.95925738615646], [76.06281202717346, 11.96408120419118], [76.06306928308858, 11.97772715101897], [76.06307169811656, 11.97785525661762]]], [[[74.6925509165495, 13.33038324767712], [74.69287630539601, 13.33183833251367], [74.69158185173184, 13.33227757860648], [74.69204217978677, 13.33037620528838], [74.6925509165495, 13.33038324767712]]], [[[74.68910594179353, 13.34023522513229], [74.68828554160714, 13.33956056237863], [74.68775297623453, 13.33698622512408], [74.68939646821508, 13.33576526463122], [74.69084053361986, 13.33727936282285], [74.69057232027342, 13.33965491588586], [74.68910594179353, 13.34023522513229]]], [[[74.68473506675615, 13.34596607018265], [74.68402625330023, 13.34624437017141], [74.68323468292859, 13.34514247617955], [74.68410202264079, 13.3436764379634], [74.68508455376559, 13.34282993886106], [74.68655720595639, 13.34165512826515], [74.6879178409439, 13.34185912838639], [74.68765749617583, 13.34347399846547], [74.68612781208397, 13.34545690567857], [74.68473506675615, 13.34596607018265]]], [[[74.48500802732558, 14.0936745824367], [74.48422596743966, 14.09267294443357], [74.48500802732558, 14.0936745824367]]], [[[74.25554807549126, 14.72066907392154], [74.25521270579821, 14.72065319437626], [74.25554807549126, 14.72066907392154]]], [[[74.1100929712614, 14.84577261615981], [74.11305044730345, 14.8423367692201], [74.1100929712614, 14.84577261615981]]], [[[74.1017504408294, 14.87667586462476], [74.09996426149628, 14.8768740338998], [74.1017504408294, 14.87667586462476]]], [[[74.30900679619542, 15.80311300375895], [74.30522510115051, 15.80571606286406], [74.30048449407265, 15.81795083076206], [74.27974249926514, 15.83009214339768], [74.26771288551062, 15.81897191251546], [74.26890594512311, 15.81666365875031], [74.26692325602563, 15.80980618338822], [74.26703809567775, 15.80225990606932], [74.27084731834495, 15.79507953094144], [74.28387717952398, 15.78964180145374], [74.29588629874793, 15.79456379962866], [74.2999493225172, 15.78921416313849], [74.30856513711825, 15.79120877819651], [74.31255130929262, 15.79436596937794], [74.31355382004939, 15.79967263262302], [74.31050483079743, 15.80235123243653], [74.30900679619542, 15.80311300375895]]], [[[77.52521716847365, 17.78582965216255], [77.52563119142663, 17.78246139877404], [77.52521716847365, 17.78582965216255]]], [[[77.27956174850041, 18.47632794469203], [77.27231902691233, 18.47118418695707], [77.27119467678001, 18.46611830815305], [77.26899910313183, 18.46162084958692], [77.27223015753005, 18.45324384109116], [77.2822807935269, 18.45542452123562], [77.28900274796928, 18.45521177555862], [77.29550008068387, 18.45908549868122], [77.29552024959017, 18.46123680980951], [77.29965128817355, 18.46470897030831], [77.30005411978708, 18.47366216247586], [77.28615249362957, 18.4751061546143], [77.27956174850041, 18.47632794469203]]]]}}]}