{"type":"FeatureCollection","features":[{"type":"Feature","properties":{"name":"Belagavi","district_name":"Belagavi"},"geometry":{"type":"MultiPolygon","coordinates":[[[[74.7321,16.7185],[74.7273,16.7178],[74.7215,16.7171],[74.7104,16.7158],[74.704,16.7154],[74.6981,16.716],[74.6909,16.7185],[74.6886,16.7123],[74.6884,16.7091],[74.6892,16.7078],[74.6883,16.7044],[74.6891,16.6992],[74.6896,16.6947],[74.6891,16.69],[74.6849,16.6865],[74.6813,16.6827],[74.6885,16.6816],[74.6892,16.6768],[74.6859,16.6756],[74.6816,16.6741],[74.6792,16.6703],[74.6781,16.6661],[74.6722,16.6659],[74.665,16.6648],[74.6608,16.6518],[74.6545,16.64],[74.6524,16.6366],[74.661,16.6302],[74.6717,16.6255],[74.6763,16.6217],[74.6831,16.6192],[74.6877,16.6128],[74.6853,16.6093],[74.6838,16.6093],[74.6798,16.6105],[74.6757,16.61],[74.6705,16.6096],[74.653,16.6076],[74.6332,16.6068],[74.6345,16.5846],[74.6351,16.5836],[74.6326,16.5834],[74.6308,16.5806],[74.6303,16.5798],[74.6284,16.5784],[74.6246,16.5795],[74.6184,16.5845],[74.6141,16.5742],[74.6088,16.5698],[74.6022,16.5662],[74.5903,16.5668],[74.5864,16.5654],[74.5843,16.5611],[74.582,16.5592],[74.5781,16.5603],[74.5729,16.5586],[74.5727,16.5552],[74.5696,16.5561],[74.5623,16.5611],[74.5554,16.5666],[74.5605,16.577],[74.5649,16.5873],[74.554,16.5959],[74.5448,16.5954],[74.5446,16.5975],[74.5443,16.6009],[74.5441,16.6069],[74.5439,16.6106],[74.5437,16.6145],[74.5438,16.6196],[74.543,16.6264],[74.5445,16.6286],[74.5445,16.634],[74.5401,16.6354],[74.5346,16.6348],[74.5283,16.634],[74.5209,16.6335],[74.5157,16.6337],[74.5086,16.6338],[74.5012,16.6335],[74.496,16.6303],[74.4827,16.6369],[74.4754,16.6546],[74.4661,16.6621],[74.4567,16.6551],[74.4554,16.6471],[74.4574,16.6391],[74.4594,16.6333],[74.4656,16.6236],[74.4651,16.6101],[74.46,16.6046],[74.4408,16.6024],[74.4263,16.596],[74.4135,16.5854],[74.4038,16.5829],[74.3967,16.5829],[74.3951,16.5755],[74.3943,16.5723],[74.3914,16.5687],[74.3922,16.5657],[74.3902,16.563],[74.3886,16.555],[74.3879,16.5477],[74.3875,16.5393],[74.3861,16.5348],[74.3789,16.5289],[74.3703,16.5357],[74.3642,16.5385],[74.3584,16.5393],[74.3588,16.5408],[74.3582,16.5425],[74.3578,16.5446],[74.358,16.5462],[74.3566,16.5505],[74.3575,16.5545],[74.3589,16.5551],[74.3562,16.56],[74.3506,16.5569],[74.3431,16.5516],[74.3341,16.5503],[74.3193,16.5556],[74.3163,16.5513],[74.3164,16.5423],[74.3161,16.5279],[74.3154,16.51],[74.3077,16.504],[74.3047,16.5105],[74.301,16.5237],[74.2926,16.5332],[74.2859,16.526],[74.2808,16.5345],[74.2811,16.5415],[74.2787,16.5441],[74.2753,16.546],[74.2733,16.5475],[74.2705,16.5483],[74.2677,16.5284],[74.274,16.5211],[74.2784,16.5124],[74.278,16.5055],[74.2712,16.5035],[74.2624,16.5004],[74.2545,16.5008],[74.2474,16.4967],[74.2582,16.4867],[74.264,16.4807],[74.274,16.4846],[74.2742,16.4927],[74.2781,16.5],[74.28,16.5048],[74.2902,16.5048],[74.2917,16.5015],[74.2918,16.4974],[74.292,16.4926],[74.292,16.4884],[74.2915,16.4823],[74.2888,16.4797],[74.2884,16.4709],[74.2896,16.4631],[74.2934,16.4625],[74.3015,16.4601],[74.3129,16.4531],[74.3229,16.4551],[74.3287,16.4552],[74.3325,16.4548],[74.33,16.4463],[74.3334,16.4414],[74.3325,16.438],[74.3329,16.4343],[74.3353,16.4325],[74.3366,16.4301],[74.3333,16.4257],[74.3299,16.4205],[74.3293,16.4177],[74.3327,16.4114],[74.3339,16.4072],[74.3395,16.4021],[74.3516,16.4064],[74.3635,16.4049],[74.3633,16.3982],[74.3628,16.396],[74.3617,16.3934],[74.3588,16.3914],[74.3578,16.3889],[74.3574,16.387],[74.3562,16.383],[74.3529,16.376],[74.3537,16.3663],[74.3458,16.3729],[74.3449,16.3787],[74.343,16.3825],[74.3419,16.3839],[74.3419,16.3859],[74.3409,16.3887],[74.3399,16.3909],[74.3364,16.3935],[74.3337,16.3936],[74.3275,16.3907],[74.328,16.387],[74.3174,16.3781],[74.3184,16.354],[74.3175,16.3423],[74.3147,16.3265],[74.3334,16.3201],[74.3248,16.3164],[74.3231,16.315],[74.3332,16.3097],[74.3328,16.3049],[74.3419,16.2984],[74.3426,16.2909],[74.3383,16.2909],[74.3364,16.29],[74.3326,16.2912],[74.3274,16.2906],[74.3248,16.2855],[74.3218,16.2817],[74.3244,16.2769],[74.3293,16.2678],[74.3336,16.2755],[74.3413,16.2724],[74.3424,16.2766],[74.3455,16.2777],[74.3506,16.278],[74.3473,16.2868],[74.3452,16.2935],[74.3529,16.2927],[74.3583,16.2913],[74.3625,16.2921],[74.3679,16.2927],[74.378,16.294],[74.3811,16.2916],[74.3837,16.286],[74.3851,16.2779],[74.3959,16.2799],[74.4005,16.2815],[74.4127,16.2837],[74.4154,16.2808],[74.4153,16.2735],[74.4169,16.264],[74.4212,16.2583],[74.4303,16.2574],[74.4367,16.2546],[74.4435,16.2515],[74.4546,16.2533],[74.4557,16.2475],[74.4613,16.2422],[74.4684,16.2398],[74.4787,16.2503],[74.4881,16.2394],[74.4951,16.2346],[74.5024,16.2236],[74.4987,16.2191],[74.4963,16.2112],[74.5035,16.2033],[74.5073,16.2028],[74.5068,16.2009],[74.5068,16.1969],[74.5067,16.1923],[74.5047,16.1894],[74.5001,16.1878],[74.4939,16.1867],[74.4906,16.1801],[74.4893,16.1763],[74.4897,16.1696],[74.4888,16.1591],[74.481,16.1497],[74.4849,16.1385],[74.4877,16.1294],[74.4879,16.1242],[74.4908,16.1134],[74.4911,16.1041],[74.4874,16.1004],[74.4845,16.0966],[74.4834,16.0906],[74.4762,16.0904],[74.4694,16.094],[74.4593,16.1022],[74.4423,16.1059],[74.4312,16.1107],[74.4221,16.1097],[74.4168,16.1056],[74.4119,16.1042],[74.4108,16.1028],[74.4094,16.1013],[74.4084,16.0962],[74.4057,16.0934],[74.3972,16.0917],[74.3908,16.0897],[74.3897,16.0888],[74.3894,16.088],[74.3905,16.0861],[74.391,16.0844],[74.3911,16.083],[74.3917,16.082],[74.3913,16.0805],[74.3842,16.0833],[74.3821,16.0798],[74.361,16.0551],[74.3762,16.0546],[74.3742,16.0454],[74.4155,16.0549],[74.43,16.0588],[74.4347,16.0574],[74.4448,16.0521],[74.4552,16.0497],[74.4633,16.0435],[74.4536,16.0166],[74.4503,16.0115],[74.4473,16.0049],[74.4462,16.0037],[74.4445,16.0033],[74.4457,15.9984],[74.4453,15.9955],[74.4429,15.9905],[74.4437,15.9861],[74.441,15.9824],[74.4375,15.9798],[74.4393,15.9767],[74.4377,15.9726],[74.4322,15.9611],[74.4302,15.9559],[74.4269,15.9506],[74.4209,15.9433],[74.4162,15.9381],[74.4054,15.9271],[74.3872,15.9054],[74.3919,15.8997],[74.3955,15.8916],[74.3961,15.8861],[74.3938,15.8798],[74.3932,15.8783],[74.3938,15.8767],[74.3953,15.8748],[74.397,15.8714],[74.3988,15.8693],[74.4019,15.8661],[74.4044,15.8646],[74.4064,15.8646],[74.406,15.8621],[74.4064,15.8607],[74.4063,15.8572],[74.4023,15.8546],[74.4019,15.8523],[74.3976,15.8509],[74.3963,15.852],[74.3936,15.8532],[74.3915,15.8542],[74.3886,15.8544],[74.387,15.8587],[74.3818,15.8669],[74.3803,15.8742],[74.3756,15.8837],[74.3648,15.8831],[74.3631,15.8757],[74.3527,15.868],[74.348,15.8637],[74.3455,15.8622],[74.3464,15.861],[74.3447,15.8591],[74.3425,15.8572],[74.3493,15.8507],[74.3614,15.8506],[74.3703,15.851],[74.3819,15.8497],[74.3834,15.8416],[74.3826,15.8393],[74.381,15.8355],[74.3793,15.8375],[74.3778,15.8346],[74.3774,15.8322],[74.3751,15.8326],[74.3719,15.8297],[74.3678,15.8271],[74.3655,15.8215],[74.3651,15.8188],[74.3625,15.8188],[74.3602,15.8176],[74.3609,15.816],[74.3663,15.8132],[74.3703,15.8107],[74.3701,15.807],[74.3696,15.8061],[74.371,15.8041],[74.371,15.8015],[74.3714,15.7999],[74.371,15.7983],[74.3715,15.7977],[74.3713,15.7958],[74.3698,15.7934],[74.3691,15.7906],[74.3689,15.7881],[74.3683,15.7859],[74.366,15.7847],[74.364,15.7833],[74.3622,15.7824],[74.3607,15.7801],[74.3601,15.7775],[74.3587,15.7753],[74.3561,15.7724],[74.3538,15.7711],[74.3507,15.7704],[74.349,15.7681],[74.3475,15.7663],[74.3426,15.7649],[74.3372,15.7673],[74.3293,15.7696],[74.326,15.7713],[74.3189,15.766],[74.3183,15.7581],[74.313,15.756],[74.3096,15.7534],[74.3101,15.7517],[74.3008,15.7477],[74.2901,15.7423],[74.2834,15.7437],[74.2689,15.7542],[74.2624,15.7512],[74.257,15.7468],[74.2474,15.7438],[74.2338,15.7486],[74.2275,15.7619],[74.2323,15.7872],[74.2132,15.7805],[74.2026,15.7583],[74.1828,15.7515],[74.1537,15.7451],[74.1491,15.7355],[74.127,15.7189],[74.1334,15.7032],[74.1261,15.6806],[74.0881,15.6732],[74.1231,15.6517],[74.1466,15.651],[74.1671,15.6698],[74.1679,15.672],[74.1748,15.676],[74.1812,15.6816],[74.1903,15.6804],[74.2046,15.6631],[74.2163,15.6615],[74.2196,15.6657],[74.2246,15.6675],[74.2297,15.6671],[74.2383,15.6625],[74.2459,15.623],[74.2634,15.6127],[74.2558,15.5891],[74.254,15.5636],[74.2643,15.5579],[74.2813,15.5336],[74.2815,15.5259],[74.2812,15.5218],[74.2922,15.5224],[74.3319,15.5167],[74.3472,15.5124],[74.3573,15.5],[74.3636,15.4915],[74.3862,15.4836],[74.3906,15.4801],[74.3978,15.4774],[74.4006,15.4757],[74.406,15.4734],[74.4121,15.4742],[74.4183,15.4684],[74.422,15.4633],[74.4226,15.4541],[74.4222,15.4512],[74.4222,15.4488],[74.4224,15.4451],[74.4238,15.4229],[74.4291,15.3978],[74.4386,15.4055],[74.4497,15.4067],[74.4504,15.4101],[74.4476,15.4145],[74.4466,15.4185],[74.4562,15.4211],[74.4562,15.4244],[74.4614,15.4294],[74.4615,15.4307],[74.4671,15.4327],[74.4724,15.4326],[74.475,15.4296],[74.4776,15.4289],[74.4845,15.4374],[74.4892,15.4414],[74.49,15.437],[74.4967,15.4375],[74.5077,15.4312],[74.5093,15.4277],[74.5067,15.4157],[74.5066,15.4109],[74.5162,15.4021],[74.5261,15.4109],[74.534,15.4186],[74.5417,15.4162],[74.5565,15.408],[74.5692,15.4002],[74.5741,15.3922],[74.5866,15.3814],[74.5985,15.3736],[74.6138,15.3593],[74.6313,15.3669],[74.6357,15.3701],[74.6664,15.3931],[74.6886,15.3986],[74.6978,15.4091],[74.708,15.4079],[74.7166,15.4111],[74.7194,15.411],[74.7281,15.4092],[74.7317,15.4081],[74.7361,15.4089],[74.7377,15.4097],[74.7409,15.4116],[74.741,15.4138],[74.7402,15.4167],[74.7406,15.4178],[74.7409,15.4192],[74.7381,15.4219],[74.7335,15.4226],[74.7322,15.425],[74.7311,15.4263],[74.7306,15.429],[74.7302,15.4314],[74.7316,15.4336],[74.7307,15.4364],[74.7331,15.4386],[74.7354,15.4404],[74.7365,15.4413],[74.7354,15.4438],[74.7388,15.4449],[74.7396,15.4471],[74.7386,15.4478],[74.74,15.4494],[74.7405,15.4516],[74.7421,15.4525],[74.742,15.4543],[74.7425,15.4562],[74.7432,15.4596],[74.7418,15.4618],[74.7438,15.463],[74.7432,15.4649],[74.7416,15.4663],[74.741,15.4663],[74.7404,15.4661],[74.7394,15.4665],[74.7373,15.4663],[74.7359,15.4661],[74.7333,15.4688],[74.7316,15.4706],[74.7304,15.4724],[74.7293,15.4741],[74.7288,15.4765],[74.7304,15.4767],[74.7299,15.4788],[74.7293,15.4793],[74.7299,15.4802],[74.7297,15.4813],[74.7297,15.4821],[74.7289,15.4819],[74.7289,15.483],[74.7282,15.4835],[74.7284,15.4839],[74.7279,15.4846],[74.7269,15.486],[74.7267,15.488],[74.7271,15.4883],[74.7306,15.4891],[74.7331,15.4894],[74.7355,15.49],[74.7375,15.4903],[74.7392,15.4915],[74.7402,15.4924],[74.7423,15.4937],[74.7438,15.4945],[74.7476,15.4953],[74.7489,15.4943],[74.7498,15.4917],[74.7506,15.4906],[74.7514,15.4896],[74.7528,15.4879],[74.7547,15.4874],[74.7541,15.4863],[74.7532,15.4851],[74.7547,15.4821],[74.7561,15.4797],[74.7561,15.4779],[74.7582,15.4747],[74.7592,15.4737],[74.7597,15.4728],[74.7601,15.4714],[74.7624,15.4712],[74.7661,15.4723],[74.7713,15.4682],[74.7747,15.4636],[74.7785,15.4589],[74.7793,15.4611],[74.7804,15.463],[74.7806,15.4645],[74.7816,15.4656],[74.7832,15.467],[74.7834,15.4674],[74.7836,15.4685],[74.7843,15.4698],[74.7849,15.4708],[74.7853,15.4717],[74.7855,15.4735],[74.7861,15.4752],[74.7864,15.4766],[74.7868,15.478],[74.7863,15.4793],[74.7857,15.4813],[74.7853,15.4832],[74.7852,15.4844],[74.7859,15.4853],[74.7879,15.4866],[74.7883,15.4865],[74.7888,15.4863],[74.7896,15.4867],[74.7908,15.4864],[74.7922,15.4859],[74.7943,15.4876],[74.794,15.4891],[74.7955,15.4912],[74.7972,15.4924],[74.7983,15.493],[74.7986,15.494],[74.7981,15.495],[74.7977,15.4963],[74.7979,15.4976],[74.7993,15.4974],[74.799,15.4983],[74.802,15.4983],[74.8036,15.4965],[74.8054,15.4975],[74.8044,15.4986],[74.8034,15.4999],[74.8026,15.5007],[74.802,15.5015],[74.8042,15.5013],[74.8055,15.5012],[74.8082,15.502],[74.8105,15.5029],[74.8131,15.5034],[74.8138,15.5046],[74.8122,15.5065],[74.8116,15.5074],[74.8106,15.5089],[74.8095,15.5103],[74.8095,15.5121],[74.8103,15.5157],[74.8102,15.5212],[74.8088,15.5243],[74.8063,15.5285],[74.805,15.5318],[74.8037,15.5363],[74.8028,15.5382],[74.8025,15.5389],[74.8011,15.5401],[74.7971,15.5476],[74.801,15.549],[74.8028,15.5494],[74.808,15.5535],[74.8149,15.5575],[74.8168,15.5597],[74.8194,15.5614],[74.8203,15.5635],[74.8231,15.5669],[74.8238,15.5679],[74.8247,15.5679],[74.8251,15.5676],[74.8257,15.5679],[74.8261,15.5687],[74.8261,15.5692],[74.8265,15.5695],[74.8292,15.57],[74.83,15.5702],[74.8303,15.5703],[74.8321,15.5706],[74.8345,15.5717],[74.8366,15.5728],[74.8386,15.5736],[74.8407,15.5748],[74.8379,15.5771],[74.837,15.5799],[74.8364,15.5826],[74.8358,15.5854],[74.8332,15.5893],[74.8316,15.5906],[74.8298,15.5911],[74.8296,15.5927],[74.8296,15.5938],[74.8295,15.5957],[74.8296,15.5967],[74.8295,15.6008],[74.8291,15.6048],[74.8292,15.609],[74.8338,15.6112],[74.837,15.6117],[74.8389,15.6114],[74.84,15.6088],[74.8403,15.6083],[74.843,15.6079],[74.8463,15.6082],[74.8488,15.609],[74.8506,15.6096],[74.853,15.6099],[74.8555,15.611],[74.856,15.6123],[74.8585,15.613],[74.8637,15.6141],[74.8665,15.6147],[74.87,15.6157],[74.8713,15.616],[74.8732,15.6164],[74.8758,15.6167],[74.878,15.617],[74.8778,15.6207],[74.8785,15.6213],[74.8813,15.6233],[74.8834,15.6248],[74.8865,15.6283],[74.8872,15.6298],[74.891,15.6305],[74.893,15.6307],[74.8943,15.6308],[74.8968,15.631],[74.8986,15.6313],[74.8997,15.6312],[74.9017,15.6314],[74.9027,15.6313],[74.904,15.6313],[74.9047,15.6311],[74.906,15.631],[74.9076,15.631],[74.91,15.6308],[74.9106,15.6308],[74.9119,15.6306],[74.9125,15.6305],[74.9142,15.63],[74.9159,15.6293],[74.9175,15.6285],[74.9205,15.6268],[74.9225,15.6256],[74.9241,15.6246],[74.9252,15.6241],[74.9276,15.6234],[74.9289,15.6231],[74.9305,15.6229],[74.9322,15.6226],[74.9378,15.623],[74.9419,15.6228],[74.9449,15.6224],[74.9459,15.6226],[74.9477,15.6234],[74.949,15.6238],[74.9506,15.6242],[74.9542,15.6253],[74.9555,15.6256],[74.9568,15.6258],[74.959,15.6261],[74.9619,15.6262],[74.9649,15.6264],[74.9652,15.6297],[74.9653,15.6321],[74.9652,15.6335],[74.9651,15.6348],[74.965,15.6365],[74.9649,15.6371],[74.9647,15.6388],[74.9643,15.6412],[74.9642,15.6454],[74.9666,15.6509],[74.9712,15.6513],[74.9747,15.6499],[74.9797,15.6486],[74.9833,15.6496],[74.9862,15.6503],[74.9916,15.651],[74.9926,15.65],[74.9932,15.6499],[74.995,15.6495],[74.9971,15.649],[75.0007,15.6482],[75.0023,15.6477],[75.0042,15.6474],[75.0051,15.6473],[75.0068,15.6469],[75.0081,15.6467],[75.0106,15.6461],[75.0122,15.6457],[75.0135,15.6455],[75.015,15.6452],[75.0162,15.6451],[75.0193,15.6449],[75.0202,15.647],[75.021,15.6491],[75.0224,15.6509],[75.0255,15.6519],[75.0268,15.6519],[75.0275,15.6524],[75.0275,15.6531],[75.0276,15.6543],[75.0278,15.6563],[75.028,15.6585],[75.0284,15.661],[75.0284,15.6638],[75.0284,15.6642],[75.0285,15.6663],[75.0285,15.6675],[75.0285,15.6685],[75.0285,15.6693],[75.0285,15.6701],[75.0298,15.67],[75.0339,15.6699],[75.0387,15.6701],[75.0395,15.6702],[75.0408,15.6703],[75.0413,15.6703],[75.044,15.6704],[75.0468,15.6709],[75.0475,15.6731],[75.0481,15.6755],[75.0482,15.6758],[75.0493,15.6811],[75.0498,15.6829],[75.0515,15.6829],[75.0523,15.683],[75.0559,15.6832],[75.0567,15.6832],[75.0585,15.6831],[75.0595,15.6803],[75.06,15.6776],[75.0602,15.6766],[75.0605,15.6753],[75.0606,15.6746],[75.0609,15.6735],[75.0617,15.6726],[75.0617,15.6719],[75.0627,15.6708],[75.0631,15.6693],[75.0627,15.6665],[75.0622,15.6634],[75.062,15.661],[75.061,15.659],[75.0604,15.6565],[75.0597,15.6536],[75.0595,15.6512],[75.0593,15.6499],[75.0591,15.6488],[75.0589,15.6478],[75.0583,15.6451],[75.0576,15.6418],[75.0561,15.6339],[75.0563,15.6326],[75.0592,15.6306],[75.0607,15.6305],[75.0618,15.6302],[75.0631,15.6287],[75.0642,15.6256],[75.0653,15.6254],[75.0669,15.6256],[75.0694,15.6249],[75.0712,15.6246],[75.0727,15.6243],[75.0737,15.6239],[75.0764,15.6234],[75.0768,15.6234],[75.0769,15.6234],[75.0771,15.6233],[75.0781,15.6231],[75.0794,15.6227],[75.0804,15.6205],[75.082,15.6179],[75.0838,15.6164],[75.0856,15.6156],[75.0856,15.6142],[75.0881,15.6122],[75.0898,15.612],[75.0901,15.6105],[75.0923,15.6089],[75.0926,15.6103],[75.0929,15.6113],[75.0939,15.6143],[75.0941,15.6154],[75.0945,15.6181],[75.0956,15.6223],[75.0963,15.6248],[75.0967,15.6269],[75.0969,15.6285],[75.0969,15.6302],[75.097,15.6338],[75.0974,15.6358],[75.0978,15.6389],[75.0979,15.6399],[75.0982,15.6418],[75.0985,15.6445],[75.0989,15.6469],[75.0993,15.6495],[75.0995,15.6519],[75.0997,15.6537],[75.0998,15.6564],[75.1,15.6578],[75.1003,15.6604],[75.1032,15.6617],[75.1049,15.6622],[75.1056,15.6656],[75.1066,15.6704],[75.1073,15.6722],[75.1113,15.6712],[75.1132,15.6707],[75.1142,15.6705],[75.1154,15.6702],[75.1177,15.6697],[75.1205,15.6691],[75.1222,15.6687],[75.1228,15.6685],[75.1233,15.6684],[75.1243,15.6658],[75.1264,15.6652],[75.1279,15.6654],[75.1282,15.6653],[75.1295,15.6643],[75.1294,15.6631],[75.1304,15.6626],[75.1322,15.6606],[75.1338,15.6605],[75.1355,15.6606],[75.1363,15.6606],[75.1371,15.6603],[75.139,15.66],[75.1397,15.6588],[75.1402,15.6585],[75.141,15.6583],[75.1425,15.6588],[75.1437,15.6594],[75.1454,15.6599],[75.1465,15.6605],[75.1473,15.6606],[75.1478,15.6595],[75.1481,15.6591],[75.1495,15.6592],[75.1505,15.6609],[75.1523,15.6602],[75.1536,15.6602],[75.1544,15.6599],[75.1558,15.6596],[75.157,15.6602],[75.1586,15.66],[75.1603,15.6603],[75.1626,15.6601],[75.1645,15.6597],[75.168,15.6596],[75.1694,15.6599],[75.1711,15.6603],[75.1724,15.6592],[75.1739,15.6598],[75.1745,15.6595],[75.1762,15.6589],[75.1777,15.6585],[75.1783,15.658],[75.1791,15.6572],[75.1804,15.6561],[75.1811,15.6568],[75.1819,15.6575],[75.1833,15.6579],[75.184,15.6563],[75.1846,15.6558],[75.1859,15.6556],[75.1862,15.6533],[75.1869,15.6493],[75.1882,15.6493],[75.1904,15.6493],[75.1933,15.6493],[75.1944,15.6492],[75.1949,15.6492],[75.1981,15.6494],[75.2017,15.6492],[75.2025,15.6504],[75.2026,15.6521],[75.2025,15.6545],[75.2028,15.6558],[75.2029,15.6585],[75.2032,15.6623],[75.2035,15.6639],[75.2035,15.6688],[75.2035,15.6719],[75.2036,15.6764],[75.2033,15.6814],[75.2054,15.6816],[75.2075,15.6816],[75.2114,15.6816],[75.2169,15.6813],[75.2183,15.6805],[75.2181,15.6773],[75.2183,15.6773],[75.2192,15.6773],[75.2197,15.6773],[75.221,15.6773],[75.2232,15.6773],[75.2244,15.6773],[75.2253,15.6774],[75.2277,15.6778],[75.2286,15.678],[75.2301,15.6781],[75.2316,15.6784],[75.2347,15.6789],[75.236,15.6791],[75.2366,15.6783],[75.2382,15.6745],[75.2387,15.6733],[75.2395,15.6712],[75.2405,15.6688],[75.241,15.6679],[75.242,15.6653],[75.2423,15.6641],[75.2428,15.6625],[75.2436,15.6602],[75.2447,15.6569],[75.2464,15.6532],[75.2484,15.6485],[75.2501,15.6473],[75.2518,15.6475],[75.2536,15.6476],[75.2552,15.6477],[75.2582,15.6479],[75.2599,15.6481],[75.2637,15.6483],[75.2672,15.6484],[75.2717,15.6483],[75.2729,15.6483],[75.2726,15.6515],[75.2723,15.6526],[75.2722,15.6538],[75.2721,15.6554],[75.2717,15.6613],[75.2725,15.6668],[75.2739,15.673],[75.2754,15.6791],[75.2766,15.6838],[75.2768,15.6857],[75.2771,15.6878],[75.2776,15.6894],[75.2785,15.6901],[75.2783,15.6951],[75.2782,15.6976],[75.2782,15.7],[75.2781,15.7028],[75.278,15.7055],[75.2779,15.7079],[75.2773,15.7113],[75.2768,15.7148],[75.2769,15.7164],[75.2768,15.7206],[75.2765,15.7222],[75.2742,15.7233],[75.2739,15.7272],[75.2747,15.7356],[75.2775,15.7409],[75.2831,15.7415],[75.2874,15.7415],[75.2931,15.7414],[75.2931,15.7388],[75.2929,15.7316],[75.2978,15.7278],[75.3033,15.7286],[75.3066,15.7293],[75.3077,15.7296],[75.3102,15.73],[75.3136,15.7303],[75.3149,15.7357],[75.3176,15.7447],[75.3181,15.7491],[75.3183,15.7532],[75.3178,15.7589],[75.3177,15.7624],[75.3159,15.7643],[75.3123,15.7648],[75.3079,15.7659],[75.3054,15.7664],[75.3053,15.7691],[75.3047,15.7738],[75.3043,15.7772],[75.3038,15.7812],[75.3035,15.7832],[75.3034,15.7858],[75.3035,15.7882],[75.3038,15.7917],[75.304,15.7958],[75.3041,15.8016],[75.3038,15.8024],[75.3037,15.8037],[75.3032,15.8061],[75.303,15.8086],[75.303,15.8108],[75.3048,15.8125],[75.3071,15.8125],[75.3104,15.8124],[75.3134,15.8123],[75.318,15.8126],[75.3207,15.8107],[75.3248,15.8122],[75.328,15.8136],[75.3315,15.8157],[75.3325,15.8175],[75.3315,15.8201],[75.3306,15.8222],[75.33,15.8245],[75.3318,15.8251],[75.3358,15.8265],[75.3389,15.8277],[75.3392,15.8257],[75.3397,15.8219],[75.3402,15.8183],[75.3404,15.8148],[75.3407,15.8124],[75.3409,15.8078],[75.3411,15.8047],[75.3479,15.8049],[75.3516,15.8046],[75.3553,15.8045],[75.3574,15.8045],[75.3612,15.8045],[75.3647,15.8056],[75.3651,15.8099],[75.3664,15.8165],[75.3671,15.8187],[75.3684,15.8229],[75.3697,15.8272],[75.3705,15.8305],[75.3712,15.8336],[75.3727,15.8371],[75.3737,15.8399],[75.3749,15.8446],[75.3754,15.846],[75.38,15.8441],[75.3823,15.843],[75.382,15.8404],[75.3846,15.8387],[75.3898,15.8385],[75.3988,15.8397],[75.4022,15.8417],[75.4112,15.841],[75.4169,15.8421],[75.4203,15.8422],[75.4249,15.8418],[75.4252,15.8391],[75.4252,15.8346],[75.4245,15.8306],[75.4242,15.8275],[75.4233,15.8225],[75.423,15.8209],[75.4226,15.8187],[75.4219,15.8164],[75.421,15.8136],[75.4202,15.8114],[75.4196,15.8089],[75.4191,15.8068],[75.4183,15.803],[75.4174,15.7995],[75.4167,15.7964],[75.4163,15.7936],[75.4154,15.7893],[75.4141,15.7841],[75.4172,15.7834],[75.4206,15.7826],[75.4249,15.7815],[75.43,15.7802],[75.4348,15.7785],[75.4365,15.78],[75.4368,15.7822],[75.437,15.7841],[75.4373,15.7867],[75.4381,15.7897],[75.4384,15.7909],[75.4389,15.7928],[75.4395,15.795],[75.443,15.7942],[75.4465,15.7937],[75.4481,15.7971],[75.4492,15.8019],[75.4495,15.803],[75.45,15.8054],[75.4507,15.809],[75.4531,15.8109],[75.4545,15.8156],[75.4576,15.818],[75.4579,15.8211],[75.4578,15.8226],[75.4576,15.8245],[75.4575,15.8261],[75.4573,15.8291],[75.4573,15.8318],[75.4574,15.8343],[75.4575,15.8366],[75.4575,15.839],[75.4575,15.8412],[75.4576,15.8439],[75.4578,15.8467],[75.458,15.8496],[75.4579,15.8552],[75.4577,15.8583],[75.4576,15.8606],[75.457,15.8615],[75.4556,15.8618],[75.452,15.8618],[75.4512,15.8631],[75.4513,15.8649],[75.4514,15.8663],[75.4515,15.8678],[75.4516,15.8697],[75.452,15.873],[75.4524,15.8767],[75.4526,15.8791],[75.4529,15.8818],[75.4495,15.8864],[75.4459,15.8869],[75.4432,15.8896],[75.4464,15.8901],[75.447,15.8921],[75.4445,15.8937],[75.4429,15.8939],[75.4403,15.8933],[75.439,15.8933],[75.4378,15.8935],[75.4372,15.8942],[75.4374,15.8969],[75.4374,15.8986],[75.4376,15.9012],[75.4379,15.9044],[75.4383,15.9084],[75.4391,15.9127],[75.4406,15.9183],[75.436,15.9193],[75.4336,15.9198],[75.4312,15.9201],[75.4262,15.9215],[75.4252,15.9233],[75.4257,15.9242],[75.4269,15.9264],[75.4278,15.9286],[75.4288,15.9307],[75.4306,15.9351],[75.4286,15.9377],[75.4303,15.9415],[75.4316,15.9443],[75.4327,15.945],[75.4348,15.9509],[75.4369,15.9576],[75.4397,15.9659],[75.4361,15.9678],[75.4308,15.9707],[75.4329,15.9768],[75.4363,15.9896],[75.4369,15.9964],[75.4374,15.9995],[75.4376,16.0011],[75.4381,16.0021],[75.4387,16.0043],[75.4371,16.0051],[75.4336,16.0072],[75.4263,16.0126],[75.4248,16.0223],[75.4235,16.0301],[75.4202,16.0323],[75.4161,16.0326],[75.4163,16.0417],[75.4163,16.0495],[75.416,16.053],[75.4205,16.0569],[75.4228,16.0576],[75.4274,16.0579],[75.4281,16.0665],[75.4282,16.0684],[75.4298,16.0774],[75.4305,16.0805],[75.4297,16.0836],[75.429,16.086],[75.4284,16.0894],[75.4279,16.0924],[75.4282,16.0944],[75.4293,16.0955],[75.4276,16.0974],[75.4233,16.0991],[75.4208,16.0996],[75.419,16.1003],[75.4184,16.1028],[75.4179,16.105],[75.4174,16.1075],[75.417,16.1086],[75.4167,16.11],[75.4162,16.112],[75.4156,16.1136],[75.4153,16.115],[75.4148,16.1186],[75.4141,16.1209],[75.4131,16.1247],[75.4125,16.1281],[75.4107,16.1292],[75.407,16.126],[75.4055,16.1216],[75.4053,16.1186],[75.4044,16.1166],[75.4016,16.1135],[75.3975,16.1133],[75.3942,16.1132],[75.3887,16.1131],[75.3795,16.1138],[75.3707,16.1141],[75.366,16.1144],[75.3593,16.1147],[75.3555,16.1151],[75.3545,16.1252],[75.3433,16.1238],[75.3358,16.1199],[75.3314,16.1172],[75.3278,16.1157],[75.3245,16.1167],[75.3194,16.1158],[75.317,16.1161],[75.3143,16.1162],[75.3131,16.1162],[75.3115,16.1164],[75.308,16.1168],[75.3059,16.1172],[75.3044,16.1173],[75.303,16.1173],[75.2985,16.1174],[75.2942,16.1179],[75.2933,16.1182],[75.2909,16.1187],[75.2869,16.1193],[75.2838,16.1192],[75.2802,16.1194],[75.2762,16.1224],[75.2784,16.1297],[75.2808,16.1355],[75.2835,16.1422],[75.2863,16.1488],[75.2883,16.155],[75.2895,16.1601],[75.29,16.162],[75.2907,16.1657],[75.2919,16.1701],[75.2925,16.1725],[75.2853,16.1777],[75.2862,16.1889],[75.2873,16.1954],[75.2854,16.2016],[75.2809,16.1999],[75.2795,16.2011],[75.2764,16.2031],[75.2751,16.2039],[75.2736,16.2055],[75.272,16.2066],[75.2687,16.2075],[75.2674,16.2075],[75.264,16.2068],[75.2622,16.2065],[75.2595,16.2063],[75.2535,16.2054],[75.2527,16.2043],[75.25,16.2044],[75.2469,16.2047],[75.2409,16.2072],[75.2349,16.2089],[75.2331,16.2112],[75.2336,16.2129],[75.2331,16.2163],[75.2323,16.2195],[75.2309,16.2228],[75.2307,16.2264],[75.2298,16.2306],[75.2342,16.2428],[75.239,16.2514],[75.2344,16.251],[75.2335,16.2561],[75.2316,16.2601],[75.2258,16.2618],[75.2228,16.2636],[75.2213,16.2652],[75.2195,16.2668],[75.2174,16.2686],[75.2145,16.2697],[75.2095,16.2712],[75.2076,16.2717],[75.2045,16.2725],[75.1995,16.2735],[75.1967,16.2741],[75.1927,16.2746],[75.1892,16.275],[75.1865,16.2754],[75.184,16.2756],[75.1783,16.2749],[75.1744,16.276],[75.1702,16.28],[75.1667,16.2797],[75.1636,16.2799],[75.1582,16.2804],[75.1561,16.2805],[75.1495,16.282],[75.1416,16.2837],[75.1379,16.2846],[75.1304,16.2868],[75.1298,16.2916],[75.1291,16.2955],[75.1316,16.3006],[75.1323,16.3024],[75.1318,16.3038],[75.1351,16.3156],[75.1369,16.3215],[75.1384,16.3257],[75.1351,16.3277],[75.1316,16.3307],[75.1277,16.3311],[75.1241,16.3308],[75.1222,16.3297],[75.1192,16.328],[75.1157,16.3263],[75.1141,16.3276],[75.1121,16.328],[75.108,16.3283],[75.1056,16.3276],[75.0989,16.326],[75.0921,16.3266],[75.0889,16.3291],[75.0775,16.332],[75.0672,16.3271],[75.0632,16.3279],[75.0602,16.3303],[75.0571,16.3313],[75.0518,16.3262],[75.0481,16.3238],[75.0444,16.3203],[75.0437,16.3196],[75.0407,16.3251],[75.0355,16.335],[75.0338,16.341],[75.0337,16.3453],[75.0337,16.3472],[75.0335,16.3491],[75.0333,16.3505],[75.0331,16.352],[75.0328,16.3534],[75.0327,16.3557],[75.0327,16.3572],[75.0326,16.3587],[75.0328,16.3607],[75.033,16.3624],[75.0334,16.3647],[75.0334,16.366],[75.0335,16.3672],[75.0338,16.3691],[75.034,16.3727],[75.0339,16.3756],[75.0338,16.3774],[75.0337,16.3805],[75.0341,16.3829],[75.035,16.3864],[75.0365,16.3909],[75.0379,16.3937],[75.0399,16.3976],[75.0445,16.3958],[75.0482,16.3958],[75.0498,16.3997],[75.0529,16.4003],[75.0568,16.4012],[75.0626,16.4021],[75.0633,16.4023],[75.066,16.4028],[75.0719,16.4043],[75.0732,16.4089],[75.0736,16.411],[75.0738,16.4165],[75.0741,16.4203],[75.0743,16.4219],[75.0747,16.4253],[75.0751,16.4292],[75.0767,16.435],[75.0772,16.4377],[75.0747,16.4375],[75.072,16.4373],[75.07,16.4371],[75.0657,16.4369],[75.0594,16.4364],[75.0517,16.4353],[75.0475,16.4348],[75.038,16.4347],[75.0334,16.4341],[75.0282,16.433],[75.0256,16.4343],[75.0232,16.4376],[75.0228,16.4399],[75.0173,16.4413],[75.0167,16.4434],[75.0162,16.446],[75.0155,16.4487],[75.0155,16.4508],[75.0159,16.4571],[75.0089,16.4582],[75.0045,16.4583],[75.003,16.458],[75.0022,16.4578],[75.0019,16.4574],[75.0,16.4563],[74.9962,16.4543],[74.9888,16.4546],[74.9915,16.459],[74.9909,16.4625],[74.9866,16.4628],[74.986,16.4662],[74.9868,16.4708],[74.9887,16.4759],[74.989,16.4782],[74.9884,16.4822],[74.9884,16.4882],[74.9882,16.4904],[74.9885,16.4934],[74.9882,16.4995],[74.9892,16.5024],[74.9908,16.5073],[74.9914,16.5094],[74.9931,16.512],[74.9978,16.5176],[74.9995,16.5238],[74.9999,16.5268],[75.0006,16.5297],[75.0039,16.5313],[75.0052,16.5338],[75.0066,16.5353],[75.0075,16.5382],[75.0125,16.5383],[75.0204,16.5384],[75.0269,16.5382],[75.034,16.5388],[75.0361,16.5391],[75.0391,16.5393],[75.0474,16.5396],[75.0497,16.5395],[75.0552,16.5395],[75.0576,16.5394],[75.0608,16.5395],[75.0634,16.5396],[75.0661,16.5393],[75.067,16.5413],[75.0672,16.5456],[75.068,16.5523],[75.0696,16.5617],[75.0701,16.5641],[75.0715,16.5664],[75.08,16.5618],[75.0834,16.5586],[75.0865,16.5536],[75.0874,16.5499],[75.088,16.5449],[75.0918,16.5348],[75.0992,16.5275],[75.1003,16.524],[75.1014,16.5201],[75.1017,16.5185],[75.102,16.5169],[75.1027,16.514],[75.1096,16.5067],[75.1186,16.5062],[75.1259,16.5116],[75.1317,16.5211],[75.1474,16.5249],[75.1533,16.5266],[75.1601,16.5307],[75.1639,16.536],[75.1657,16.5413],[75.1667,16.5495],[75.1655,16.555],[75.1635,16.5585],[75.1613,16.5625],[75.1601,16.5646],[75.1589,16.5672],[75.1587,16.5684],[75.1583,16.5703],[75.158,16.5719],[75.158,16.5733],[75.158,16.5742],[75.158,16.5762],[75.1581,16.5788],[75.1583,16.5825],[75.1591,16.5873],[75.1622,16.5909],[75.1703,16.5987],[75.1771,16.6028],[75.1848,16.6048],[75.1907,16.6057],[75.2014,16.6083],[75.2108,16.6121],[75.2272,16.6151],[75.2345,16.6131],[75.2373,16.6109],[75.2427,16.6081],[75.2472,16.6061],[75.2536,16.6059],[75.2565,16.607],[75.2599,16.6074],[75.2572,16.6088],[75.2571,16.61],[75.2576,16.6107],[75.2584,16.6126],[75.2561,16.6156],[75.2555,16.6168],[75.2555,16.6184],[75.2564,16.6194],[75.2591,16.6193],[75.2601,16.6194],[75.2619,16.6204],[75.2623,16.6231],[75.2634,16.6263],[75.2639,16.6275],[75.2646,16.6293],[75.2651,16.6307],[75.2658,16.6323],[75.2663,16.6338],[75.2667,16.635],[75.2671,16.6364],[75.2675,16.6378],[75.2679,16.6391],[75.268,16.6403],[75.268,16.6422],[75.268,16.6433],[75.2678,16.6455],[75.2674,16.6485],[75.2672,16.6508],[75.2668,16.6526],[75.2664,16.6552],[75.2658,16.6668],[75.2642,16.6899],[75.2656,16.6933],[75.2682,16.6954],[75.2719,16.6984],[75.2747,16.7007],[75.2778,16.7032],[75.2794,16.7048],[75.2811,16.707],[75.2879,16.7144],[75.2998,16.7167],[75.3092,16.7178],[75.3178,16.7185],[75.3183,16.7185],[75.3195,16.7185],[75.3282,16.7174],[75.335,16.7164],[75.347,16.7159],[75.3623,16.7146],[75.3649,16.7174],[75.3637,16.7207],[75.3648,16.7238],[75.3642,16.7257],[75.3629,16.7275],[75.3634,16.7289],[75.363,16.7306],[75.3642,16.7349],[75.3637,16.7372],[75.3654,16.7406],[75.3664,16.7433],[75.3661,16.7437],[75.3658,16.7458],[75.3656,16.7471],[75.3661,16.7504],[75.3665,16.7559],[75.3666,16.7595],[75.3709,16.7608],[75.3764,16.7618],[75.3828,16.7623],[75.3853,16.7618],[75.386,16.7635],[75.3857,16.77],[75.3852,16.7724],[75.3841,16.7768],[75.3831,16.7821],[75.3823,16.7866],[75.3817,16.7906],[75.3811,16.7956],[75.38,16.7985],[75.3787,16.8],[75.3784,16.802],[75.3783,16.8029],[75.3783,16.8038],[75.3782,16.8069],[75.378,16.8098],[75.3798,16.8127],[75.3795,16.8169],[75.3789,16.8224],[75.3796,16.827],[75.38,16.8289],[75.3804,16.831],[75.3811,16.8331],[75.3816,16.8344],[75.3823,16.836],[75.3837,16.8388],[75.3854,16.8426],[75.387,16.8458],[75.3895,16.8508],[75.3917,16.8552],[75.3939,16.8597],[75.3948,16.8621],[75.3921,16.8634],[75.3889,16.8636],[75.3856,16.8638],[75.3838,16.8644],[75.3817,16.866],[75.3792,16.8661],[75.3765,16.8658],[75.375,16.8671],[75.3722,16.8668],[75.3701,16.8666],[75.3673,16.868],[75.3643,16.8695],[75.3625,16.8698],[75.3587,16.8712],[75.3526,16.8715],[75.3501,16.8709],[75.348,16.871],[75.3464,16.8708],[75.3418,16.8704],[75.3362,16.8691],[75.3353,16.8715],[75.3356,16.8748],[75.3357,16.8789],[75.3354,16.8818],[75.3351,16.8856],[75.3346,16.8892],[75.3341,16.8923],[75.334,16.8934],[75.3339,16.8954],[75.334,16.8976],[75.3344,16.9006],[75.3345,16.9054],[75.3345,16.9097],[75.3346,16.9127],[75.335,16.9159],[75.3354,16.9189],[75.3356,16.9211],[75.3364,16.9256],[75.3377,16.9291],[75.3384,16.9318],[75.3392,16.9339],[75.3397,16.936],[75.3399,16.9369],[75.3406,16.9401],[75.3414,16.9433],[75.3421,16.9464],[75.3424,16.9501],[75.3428,16.9521],[75.3426,16.9534],[75.3419,16.9555],[75.335,16.956],[75.3259,16.9561],[75.3193,16.9568],[75.3134,16.9569],[75.3075,16.9567],[75.3022,16.9566],[75.2963,16.9566],[75.2911,16.9571],[75.2857,16.9575],[75.2798,16.956],[75.2806,16.9516],[75.2799,16.9472],[75.2798,16.9434],[75.2797,16.9375],[75.28,16.9325],[75.2802,16.9281],[75.2811,16.9211],[75.2817,16.9171],[75.2821,16.9133],[75.2856,16.9087],[75.2891,16.9027],[75.2835,16.8834],[75.2803,16.8783],[75.2788,16.8764],[75.2771,16.8743],[75.2747,16.8713],[75.2728,16.8691],[75.2705,16.8671],[75.2671,16.8644],[75.2578,16.8645],[75.2484,16.8652],[75.2361,16.8623],[75.2296,16.8477],[75.2201,16.8421],[75.2058,16.8426],[75.1945,16.8428],[75.1888,16.8427],[75.184,16.8432],[75.1831,16.8517],[75.1856,16.8617],[75.1881,16.8745],[75.1809,16.8708],[75.1719,16.8676],[75.1525,16.8691],[75.1403,16.8731],[75.1339,16.8838],[75.1334,16.8922],[75.1285,16.8975],[75.1203,16.9023],[75.1185,16.9101],[75.1127,16.9134],[75.1043,16.9127],[75.0959,16.9145],[75.0925,16.9251],[75.0924,16.933],[75.0923,16.9414],[75.0901,16.951],[75.0864,16.9523],[75.0814,16.95],[75.076,16.9503],[75.073,16.9478],[75.0694,16.946],[75.0649,16.9431],[75.0594,16.9426],[75.0529,16.9425],[75.0466,16.9425],[75.0411,16.9404],[75.0391,16.9362],[75.0346,16.9333],[75.0291,16.9318],[75.026,16.9311],[75.027,16.9433],[75.0124,16.9459],[74.9954,16.9517],[74.9875,16.9523],[74.9735,16.951],[74.9664,16.948],[74.9643,16.9412],[74.9608,16.94],[74.9596,16.9379],[74.9594,16.9344],[74.9642,16.9314],[74.9577,16.9286],[74.9478,16.9394],[74.934,16.945],[74.9293,16.9414],[74.9219,16.9322],[74.9327,16.9191],[74.9418,16.9125],[74.9539,16.9105],[74.9545,16.9051],[74.9636,16.9107],[74.9619,16.8956],[74.9608,16.8855],[74.9525,16.8807],[74.9381,16.88],[74.9276,16.8722],[74.9252,16.864],[74.9165,16.864],[74.9078,16.8636],[74.9028,16.8592],[74.9061,16.853],[74.9087,16.8429],[74.91,16.8348],[74.9094,16.8312],[74.9087,16.8266],[74.9084,16.823],[74.9096,16.8183],[74.9101,16.8115],[74.9103,16.8027],[74.9107,16.7887],[74.9158,16.7801],[74.9162,16.7725],[74.8985,16.7717],[74.8856,16.772],[74.872,16.7739],[74.8654,16.764],[74.8575,16.7679],[74.8498,16.7726],[74.8429,16.7617],[74.8381,16.7609],[74.8293,16.7593],[74.8159,16.7569],[74.7976,16.7521],[74.7944,16.7477],[74.7893,16.7493],[74.7851,16.7507],[74.7805,16.7508],[74.7769,16.7512],[74.7729,16.751],[74.7703,16.7474],[74.7672,16.7435],[74.7616,16.7419],[74.7578,16.7382],[74.7538,16.7346],[74.7521,16.731],[74.7474,16.729],[74.7431,16.7263],[74.7385,16.7239],[74.7325,16.7193],[74.7321,16.7185]]],[[[74.309,15.8031],[74.3054,15.806],[74.2952,15.8276],[74.2629,15.8275],[74.2686,15.8172],[74.2669,15.8098],[74.2674,15.8013],[74.2758,15.7944],[74.2904,15.7905],[74.2992,15.7902],[74.3086,15.7912],[74.3134,15.7955],[74.3124,15.8006],[74.309,15.8031]]],[[[75.0419,16.4541],[75.0398,16.4533],[75.0389,16.4501],[75.0386,16.4474],[75.0381,16.4434],[75.0379,16.442],[75.0401,16.4392],[75.0413,16.4404],[75.0413,16.4412],[75.0414,16.4429],[75.0416,16.446],[75.0416,16.4478],[75.0418,16.4512],[75.0419,16.4541],[75.0419,16.4541]]]]}},{"type":"Feature","properties":{"name":"Bagalkote","district_name":"Bagalkote"},"geometry":{"type":"MultiPolygon","coordinates":[[[[75.5568,16.4267],[75.5532,16.4394],[75.5525,16.454],[75.5406,16.4657],[75.5219,16.4632],[75.5022,16.455],[75.4972,16.441],[75.4952,16.4243],[75.4795,16.4162],[75.4628,16.4174],[75.4521,16.4135],[75.434,16.4287],[75.4332,16.4386],[75.4523,16.4573],[75.4563,16.4622],[75.4632,16.4701],[75.4653,16.474],[75.4642,16.4801],[75.4622,16.4825],[75.4605,16.4869],[75.4596,16.4931],[75.459,16.4967],[75.4578,16.5013],[75.4563,16.5047],[75.4601,16.5063],[75.4668,16.507],[75.472,16.5073],[75.4767,16.5076],[75.4815,16.5075],[75.4854,16.5076],[75.4873,16.5135],[75.4888,16.5192],[75.4904,16.5226],[75.4907,16.5292],[75.4885,16.5327],[75.4886,16.5373],[75.4884,16.5391],[75.4885,16.5525],[75.4845,16.557],[75.4808,16.5599],[75.474,16.5632],[75.473,16.5656],[75.4764,16.5673],[75.4856,16.5747],[75.4855,16.5804],[75.491,16.584],[75.4929,16.5904],[75.4929,16.592],[75.4919,16.5954],[75.4912,16.5995],[75.4839,16.6064],[75.4806,16.6087],[75.4774,16.6107],[75.4729,16.6128],[75.4672,16.6178],[75.462,16.6226],[75.4622,16.6288],[75.4616,16.6327],[75.4599,16.639],[75.4583,16.6433],[75.457,16.6481],[75.4558,16.6535],[75.4548,16.661],[75.4517,16.6653],[75.4458,16.6702],[75.4434,16.6784],[75.4417,16.6839],[75.4401,16.6896],[75.438,16.6963],[75.4401,16.6987],[75.4455,16.6998],[75.4514,16.6994],[75.4603,16.6997],[75.4677,16.6986],[75.4789,16.6965],[75.4881,16.6946],[75.4885,16.6974],[75.489,16.701],[75.4894,16.7045],[75.4902,16.7106],[75.4909,16.7153],[75.4913,16.7191],[75.4919,16.7254],[75.4921,16.7303],[75.492,16.7361],[75.4923,16.7441],[75.4921,16.7456],[75.4858,16.7469],[75.4812,16.7476],[75.477,16.7481],[75.47,16.7514],[75.462,16.7547],[75.456,16.7548],[75.4468,16.7553],[75.4447,16.7567],[75.4424,16.757],[75.4413,16.7591],[75.4395,16.7607],[75.4381,16.7624],[75.4353,16.7625],[75.4333,16.7643],[75.4322,16.7658],[75.4297,16.7666],[75.4272,16.7679],[75.4238,16.7682],[75.422,16.7677],[75.4197,16.7682],[75.4173,16.7667],[75.414,16.7656],[75.4128,16.7663],[75.4092,16.7648],[75.4068,16.7616],[75.4017,16.761],[75.3952,16.7601],[75.3914,16.761],[75.3922,16.762],[75.3911,16.7622],[75.3873,16.7618],[75.3852,16.7614],[75.3807,16.7623],[75.3756,16.7617],[75.3687,16.7603],[75.3665,16.7583],[75.3664,16.7539],[75.3661,16.7503],[75.3657,16.7466],[75.3659,16.7454],[75.3663,16.7435],[75.3663,16.7425],[75.3648,16.7394],[75.364,16.7371],[75.3635,16.7337],[75.3627,16.7303],[75.3631,16.7285],[75.364,16.7273],[75.3641,16.7256],[75.365,16.723],[75.3636,16.7201],[75.3642,16.7167],[75.362,16.7146],[75.3457,16.7159],[75.331,16.7167],[75.3251,16.718],[75.3189,16.7185],[75.3183,16.7185],[75.3173,16.7185],[75.3077,16.7176],[75.2969,16.7156],[75.2865,16.7128],[75.2798,16.7053],[75.2794,16.7048],[75.277,16.7024],[75.274,16.7001],[75.2712,16.6978],[75.2676,16.6949],[75.2655,16.6931],[75.2633,16.685],[75.2662,16.6594],[75.2664,16.6552],[75.2668,16.6523],[75.2673,16.6499],[75.2676,16.6478],[75.2678,16.645],[75.268,16.6431],[75.2681,16.6416],[75.268,16.64],[75.2678,16.6387],[75.2674,16.6375],[75.267,16.6361],[75.2667,16.6349],[75.2662,16.6334],[75.2656,16.6318],[75.265,16.6304],[75.2645,16.629],[75.2636,16.6267],[75.2631,16.6255],[75.262,16.6222],[75.2619,16.6202],[75.2597,16.6193],[75.2583,16.6195],[75.2562,16.6191],[75.2554,16.6178],[75.2556,16.6164],[75.2562,16.6154],[75.2585,16.6124],[75.2576,16.6106],[75.2566,16.6096],[75.2579,16.6083],[75.2597,16.6073],[75.2556,16.6067],[75.2532,16.6055],[75.2451,16.607],[75.2415,16.6087],[75.2368,16.6111],[75.2337,16.6135],[75.2244,16.6156],[75.2089,16.6113],[75.197,16.6072],[75.1878,16.605],[75.1834,16.6045],[75.1744,16.6013],[75.1667,16.596],[75.1609,16.5893],[75.1588,16.5862],[75.1582,16.5805],[75.1581,16.578],[75.158,16.5752],[75.158,16.5737],[75.158,16.5729],[75.1581,16.5716],[75.1584,16.5699],[75.1587,16.568],[75.159,16.5669],[75.1604,16.564],[75.1616,16.5618],[75.1641,16.5575],[75.1659,16.5547],[75.1668,16.5475],[75.1651,16.5399],[75.1634,16.5347],[75.159,16.5296],[75.1526,16.5264],[75.1444,16.5248],[75.1294,16.5177],[75.1246,16.51],[75.1158,16.5053],[75.1069,16.5082],[75.1025,16.5149],[75.102,16.5173],[75.1017,16.5187],[75.1014,16.5203],[75.1001,16.5249],[75.0985,16.5285],[75.0892,16.539],[75.0879,16.5461],[75.0871,16.5511],[75.0862,16.5543],[75.0832,16.5589],[75.0794,16.5625],[75.0715,16.5663],[75.0701,16.5635],[75.0692,16.5592],[75.0675,16.5501],[75.0671,16.544],[75.067,16.5408],[75.065,16.5395],[75.0629,16.5396],[75.0597,16.5395],[75.0566,16.5395],[75.0549,16.5395],[75.0497,16.5395],[75.0467,16.5395],[75.038,16.5393],[75.0359,16.5391],[75.0334,16.5387],[75.0262,16.5382],[75.0184,16.5385],[75.0112,16.5383],[75.0073,16.5377],[75.0066,16.5348],[75.0042,16.5339],[75.0016,16.5309],[75.0004,16.529],[74.9998,16.5265],[74.9996,16.5237],[74.9974,16.5171],[74.9922,16.5106],[74.9913,16.5087],[74.9903,16.5067],[74.9889,16.5014],[74.9881,16.4981],[74.9884,16.4919],[74.9884,16.4886],[74.9884,16.4865],[74.9885,16.4817],[74.9889,16.4779],[74.9887,16.4748],[74.9863,16.4704],[74.986,16.4659],[74.988,16.4628],[74.9911,16.4619],[74.9895,16.4574],[74.9887,16.454],[74.9975,16.4545],[75.0014,16.4572],[75.002,16.4576],[75.0022,16.4579],[75.0039,16.4582],[75.005,16.4583],[75.0108,16.4583],[75.0152,16.4545],[75.0154,16.4508],[75.0156,16.4483],[75.0163,16.4453],[75.0169,16.4426],[75.0173,16.4406],[75.0231,16.4399],[75.0232,16.4353],[75.026,16.4342],[75.0287,16.433],[75.0347,16.4345],[75.0415,16.4346],[75.0487,16.4349],[75.0528,16.4355],[75.0624,16.4368],[75.0675,16.437],[75.0712,16.4372],[75.0722,16.4373],[75.0758,16.4376],[75.0771,16.4376],[75.0762,16.4334],[75.075,16.4281],[75.0746,16.4246],[75.0743,16.4219],[75.0739,16.4189],[75.0736,16.4152],[75.0735,16.4104],[75.0732,16.4089],[75.0715,16.404],[75.0652,16.4027],[75.063,16.4022],[75.0625,16.4021],[75.0563,16.4011],[75.0527,16.4003],[75.0486,16.3989],[75.0473,16.3958],[75.0423,16.3958],[75.0389,16.3974],[75.0379,16.3937],[75.0359,16.3893],[75.0347,16.3856],[75.034,16.3825],[75.0337,16.3801],[75.0338,16.3769],[75.034,16.3751],[75.034,16.3717],[75.0336,16.368],[75.0335,16.3671],[75.0334,16.3655],[75.0333,16.3646],[75.033,16.3621],[75.0327,16.3599],[75.0326,16.3583],[75.0327,16.3572],[75.0327,16.355],[75.033,16.3528],[75.0332,16.3516],[75.0334,16.3499],[75.0335,16.3489],[75.0337,16.3472],[75.0337,16.3446],[75.0339,16.3398],[75.0363,16.3335],[75.0417,16.3235],[75.0437,16.3196],[75.0449,16.3209],[75.0483,16.324],[75.0532,16.3282],[75.0577,16.3315],[75.0605,16.33],[75.0627,16.3275],[75.0699,16.3289],[75.0795,16.3312],[75.0888,16.3287],[75.0932,16.3259],[75.1001,16.3264],[75.1063,16.3277],[75.1084,16.3284],[75.1124,16.328],[75.1143,16.3275],[75.1165,16.3264],[75.12,16.3283],[75.1225,16.3298],[75.1252,16.331],[75.1291,16.331],[75.132,16.3304],[75.1358,16.3273],[75.1381,16.3248],[75.1367,16.3208],[75.1342,16.3127],[75.1321,16.3035],[75.1321,16.302],[75.1304,16.2996],[75.1291,16.2948],[75.1295,16.2895],[75.1336,16.2856],[75.1381,16.2849],[75.1433,16.2834],[75.1519,16.2814],[75.1566,16.2805],[75.1594,16.2802],[75.1644,16.2799],[75.1668,16.2797],[75.1711,16.2786],[75.176,16.2756],[75.1785,16.2749],[75.1842,16.2756],[75.1869,16.2753],[75.1907,16.2749],[75.1928,16.2746],[75.1971,16.274],[75.2002,16.2734],[75.2046,16.2725],[75.2079,16.2716],[75.2108,16.2708],[75.2157,16.2694],[75.218,16.2682],[75.2198,16.2665],[75.2214,16.2652],[75.2231,16.2634],[75.228,16.2609],[75.2335,16.2597],[75.2331,16.2538],[75.2351,16.2511],[75.2391,16.2512],[75.2339,16.2392],[75.23,16.2299],[75.2304,16.2253],[75.2312,16.2225],[75.2328,16.2191],[75.2331,16.2157],[75.2336,16.2125],[75.2328,16.2105],[75.2366,16.2085],[75.2427,16.2064],[75.2475,16.2045],[75.2502,16.2044],[75.2532,16.2043],[75.2537,16.2055],[75.2599,16.2063],[75.2624,16.2065],[75.2641,16.2069],[75.2675,16.2075],[75.2695,16.2075],[75.2721,16.2066],[75.2736,16.2055],[75.2751,16.2039],[75.2771,16.2027],[75.2796,16.2011],[75.2825,16.2002],[75.2855,16.202],[75.2882,16.1932],[75.2858,16.1871],[75.2848,16.1768],[75.2926,16.1725],[75.2913,16.1683],[75.2905,16.1644],[75.2899,16.1614],[75.2891,16.1589],[75.2878,16.1533],[75.2855,16.1467],[75.2831,16.141],[75.2807,16.1351],[75.2778,16.1279],[75.277,16.1202],[75.2803,16.1193],[75.2844,16.1191],[75.2891,16.1191],[75.2918,16.1185],[75.2934,16.1181],[75.2955,16.1177],[75.3003,16.1173],[75.3033,16.1173],[75.3047,16.1173],[75.3066,16.1171],[75.3083,16.1168],[75.3119,16.1164],[75.3131,16.1162],[75.3153,16.1161],[75.3176,16.116],[75.3212,16.1159],[75.3251,16.1164],[75.3279,16.1157],[75.3323,16.1174],[75.3375,16.1205],[75.3464,16.1232],[75.3536,16.1195],[75.3569,16.1148],[75.3626,16.1145],[75.3668,16.1144],[75.371,16.1142],[75.3809,16.1137],[75.3895,16.1131],[75.3956,16.1133],[75.3993,16.1133],[75.4043,16.1137],[75.4047,16.1174],[75.4054,16.119],[75.4059,16.1225],[75.4072,16.1263],[75.411,16.1294],[75.4126,16.1276],[75.4132,16.1242],[75.4142,16.1205],[75.415,16.1175],[75.4154,16.1148],[75.4161,16.1124],[75.4165,16.1108],[75.4168,16.1099],[75.417,16.1084],[75.4175,16.1068],[75.4179,16.1048],[75.4185,16.1025],[75.419,16.1001],[75.4211,16.0995],[75.4236,16.099],[75.4278,16.0973],[75.4293,16.0953],[75.4279,16.0941],[75.428,16.0918],[75.4284,16.0888],[75.4294,16.0849],[75.4299,16.0826],[75.4302,16.0795],[75.4296,16.0746],[75.428,16.0678],[75.4279,16.0644],[75.4269,16.0578],[75.4222,16.0574],[75.4187,16.0565],[75.4163,16.0531],[75.4163,16.0475],[75.4163,16.0395],[75.4173,16.0325],[75.4204,16.0323],[75.4238,16.0277],[75.4253,16.0198],[75.4264,16.0115],[75.435,16.0062],[75.4372,16.0051],[75.4388,16.0039],[75.4379,16.0015],[75.4379,16.0008],[75.4373,15.9986],[75.4369,15.9955],[75.4356,15.9867],[75.4326,15.9761],[75.432,15.9698],[75.4375,15.9671],[75.4392,15.9644],[75.4363,15.9557],[75.4334,15.9464],[75.4322,15.9444],[75.4314,15.9441],[75.4298,15.9404],[75.4285,15.9374],[75.4301,15.934],[75.4286,15.9303],[75.4277,15.9283],[75.4265,15.9253],[75.4257,15.9241],[75.4251,15.9229],[75.427,15.9213],[75.4313,15.9201],[75.4347,15.9196],[75.4372,15.9191],[75.4399,15.9152],[75.439,15.9122],[75.4383,15.9078],[75.4379,15.9033],[75.4375,15.9007],[75.4374,15.898],[75.4374,15.8967],[75.4371,15.8941],[75.4382,15.8934],[75.4397,15.8933],[75.4415,15.8936],[75.4432,15.894],[75.4451,15.8935],[75.4471,15.8918],[75.4459,15.8899],[75.4432,15.8895],[75.4467,15.8865],[75.4498,15.8872],[75.453,15.8866],[75.46,15.8873],[75.4617,15.8859],[75.4599,15.885],[75.4596,15.8824],[75.4604,15.88],[75.4629,15.8791],[75.4649,15.8814],[75.4664,15.8809],[75.4671,15.8803],[75.4669,15.8793],[75.4675,15.8763],[75.4694,15.8772],[75.4729,15.8764],[75.4747,15.8761],[75.4757,15.8751],[75.4744,15.8737],[75.475,15.8725],[75.4764,15.8725],[75.4815,15.872],[75.4787,15.8746],[75.4798,15.8766],[75.4821,15.8763],[75.4848,15.8754],[75.4898,15.8751],[75.4958,15.873],[75.4969,15.8708],[75.5047,15.8627],[75.5021,15.8595],[75.5067,15.8566],[75.5076,15.8605],[75.5092,15.8601],[75.5126,15.8595],[75.5175,15.8582],[75.5201,15.856],[75.5198,15.8527],[75.5165,15.8527],[75.514,15.8514],[75.513,15.851],[75.5208,15.8466],[75.5248,15.8418],[75.5302,15.842],[75.531,15.8403],[75.5292,15.8356],[75.5335,15.8351],[75.5361,15.836],[75.5396,15.8363],[75.5426,15.8365],[75.5507,15.835],[75.5552,15.8334],[75.5549,15.8314],[75.5542,15.8293],[75.5508,15.8276],[75.5528,15.8247],[75.5549,15.8265],[75.5583,15.8291],[75.5598,15.8305],[75.5593,15.8323],[75.5602,15.8357],[75.5663,15.836],[75.5699,15.8352],[75.5667,15.8339],[75.5648,15.8311],[75.5691,15.8312],[75.5742,15.8306],[75.5751,15.8258],[75.5792,15.8256],[75.5822,15.8294],[75.5833,15.8306],[75.5852,15.8329],[75.5863,15.8346],[75.5889,15.8332],[75.5917,15.8306],[75.5981,15.8292],[75.6027,15.8295],[75.6033,15.8289],[75.6033,15.8289],[75.6071,15.8296],[75.6061,15.8259],[75.6086,15.8251],[75.6114,15.8249],[75.6156,15.8234],[75.6187,15.8214],[75.6198,15.8246],[75.62,15.8298],[75.6243,15.835],[75.6293,15.8349],[75.6329,15.8328],[75.6355,15.8376],[75.6394,15.8416],[75.6439,15.8414],[75.6427,15.8355],[75.6422,15.8333],[75.6454,15.8312],[75.65,15.8314],[75.6555,15.8279],[75.6577,15.8288],[75.6595,15.8314],[75.6614,15.8339],[75.6653,15.8377],[75.6723,15.8357],[75.6739,15.8324],[75.6755,15.8302],[75.6743,15.8238],[75.6793,15.8227],[75.6804,15.8227],[75.6819,15.8269],[75.6809,15.8282],[75.6828,15.83],[75.6866,15.8309],[75.6897,15.829],[75.6945,15.8254],[75.696,15.8249],[75.7011,15.8267],[75.7026,15.8271],[75.7065,15.8284],[75.7071,15.829],[75.7085,15.828],[75.7114,15.8274],[75.7148,15.8274],[75.7189,15.8217],[75.7231,15.8183],[75.7285,15.8174],[75.7361,15.8166],[75.7379,15.8136],[75.745,15.8132],[75.7498,15.8155],[75.7576,15.8161],[75.7631,15.8166],[75.7671,15.8167],[75.7731,15.817],[75.7782,15.8172],[75.7797,15.8173],[75.7785,15.8209],[75.7776,15.8252],[75.7745,15.8295],[75.7752,15.8313],[75.7763,15.8383],[75.7764,15.8441],[75.7826,15.8509],[75.7974,15.8478],[75.8098,15.8506],[75.8118,15.8478],[75.8168,15.8495],[75.8204,15.8486],[75.8242,15.8436],[75.8262,15.8408],[75.8292,15.8392],[75.834,15.8389],[75.8451,15.838],[75.8463,15.8479],[75.8496,15.8602],[75.8475,15.8628],[75.8475,15.8641],[75.8481,15.8671],[75.8478,15.8695],[75.8481,15.8711],[75.8453,15.8718],[75.8421,15.8718],[75.8393,15.8697],[75.8362,15.8655],[75.8285,15.8659],[75.829,15.8687],[75.8304,15.8718],[75.8324,15.8761],[75.8338,15.8793],[75.8353,15.8828],[75.8332,15.8867],[75.8301,15.8875],[75.8295,15.8898],[75.8296,15.8918],[75.83,15.8968],[75.8276,15.9002],[75.8255,15.9002],[75.8216,15.9002],[75.8173,15.9],[75.8142,15.9],[75.8117,15.9001],[75.8106,15.8942],[75.8079,15.8947],[75.806,15.8951],[75.8015,15.8962],[75.7999,15.8963],[75.7947,15.8972],[75.7927,15.8973],[75.7841,15.8985],[75.7793,15.898],[75.7772,15.9007],[75.7759,15.9026],[75.7805,15.9058],[75.7778,15.9182],[75.7859,15.9225],[75.7979,15.9224],[75.8107,15.9231],[75.8114,15.9243],[75.8193,15.9259],[75.8314,15.9246],[75.844,15.9311],[75.8559,15.9353],[75.8579,15.9346],[75.8595,15.9341],[75.8623,15.9332],[75.8641,15.9326],[75.8713,15.9317],[75.8775,15.9313],[75.8797,15.93],[75.8806,15.9283],[75.8833,15.9239],[75.8872,15.9199],[75.8891,15.9184],[75.9001,15.9181],[75.9136,15.9129],[75.9246,15.9006],[75.9271,15.8916],[75.9268,15.8863],[75.9289,15.8834],[75.9292,15.8793],[75.9293,15.8751],[75.9357,15.8749],[75.9377,15.8746],[75.939,15.8743],[75.9415,15.8742],[75.9426,15.8716],[75.9437,15.8689],[75.9447,15.8663],[75.9472,15.8661],[75.951,15.866],[75.956,15.8653],[75.9584,15.8654],[75.9626,15.8655],[75.9642,15.8621],[75.9676,15.8597],[75.9709,15.8608],[75.9745,15.8618],[75.9751,15.8635],[75.976,15.8658],[75.9779,15.8679],[75.9784,15.87],[75.9787,15.8717],[75.9788,15.876],[75.979,15.8795],[75.979,15.8816],[75.9789,15.8839],[75.9785,15.887],[75.9781,15.8894],[75.9774,15.8935],[75.9765,15.8959],[75.9755,15.8998],[75.9754,15.9059],[75.9737,15.9228],[75.9752,15.9258],[75.9767,15.9298],[75.9769,15.9342],[75.9766,15.9356],[75.9765,15.9418],[75.9765,15.9458],[75.9766,15.9477],[75.9768,15.9499],[75.9774,15.9513],[75.9741,15.9542],[75.9754,15.9582],[75.9756,15.9609],[75.9754,15.9635],[75.9753,15.9669],[75.9753,15.9696],[75.9749,15.9728],[75.9748,15.9773],[75.9743,15.9797],[75.9739,15.983],[75.9746,15.9876],[75.9761,15.9896],[75.9778,15.9905],[75.9817,15.9914],[75.9844,15.9937],[75.9867,15.9947],[75.9878,15.9975],[75.9896,15.9999],[75.9892,16.003],[75.9898,16.0048],[75.9943,16.0043],[75.9974,16.0039],[76.0,16.0035],[76.0029,16.0032],[76.0067,16.003],[76.0112,16.0022],[76.0138,16.0022],[76.0173,16.0033],[76.0183,16.0051],[76.0197,16.0067],[76.0202,16.0074],[76.0232,16.0088],[76.0303,16.007],[76.036,16.0062],[76.0395,16.0053],[76.0456,16.0043],[76.0491,16.0038],[76.0516,16.0034],[76.052,16.0058],[76.0565,16.0056],[76.0564,16.0115],[76.0652,16.0107],[76.0712,16.01],[76.0733,16.0098],[76.0785,16.01],[76.0817,16.007],[76.0847,15.9964],[76.0841,15.9936],[76.0835,15.9914],[76.0805,15.9841],[76.0792,15.9786],[76.0774,15.9742],[76.0745,15.9699],[76.0722,15.963],[76.0723,15.9579],[76.0708,15.9529],[76.07,15.945],[76.0648,15.9249],[76.0628,15.9197],[76.0635,15.9153],[76.0588,15.9066],[76.0642,15.905],[76.0733,15.9022],[76.0792,15.9016],[76.0861,15.9009],[76.0915,15.9012],[76.0992,15.9005],[76.1031,15.8967],[76.1067,15.8929],[76.1169,15.8864],[76.1231,15.8904],[76.1279,15.8945],[76.1343,15.8955],[76.141,15.8946],[76.1456,15.8971],[76.1489,15.9038],[76.1535,15.9133],[76.1557,15.916],[76.1629,15.9213],[76.1685,15.9231],[76.172,15.9312],[76.1767,15.9314],[76.1821,15.9313],[76.1888,15.9316],[76.1948,15.9324],[76.1967,15.9345],[76.2002,15.9359],[76.2013,15.9386],[76.2005,15.944],[76.2039,15.9431],[76.2073,15.9424],[76.2146,15.9418],[76.2192,15.9415],[76.2261,15.9409],[76.2278,15.9343],[76.2291,15.928],[76.2333,15.9234],[76.2383,15.923],[76.2435,15.923],[76.2495,15.9235],[76.2567,15.9229],[76.2571,15.9192],[76.2581,15.9151],[76.2616,15.9098],[76.2618,15.9073],[76.2665,15.9055],[76.2717,15.9047],[76.2732,15.908],[76.2766,15.9098],[76.2766,15.9058],[76.2785,15.9031],[76.2853,15.9026],[76.2852,15.9052],[76.2853,15.9072],[76.2848,15.9113],[76.2845,15.9151],[76.2844,15.9174],[76.2849,15.9225],[76.2854,15.9286],[76.2939,15.9304],[76.3021,15.9302],[76.3026,15.926],[76.3053,15.9235],[76.3118,15.9224],[76.3134,15.9248],[76.313,15.9275],[76.3136,15.9292],[76.3163,15.9301],[76.3202,15.9312],[76.3267,15.9322],[76.3289,15.9342],[76.3278,15.938],[76.3263,15.9427],[76.3252,15.9472],[76.3239,15.9511],[76.3225,15.956],[76.3174,15.9567],[76.3119,15.9571],[76.3084,15.9593],[76.3041,15.9687],[76.3022,15.9725],[76.2999,15.9766],[76.299,15.9836],[76.2971,15.9912],[76.2964,15.9963],[76.2994,15.9992],[76.3043,15.9998],[76.308,15.9999],[76.3118,16.0014],[76.3113,16.0059],[76.3109,16.0096],[76.3111,16.0131],[76.3106,16.0148],[76.3074,16.0213],[76.3055,16.0255],[76.3046,16.0305],[76.3042,16.0363],[76.3037,16.0454],[76.3042,16.0505],[76.3052,16.0565],[76.3061,16.0607],[76.3066,16.0627],[76.3071,16.0659],[76.3036,16.0688],[76.3036,16.0735],[76.2988,16.0742],[76.2967,16.0742],[76.2923,16.0746],[76.289,16.075],[76.2865,16.0751],[76.2799,16.075],[76.2752,16.0749],[76.2691,16.0742],[76.2644,16.0739],[76.2599,16.0798],[76.2588,16.0912],[76.263,16.0909],[76.269,16.0904],[76.2751,16.0898],[76.2795,16.0892],[76.2873,16.0886],[76.2935,16.0887],[76.2947,16.0879],[76.2967,16.0866],[76.3015,16.0842],[76.3075,16.0833],[76.3135,16.0817],[76.3193,16.08],[76.3275,16.0775],[76.3301,16.0827],[76.3317,16.0879],[76.3293,16.0917],[76.3224,16.0931],[76.3182,16.095],[76.3158,16.0961],[76.3116,16.0978],[76.3085,16.0997],[76.3052,16.101],[76.2971,16.1029],[76.2886,16.1049],[76.2836,16.1064],[76.2772,16.1069],[76.2697,16.1092],[76.2678,16.1097],[76.2654,16.105],[76.2633,16.101],[76.26,16.0974],[76.2536,16.1013],[76.2534,16.1075],[76.248,16.1114],[76.2445,16.1144],[76.2451,16.1168],[76.2453,16.1221],[76.2475,16.1263],[76.2466,16.1281],[76.2387,16.1296],[76.2344,16.1313],[76.235,16.1371],[76.236,16.1444],[76.236,16.1513],[76.2372,16.1569],[76.2384,16.1637],[76.2068,16.1751],[76.1865,16.1802],[76.1602,16.1846],[76.1377,16.1807],[76.1258,16.1879],[76.0988,16.1966],[76.0698,16.2101],[76.06,16.2252],[76.0697,16.2501],[76.0616,16.2654],[76.0356,16.2852],[76.0268,16.2999],[76.0068,16.3039],[75.9835,16.3007],[75.9362,16.3107],[75.9175,16.3202],[75.8961,16.3242],[75.883,16.3347],[75.8668,16.3464],[75.8356,16.3515],[75.8291,16.3601],[75.8132,16.3704],[75.8095,16.3702],[75.807,16.3703],[75.8052,16.3704],[75.8023,16.3706],[75.7954,16.3719],[75.7846,16.3769],[75.7671,16.3828],[75.7335,16.3878],[75.7175,16.391],[75.7063,16.4054],[75.6898,16.4136],[75.6805,16.4203],[75.6789,16.422],[75.6768,16.4239],[75.674,16.4244],[75.6739,16.4252],[75.6727,16.4252],[75.6718,16.4251],[75.6569,16.4323],[75.6327,16.4445],[75.6152,16.4469],[75.5969,16.4442],[75.5837,16.4315],[75.5663,16.4127],[75.5568,16.4267]]],[[[75.0412,16.439],[75.0378,16.4415],[75.0381,16.4431],[75.0386,16.4469],[75.0389,16.4495],[75.039,16.453],[75.0419,16.4541],[75.0418,16.4527],[75.0417,16.4496],[75.0416,16.4473],[75.0415,16.4441],[75.0414,16.4421],[75.0413,16.4408],[75.0412,16.4396],[75.0412,16.439]]]]}},{"type":"Feature","properties":{"name":"Vijayapura","district_name":"Vijayapura"},"geometry":{"type":"Polygon","coordinates":[[[75.5546,16.4318],[75.5731,16.4117],[75.5842,16.4325],[75.5987,16.4457],[75.6161,16.4469],[75.6357,16.4437],[75.6607,16.4305],[75.672,16.4249],[75.6728,16.4252],[75.6741,16.4251],[75.6741,16.4244],[75.6769,16.4238],[75.6789,16.422],[75.6807,16.4201],[75.6935,16.4113],[75.7084,16.4021],[75.7187,16.3898],[75.7379,16.3873],[75.7694,16.3823],[75.787,16.3755],[75.796,16.3717],[75.8026,16.3705],[75.8054,16.3704],[75.8075,16.3703],[75.8102,16.3702],[75.8154,16.3691],[75.8304,16.359],[75.8419,16.3484],[75.87,16.3458],[75.8845,16.3326],[75.9021,16.3238],[75.9241,16.3178],[75.9409,16.3082],[75.9904,16.2994],[76.0086,16.3036],[76.0283,16.2986],[76.0404,16.282],[76.0656,16.2611],[76.0688,16.2447],[76.0603,16.2218],[76.0707,16.2095],[76.1017,16.1933],[76.1284,16.1858],[76.1422,16.1804],[76.1688,16.1838],[76.1887,16.1796],[76.2149,16.173],[76.2536,16.1605],[76.2909,16.1715],[76.3044,16.187],[76.3314,16.1953],[76.3336,16.1984],[76.3363,16.202],[76.3392,16.2032],[76.3414,16.2062],[76.3422,16.2076],[76.3433,16.2094],[76.3447,16.2106],[76.3458,16.2135],[76.3461,16.215],[76.3472,16.2178],[76.3471,16.2215],[76.3491,16.225],[76.3526,16.2346],[76.3499,16.2394],[76.3493,16.2424],[76.3481,16.2439],[76.3477,16.246],[76.3475,16.2478],[76.3454,16.2499],[76.3468,16.2538],[76.3486,16.2608],[76.3485,16.2619],[76.3483,16.2656],[76.348,16.2674],[76.3476,16.2707],[76.3476,16.275],[76.3477,16.2769],[76.346,16.2775],[76.3423,16.2773],[76.3412,16.2774],[76.3394,16.2795],[76.336,16.2799],[76.3333,16.2802],[76.3284,16.281],[76.3273,16.2813],[76.3235,16.2821],[76.3205,16.2826],[76.3184,16.287],[76.3136,16.2868],[76.3112,16.2862],[76.3082,16.2854],[76.3044,16.284],[76.2997,16.2836],[76.2996,16.2867],[76.2991,16.2919],[76.2988,16.2967],[76.2991,16.303],[76.3002,16.3079],[76.3021,16.3137],[76.3026,16.3189],[76.2967,16.3204],[76.2951,16.3209],[76.2949,16.3223],[76.295,16.3244],[76.293,16.3251],[76.2923,16.3278],[76.2915,16.3313],[76.2919,16.335],[76.302,16.3398],[76.3051,16.3449],[76.3089,16.3456],[76.3119,16.3456],[76.3143,16.348],[76.3141,16.353],[76.3122,16.3587],[76.3112,16.3618],[76.3086,16.3671],[76.3074,16.3719],[76.3058,16.3756],[76.3045,16.3789],[76.3049,16.3814],[76.3068,16.3885],[76.3085,16.3933],[76.3096,16.3971],[76.3114,16.3961],[76.3161,16.3953],[76.317,16.3945],[76.3221,16.397],[76.3288,16.3974],[76.332,16.3969],[76.3336,16.3991],[76.3348,16.4008],[76.3359,16.402],[76.3369,16.4058],[76.3323,16.4072],[76.3314,16.4082],[76.3305,16.4096],[76.3308,16.4114],[76.3328,16.4144],[76.3331,16.4152],[76.3333,16.4159],[76.3333,16.4165],[76.3315,16.4257],[76.3356,16.4272],[76.3424,16.427],[76.3513,16.4261],[76.3545,16.4224],[76.3618,16.4229],[76.366,16.4238],[76.3709,16.4245],[76.376,16.4241],[76.381,16.425],[76.3861,16.4287],[76.3882,16.4345],[76.3907,16.4373],[76.3943,16.4357],[76.3988,16.4348],[76.4033,16.4343],[76.4046,16.4327],[76.4078,16.4329],[76.4147,16.4333],[76.418,16.4337],[76.4241,16.4346],[76.4281,16.4351],[76.4324,16.4355],[76.4349,16.4376],[76.4342,16.4411],[76.4335,16.4439],[76.4325,16.4511],[76.4324,16.4533],[76.4321,16.4582],[76.4317,16.464],[76.4317,16.4684],[76.4309,16.4714],[76.4306,16.477],[76.4306,16.4835],[76.4304,16.4872],[76.43,16.4929],[76.4298,16.4992],[76.4306,16.5018],[76.4322,16.5039],[76.433,16.5063],[76.4335,16.5113],[76.4336,16.513],[76.434,16.5176],[76.4328,16.5211],[76.4314,16.525],[76.4307,16.5275],[76.4293,16.5312],[76.4281,16.5343],[76.4271,16.5403],[76.4239,16.5469],[76.4241,16.5486],[76.4228,16.5507],[76.4223,16.5557],[76.4226,16.5598],[76.4237,16.5667],[76.4225,16.5681],[76.4232,16.5735],[76.4199,16.5797],[76.4188,16.5814],[76.4183,16.585],[76.4164,16.5894],[76.4136,16.5918],[76.4146,16.5947],[76.4159,16.5998],[76.4161,16.6025],[76.4155,16.6039],[76.4144,16.607],[76.4119,16.6108],[76.4102,16.6136],[76.4103,16.6154],[76.4093,16.6193],[76.4081,16.6221],[76.4063,16.6249],[76.405,16.6271],[76.4041,16.631],[76.4035,16.6336],[76.4032,16.636],[76.4029,16.638],[76.4032,16.6422],[76.4037,16.6454],[76.4052,16.651],[76.4063,16.6555],[76.408,16.6583],[76.4087,16.6596],[76.4096,16.6611],[76.4109,16.6626],[76.4136,16.6637],[76.4142,16.6652],[76.4158,16.6691],[76.4171,16.6689],[76.4194,16.6715],[76.4209,16.6736],[76.4224,16.6791],[76.4238,16.6822],[76.4257,16.6858],[76.4268,16.6887],[76.4259,16.6908],[76.4253,16.693],[76.4251,16.695],[76.4284,16.6969],[76.4304,16.6964],[76.4303,16.6985],[76.4318,16.7012],[76.4374,16.7031],[76.4379,16.7034],[76.4385,16.7042],[76.4388,16.7049],[76.4398,16.7066],[76.4404,16.7073],[76.4407,16.7079],[76.4407,16.7088],[76.441,16.7095],[76.4418,16.7098],[76.4427,16.7098],[76.4436,16.7099],[76.4445,16.71],[76.4455,16.7103],[76.4464,16.7105],[76.4473,16.7108],[76.4482,16.7112],[76.449,16.7115],[76.4499,16.7119],[76.4506,16.7124],[76.4513,16.713],[76.4519,16.7137],[76.4526,16.7144],[76.4546,16.7122],[76.4572,16.7102],[76.459,16.7088],[76.4611,16.7107],[76.4607,16.7123],[76.46,16.7147],[76.4599,16.7173],[76.4597,16.7194],[76.4596,16.7208],[76.4593,16.7233],[76.4512,16.7236],[76.4498,16.7245],[76.447,16.7234],[76.4448,16.718],[76.4426,16.7138],[76.4386,16.715],[76.433,16.7162],[76.4327,16.7163],[76.4288,16.717],[76.4235,16.7175],[76.4229,16.7203],[76.4232,16.7229],[76.4232,16.7287],[76.4247,16.732],[76.4289,16.7362],[76.4314,16.7394],[76.4331,16.7402],[76.4353,16.7412],[76.4392,16.7423],[76.4401,16.7449],[76.4399,16.7469],[76.4398,16.7497],[76.4391,16.7531],[76.4426,16.7571],[76.4412,16.759],[76.439,16.7607],[76.4373,16.7624],[76.4355,16.7646],[76.435,16.7646],[76.4322,16.765],[76.4274,16.7656],[76.4266,16.7658],[76.4258,16.7659],[76.4221,16.7677],[76.4186,16.7663],[76.4171,16.7648],[76.4142,16.7647],[76.4076,16.7681],[76.3991,16.7685],[76.3928,16.7688],[76.388,16.7691],[76.3877,16.7691],[76.3869,16.7691],[76.3815,16.7692],[76.3781,16.7687],[76.3749,16.7683],[76.3706,16.7679],[76.3714,16.7737],[76.372,16.7755],[76.3725,16.7772],[76.3728,16.7785],[76.3733,16.7818],[76.3737,16.7833],[76.374,16.7852],[76.3741,16.7855],[76.3749,16.7872],[76.3758,16.7896],[76.3764,16.7914],[76.3766,16.792],[76.3772,16.7933],[76.3774,16.7949],[76.3777,16.7999],[76.3796,16.8007],[76.3836,16.8015],[76.3858,16.8016],[76.3889,16.8026],[76.3905,16.8022],[76.3915,16.803],[76.3926,16.8048],[76.3958,16.8055],[76.3962,16.8052],[76.3998,16.8022],[76.4034,16.8],[76.4053,16.7995],[76.4058,16.7994],[76.4084,16.7988],[76.4104,16.801],[76.412,16.8051],[76.4129,16.8088],[76.4138,16.813],[76.4091,16.814],[76.4045,16.8151],[76.4006,16.8155],[76.3983,16.8159],[76.3949,16.8162],[76.3889,16.8168],[76.3854,16.8169],[76.3821,16.8168],[76.3782,16.8174],[76.377,16.8176],[76.3715,16.8182],[76.3691,16.8184],[76.3649,16.819],[76.3612,16.8195],[76.3556,16.8196],[76.3513,16.8195],[76.3524,16.8234],[76.3532,16.8287],[76.354,16.8298],[76.3547,16.833],[76.356,16.8358],[76.3571,16.8371],[76.3589,16.8404],[76.3588,16.8425],[76.3608,16.8441],[76.3653,16.8471],[76.3682,16.8503],[76.3709,16.8536],[76.3757,16.8581],[76.3803,16.8574],[76.3828,16.8569],[76.3865,16.8563],[76.3898,16.8564],[76.394,16.8576],[76.397,16.8585],[76.4007,16.8587],[76.4044,16.8585],[76.4043,16.8566],[76.4043,16.8562],[76.4066,16.8533],[76.4116,16.8525],[76.42,16.8517],[76.4266,16.8512],[76.4292,16.8493],[76.4295,16.8473],[76.4296,16.8456],[76.4296,16.8418],[76.4318,16.837],[76.4337,16.837],[76.4378,16.8366],[76.4408,16.8358],[76.4431,16.8356],[76.4447,16.8355],[76.4461,16.8353],[76.4473,16.8351],[76.4508,16.8346],[76.4553,16.8338],[76.4561,16.8336],[76.4569,16.8334],[76.4601,16.8334],[76.4615,16.8353],[76.4627,16.837],[76.4633,16.8379],[76.4677,16.8388],[76.4697,16.839],[76.4709,16.8404],[76.4708,16.842],[76.4708,16.8435],[76.4701,16.8474],[76.4663,16.8494],[76.4636,16.8493],[76.4619,16.8537],[76.4617,16.856],[76.4615,16.8593],[76.4588,16.8601],[76.4587,16.8633],[76.4587,16.8644],[76.4559,16.8676],[76.4536,16.8675],[76.451,16.8676],[76.4491,16.8678],[76.4477,16.8678],[76.4461,16.8678],[76.4454,16.8678],[76.4422,16.8681],[76.438,16.8683],[76.4371,16.8723],[76.437,16.8761],[76.437,16.879],[76.4362,16.8819],[76.4336,16.8834],[76.4347,16.8886],[76.4344,16.8913],[76.4343,16.8922],[76.4341,16.8951],[76.434,16.8961],[76.4339,16.8973],[76.4338,16.8977],[76.4361,16.8977],[76.4385,16.8975],[76.439,16.8975],[76.4393,16.8975],[76.4406,16.8975],[76.4439,16.8977],[76.4481,16.8986],[76.4502,16.8988],[76.4521,16.8991],[76.4543,16.8998],[76.458,16.9001],[76.4625,16.9014],[76.4629,16.9009],[76.4658,16.9023],[76.4652,16.9032],[76.4654,16.9096],[76.4653,16.9116],[76.4648,16.9147],[76.4631,16.919],[76.4614,16.9219],[76.4599,16.9252],[76.4574,16.9278],[76.4536,16.9276],[76.4508,16.931],[76.4489,16.9355],[76.4481,16.9387],[76.448,16.939],[76.444,16.9412],[76.4413,16.942],[76.4387,16.9427],[76.4342,16.9414],[76.4331,16.9379],[76.431,16.9343],[76.4301,16.9317],[76.4281,16.9294],[76.4291,16.9285],[76.4282,16.9275],[76.4276,16.9273],[76.4249,16.9276],[76.4181,16.9279],[76.4152,16.9288],[76.4091,16.931],[76.3993,16.9353],[76.4003,16.937],[76.4017,16.9399],[76.4023,16.9419],[76.4024,16.9445],[76.4023,16.9459],[76.4023,16.9475],[76.4022,16.9486],[76.4021,16.9511],[76.4021,16.9535],[76.4026,16.9553],[76.4024,16.9565],[76.4022,16.9576],[76.4021,16.9589],[76.4021,16.9592],[76.402,16.9609],[76.4023,16.9633],[76.4021,16.9658],[76.4016,16.9692],[76.401,16.9715],[76.4007,16.9736],[76.4007,16.9757],[76.4013,16.9775],[76.4068,16.9781],[76.4102,16.9784],[76.4148,16.9787],[76.4155,16.9787],[76.4171,16.9787],[76.42,16.9785],[76.4224,16.9784],[76.4258,16.9786],[76.4289,16.979],[76.4309,16.9806],[76.4344,16.9813],[76.4369,16.9825],[76.4377,16.9862],[76.4389,16.9895],[76.4398,16.9936],[76.4405,16.9969],[76.4406,16.9976],[76.4396,17.0001],[76.4393,17.0021],[76.4392,17.0032],[76.439,17.0048],[76.4385,17.0076],[76.4375,17.0119],[76.4365,17.0142],[76.4351,17.0189],[76.4339,17.0228],[76.4333,17.0251],[76.4347,17.0257],[76.4367,17.0257],[76.4363,17.0274],[76.4312,17.0296],[76.4313,17.0329],[76.4309,17.0373],[76.4305,17.0399],[76.43,17.0422],[76.4289,17.0465],[76.4272,17.0534],[76.4311,17.0556],[76.4311,17.063],[76.4301,17.069],[76.4302,17.0724],[76.4302,17.0786],[76.4301,17.0819],[76.4302,17.0837],[76.4303,17.0867],[76.4302,17.0891],[76.4301,17.0904],[76.4294,17.0948],[76.4293,17.099],[76.4251,17.0978],[76.4101,17.0879],[76.4021,17.0749],[76.3882,17.0783],[76.3793,17.1042],[76.3629,17.1129],[76.3746,17.1258],[76.3841,17.1281],[76.3939,17.1365],[76.3907,17.1452],[76.379,17.1442],[76.3625,17.1385],[76.3601,17.1476],[76.3681,17.1627],[76.3661,17.1764],[76.3572,17.1864],[76.3514,17.1852],[76.3482,17.1829],[76.3374,17.1744],[76.3296,17.1706],[76.2823,17.167],[76.2733,17.1631],[76.2679,17.158],[76.2597,17.1499],[76.2517,17.1495],[76.2439,17.1503],[76.2367,17.1622],[76.2246,17.1733],[76.2218,17.1843],[76.2064,17.1835],[76.1948,17.1843],[76.1742,17.1986],[76.1507,17.2234],[76.133,17.24],[76.1107,17.2527],[76.0941,17.2547],[76.0885,17.2717],[76.0987,17.2864],[76.0937,17.2974],[76.0912,17.2982],[76.0882,17.2991],[76.0791,17.3027],[76.0649,17.3164],[76.0673,17.3486],[76.034,17.3542],[76.0232,17.3536],[76.0165,17.3545],[76.009,17.3529],[76.0036,17.3451],[75.9976,17.3395],[75.9896,17.3377],[75.9792,17.338],[75.9685,17.3374],[75.9552,17.3333],[75.9317,17.3236],[75.9143,17.3406],[75.8973,17.3517],[75.8924,17.3582],[75.8982,17.3771],[75.8927,17.4097],[75.8792,17.4194],[75.8746,17.4002],[75.8602,17.3863],[75.8574,17.3899],[75.8578,17.3931],[75.8577,17.3967],[75.8571,17.4002],[75.8565,17.4035],[75.8556,17.4066],[75.8538,17.4099],[75.851,17.4133],[75.8466,17.4162],[75.8422,17.4181],[75.8392,17.4201],[75.8319,17.423],[75.817,17.4163],[75.8168,17.4056],[75.8125,17.3917],[75.814,17.3811],[75.8098,17.3725],[75.8025,17.3701],[75.7708,17.3945],[75.7226,17.4175],[75.7046,17.4095],[75.6936,17.4109],[75.6838,17.4221],[75.6796,17.4503],[75.6714,17.4606],[75.6566,17.4643],[75.6332,17.4776],[75.6275,17.4638],[75.6231,17.4598],[75.6204,17.4524],[75.6148,17.4306],[75.6113,17.4243],[75.6076,17.4182],[75.6129,17.4021],[75.6124,17.3918],[75.604,17.3933],[75.5997,17.3904],[75.5911,17.3866],[75.5786,17.3836],[75.577,17.376],[75.5796,17.3629],[75.5817,17.3508],[75.5899,17.3486],[75.5955,17.3458],[75.6102,17.3446],[75.6109,17.3357],[75.6109,17.3217],[75.607,17.3028],[75.6238,17.2897],[75.6299,17.2788],[75.6314,17.2735],[75.6485,17.2735],[75.6569,17.2653],[75.6584,17.2482],[75.6619,17.2194],[75.6521,17.203],[75.6403,17.1893],[75.6312,17.1887],[75.6266,17.1813],[75.6255,17.1753],[75.6268,17.1674],[75.6285,17.162],[75.6342,17.157],[75.6411,17.1479],[75.6463,17.1384],[75.65,17.1274],[75.6524,17.1155],[75.6697,17.1158],[75.6729,17.1072],[75.6736,17.1004],[75.6748,17.0893],[75.6784,17.0786],[75.6778,17.0709],[75.6692,17.0646],[75.6554,17.0603],[75.6452,17.0483],[75.6408,17.0391],[75.6482,17.0339],[75.6574,17.0347],[75.6693,17.0302],[75.668,17.012],[75.6672,16.9978],[75.6658,16.9838],[75.6718,16.9763],[75.6745,16.9699],[75.675,16.9665],[75.6562,16.9616],[75.6452,16.9541],[75.6377,16.9604],[75.6329,16.9703],[75.6216,16.9709],[75.6111,16.9718],[75.6068,16.9888],[75.6065,17.0002],[75.5892,17.0072],[75.5671,17.009],[75.5655,16.9842],[75.5656,16.9669],[75.5552,16.9671],[75.5386,16.9659],[75.5211,16.9616],[75.5091,16.9506],[75.489,16.9446],[75.489,16.9484],[75.4891,16.9533],[75.4845,16.9715],[75.483,16.977],[75.4758,16.979],[75.4656,16.9885],[75.4381,16.9773],[75.4152,16.9729],[75.3896,16.9798],[75.3802,16.976],[75.3753,16.9744],[75.372,16.9734],[75.3699,16.9727],[75.3683,16.9719],[75.3672,16.9708],[75.3604,16.9659],[75.359,16.9632],[75.3542,16.96],[75.3518,16.9593],[75.3466,16.9578],[75.3448,16.9573],[75.3435,16.957],[75.3425,16.9567],[75.3416,16.9562],[75.3423,16.9541],[75.3431,16.9528],[75.3425,16.9503],[75.3421,16.9471],[75.3415,16.9439],[75.3409,16.9413],[75.3401,16.9379],[75.3397,16.9363],[75.3394,16.935],[75.3388,16.9329],[75.3378,16.9295],[75.3368,16.9264],[75.3358,16.9223],[75.3354,16.9198],[75.335,16.9167],[75.3348,16.9139],[75.3344,16.9105],[75.3345,16.9075],[75.3345,16.9028],[75.3342,16.8992],[75.3339,16.8957],[75.3339,16.8943],[75.334,16.8925],[75.3344,16.8904],[75.3351,16.8864],[75.3353,16.8827],[75.3357,16.8799],[75.3357,16.8761],[75.3353,16.8722],[75.3359,16.869],[75.3398,16.8705],[75.3453,16.8709],[75.3476,16.8709],[75.3493,16.8712],[75.3518,16.8713],[75.3581,16.8711],[75.3606,16.8701],[75.3638,16.8697],[75.3664,16.8683],[75.3689,16.8671],[75.3718,16.8667],[75.3737,16.867],[75.3762,16.866],[75.3787,16.8661],[75.381,16.8662],[75.3824,16.8654],[75.3849,16.8639],[75.3879,16.8636],[75.3913,16.8633],[75.395,16.863],[75.3943,16.8606],[75.3923,16.8562],[75.3906,16.8529],[75.3878,16.8474],[75.3859,16.8435],[75.3844,16.84],[75.3827,16.8369],[75.3818,16.8348],[75.3813,16.8336],[75.3806,16.8316],[75.3801,16.8295],[75.3797,16.8277],[75.379,16.8241],[75.3794,16.8176],[75.3797,16.8146],[75.378,16.8103],[75.3781,16.8081],[75.3782,16.8039],[75.3783,16.8031],[75.3784,16.8021],[75.3785,16.8011],[75.3789,16.7984],[75.3811,16.7969],[75.3815,16.7921],[75.3822,16.7875],[75.3829,16.7833],[75.3836,16.7793],[75.3845,16.775],[75.3855,16.7712],[75.3861,16.7642],[75.3854,16.7623],[75.3905,16.7619],[75.3926,16.762],[75.3912,16.7614],[75.3935,16.7599],[75.4004,16.7608],[75.4062,16.7615],[75.4087,16.7645],[75.4125,16.7664],[75.4135,16.7654],[75.4167,16.7662],[75.4189,16.7684],[75.4214,16.7677],[75.4234,16.7681],[75.4264,16.7679],[75.429,16.7671],[75.4315,16.7661],[75.4333,16.7646],[75.4346,16.7626],[75.4374,16.7627],[75.4389,16.7616],[75.4404,16.7599],[75.4426,16.7575],[75.444,16.7573],[75.4465,16.7557],[75.4545,16.7549],[75.4602,16.7547],[75.4685,16.7526],[75.4756,16.7485],[75.4794,16.7477],[75.4851,16.747],[75.4924,16.746],[75.4923,16.7454],[75.4921,16.7378],[75.4921,16.7308],[75.4919,16.7262],[75.4913,16.7207],[75.491,16.7164],[75.4905,16.7119],[75.4895,16.7057],[75.4891,16.7024],[75.4887,16.6985],[75.4883,16.6956],[75.4814,16.6959],[75.4718,16.6976],[75.463,16.6997],[75.453,16.6994],[75.4491,16.6993],[75.4429,16.6995],[75.4388,16.6983],[75.439,16.6925],[75.4416,16.6841],[75.4432,16.6792],[75.4448,16.6736],[75.4489,16.6653],[75.4548,16.6643],[75.4556,16.6562],[75.4563,16.6515],[75.458,16.6445],[75.4593,16.6403],[75.4612,16.6351],[75.4622,16.6291],[75.462,16.6231],[75.4648,16.6199],[75.4703,16.6152],[75.4761,16.6111],[75.4794,16.6097],[75.4836,16.6064],[75.4886,16.6023],[75.4917,16.597],[75.4927,16.5922],[75.4928,16.5907],[75.4924,16.5872],[75.4868,16.5813],[75.4858,16.5753],[75.4779,16.5678],[75.4732,16.5665],[75.4738,16.5633],[75.4811,16.561],[75.4798,16.5573],[75.4881,16.5547],[75.4887,16.5431],[75.4886,16.5377],[75.4886,16.5329],[75.4903,16.5293],[75.4905,16.5239],[75.4889,16.5201],[75.4877,16.5146],[75.4856,16.5083],[75.4831,16.5075],[75.4782,16.5076],[75.473,16.5074],[75.4679,16.507],[75.4624,16.5066],[75.4562,16.5057],[75.4575,16.5026],[75.4589,16.4973],[75.4595,16.4939],[75.4603,16.4887],[75.4619,16.4831],[75.4638,16.4807],[75.4654,16.4764],[75.464,16.4702],[75.4585,16.4646],[75.4537,16.4589],[75.4397,16.4448],[75.4332,16.4307],[75.4494,16.4144],[75.4609,16.4151],[75.4755,16.4164],[75.4913,16.4205],[75.4988,16.4341],[75.4994,16.454],[75.5174,16.4611],[75.5333,16.4665],[75.5481,16.4612],[75.5525,16.4438],[75.5546,16.4318]]]}},{"type":"Feature","properties":{"name":"Kalaburgi","district_name":"Kalaburgi"},"geometry":{"type":"MultiPolygon","coordinates":[[[[76.2828,17.1671],[76.3308,17.1708],[76.3415,17.1765],[76.3491,17.1836],[76.3522,17.1856],[76.3601,17.1855],[76.3664,17.1754],[76.3676,17.1593],[76.3597,17.1459],[76.364,17.1383],[76.3794,17.1445],[76.393,17.1435],[76.3927,17.134],[76.3826,17.1276],[76.3708,17.125],[76.3633,17.1113],[76.3861,17.1007],[76.3889,17.0727],[76.403,17.0775],[76.4129,17.0894],[76.4276,17.1001],[76.4297,17.0989],[76.4293,17.0945],[76.4301,17.0901],[76.4302,17.089],[76.4303,17.0863],[76.4302,17.0831],[76.4301,17.0804],[76.4303,17.0783],[76.4303,17.0722],[76.4302,17.0671],[76.4314,17.0613],[76.431,17.0555],[76.4275,17.0518],[76.429,17.0461],[76.43,17.0418],[76.4306,17.0388],[76.431,17.0365],[76.4313,17.0328],[76.4319,17.0292],[76.4376,17.0269],[76.4364,17.0257],[76.4346,17.0257],[76.4333,17.0249],[76.4339,17.0223],[76.4352,17.0184],[76.4366,17.014],[76.4376,17.0112],[76.4386,17.0068],[76.4391,17.0043],[76.4392,17.003],[76.4393,17.0017],[76.44,16.9998],[76.4406,16.9975],[76.4403,16.9964],[76.4396,16.9922],[76.4388,16.9892],[76.4376,16.9859],[76.4369,16.9819],[76.4334,16.9811],[76.4307,16.9806],[76.4284,16.9789],[76.4251,16.9785],[76.4222,16.9784],[76.4191,16.9785],[76.4168,16.9787],[76.4154,16.9787],[76.4144,16.9787],[76.4095,16.9783],[76.4053,16.9779],[76.4011,16.9774],[76.4007,16.9754],[76.4007,16.9733],[76.4012,16.9713],[76.4016,16.9691],[76.4023,16.9647],[76.4023,16.9625],[76.402,16.9607],[76.4021,16.9591],[76.4021,16.9588],[76.4023,16.9573],[76.4024,16.9564],[76.4027,16.9551],[76.402,16.9534],[76.4021,16.951],[76.4022,16.9486],[76.4023,16.9472],[76.4023,16.9457],[76.4024,16.9439],[76.4023,16.9416],[76.4016,16.9396],[76.4001,16.9366],[76.3998,16.9351],[76.4096,16.9308],[76.4154,16.9287],[76.4197,16.9278],[76.4254,16.9276],[76.4277,16.9273],[76.4283,16.9277],[76.4292,16.9288],[76.4284,16.9296],[76.4303,16.9321],[76.4315,16.9353],[76.4332,16.9381],[76.4342,16.9421],[76.4393,16.9426],[76.4422,16.9418],[76.4444,16.9411],[76.448,16.9389],[76.4481,16.9385],[76.4496,16.9344],[76.4517,16.928],[76.4543,16.9277],[76.4586,16.9277],[76.4601,16.9246],[76.4618,16.921],[76.4638,16.9175],[76.4652,16.9128],[76.4654,16.9112],[76.4652,16.9085],[76.4652,16.9029],[76.4655,16.9023],[76.4628,16.901],[76.4625,16.9014],[76.4579,16.9001],[76.4542,16.8998],[76.4516,16.899],[76.45,16.8988],[76.4469,16.8983],[76.4432,16.8976],[76.4399,16.8975],[76.4392,16.8975],[76.4389,16.8975],[76.4384,16.8975],[76.4353,16.8977],[76.4338,16.8976],[76.4339,16.8971],[76.434,16.896],[76.4341,16.8949],[76.4343,16.8919],[76.4344,16.8912],[76.4347,16.8884],[76.4334,16.8824],[76.4364,16.8819],[76.437,16.8784],[76.437,16.8753],[76.4373,16.8711],[76.4388,16.8683],[76.4424,16.8681],[76.4454,16.8678],[76.4464,16.8678],[76.448,16.8678],[76.4494,16.8678],[76.4522,16.8676],[76.4542,16.8675],[76.4577,16.8676],[76.4587,16.8641],[76.4587,16.8628],[76.4589,16.8601],[76.4616,16.8593],[76.4617,16.8556],[76.4621,16.852],[76.4641,16.8493],[76.4672,16.8495],[76.4708,16.8469],[76.4708,16.8432],[76.4708,16.8413],[76.4709,16.8401],[76.4693,16.8389],[76.4676,16.8388],[76.4632,16.8377],[76.4626,16.8368],[76.4612,16.8351],[76.4599,16.833],[76.4568,16.8334],[76.456,16.8336],[76.4545,16.8339],[76.4504,16.8347],[76.4472,16.8351],[76.4457,16.8354],[76.4445,16.8355],[76.4424,16.8356],[76.4407,16.8359],[76.4371,16.8368],[76.4334,16.837],[76.4313,16.8371],[76.4296,16.8423],[76.4296,16.8457],[76.4294,16.8474],[76.4292,16.8497],[76.4259,16.8512],[76.4177,16.8521],[76.4114,16.8525],[76.406,16.8535],[76.4043,16.8562],[76.4043,16.8569],[76.4046,16.8586],[76.3999,16.8588],[76.3967,16.8585],[76.3939,16.8576],[76.3892,16.8564],[76.3864,16.8563],[76.3827,16.8569],[76.3788,16.8576],[76.3742,16.8584],[76.3708,16.8535],[76.3678,16.8499],[76.365,16.8469],[76.3607,16.8432],[76.3588,16.8425],[76.3583,16.839],[76.357,16.8371],[76.3559,16.8355],[76.3547,16.8328],[76.354,16.8296],[76.353,16.8275],[76.3523,16.8232],[76.3515,16.8193],[76.3557,16.8196],[76.3613,16.8195],[76.365,16.819],[76.3711,16.8182],[76.3716,16.8182],[76.3773,16.8177],[76.3782,16.8172],[76.3825,16.8168],[76.3861,16.817],[76.3895,16.8168],[76.3956,16.8162],[76.3985,16.8158],[76.4007,16.8155],[76.4052,16.8149],[76.4102,16.8139],[76.4137,16.8126],[76.4129,16.8087],[76.4119,16.8051],[76.4106,16.8002],[76.4073,16.799],[76.4058,16.7994],[76.405,16.7996],[76.4031,16.8001],[76.399,16.8035],[76.3962,16.8054],[76.3947,16.8052],[76.3924,16.8046],[76.3915,16.803],[76.3903,16.8022],[76.3875,16.8023],[76.3849,16.8017],[76.3835,16.8015],[76.3784,16.801],[76.3777,16.7981],[76.3774,16.7947],[76.3772,16.7932],[76.3766,16.792],[76.3763,16.791],[76.3757,16.7895],[76.375,16.787],[76.374,16.7855],[76.374,16.7851],[76.3737,16.783],[76.3732,16.7806],[76.3728,16.7783],[76.3725,16.7771],[76.3718,16.775],[76.3714,16.7736],[76.3706,16.7675],[76.3757,16.7684],[76.3786,16.7688],[76.3823,16.7692],[76.3872,16.7691],[76.3878,16.7691],[76.3882,16.7691],[76.3929,16.7688],[76.4004,16.7684],[76.4095,16.7681],[76.4144,16.7647],[76.4181,16.7647],[76.4185,16.7684],[76.4222,16.7676],[76.4259,16.7659],[76.4268,16.7657],[76.4277,16.7656],[76.4324,16.765],[76.4354,16.7646],[76.4359,16.7638],[76.4373,16.7624],[76.4394,16.7607],[76.4419,16.7583],[76.4427,16.7572],[76.4389,16.7528],[76.4398,16.7496],[76.44,16.7461],[76.4402,16.7434],[76.4388,16.7422],[76.4344,16.7408],[76.4328,16.7401],[76.431,16.7392],[76.429,16.7341],[76.423,16.7309],[76.4232,16.7284],[76.4231,16.7224],[76.4229,16.7203],[76.4244,16.7174],[76.4302,16.7168],[76.4328,16.7162],[76.4331,16.7162],[76.4402,16.7145],[76.4436,16.7147],[76.4453,16.7199],[76.4477,16.7234],[76.4503,16.7245],[76.4514,16.7233],[76.4595,16.7233],[76.4596,16.7206],[76.4597,16.7191],[76.4599,16.717],[76.4602,16.7141],[76.4609,16.7115],[76.4668,16.7115],[76.4729,16.7109],[76.4792,16.7114],[76.4859,16.7146],[76.4901,16.7166],[76.4937,16.7183],[76.4961,16.7194],[76.4986,16.7207],[76.4988,16.7214],[76.5016,16.7224],[76.5031,16.7242],[76.5021,16.727],[76.5022,16.7299],[76.5022,16.7348],[76.5025,16.737],[76.5029,16.7389],[76.5058,16.7417],[76.5077,16.7443],[76.5097,16.7453],[76.5143,16.749],[76.5165,16.7509],[76.5217,16.7511],[76.5263,16.7506],[76.5334,16.7493],[76.5387,16.7485],[76.5458,16.7476],[76.5503,16.7512],[76.5551,16.753],[76.5613,16.7532],[76.5668,16.7528],[76.5712,16.7556],[76.578,16.7579],[76.5812,16.7589],[76.5811,16.7615],[76.5831,16.7657],[76.5892,16.7657],[76.5931,16.7661],[76.5964,16.7668],[76.5994,16.7671],[76.6047,16.7669],[76.6087,16.7665],[76.6139,16.7659],[76.6202,16.7653],[76.6238,16.7644],[76.6236,16.7613],[76.6235,16.7578],[76.6227,16.7522],[76.6228,16.748],[76.6227,16.7461],[76.6226,16.7437],[76.6248,16.7434],[76.6352,16.7451],[76.6356,16.7401],[76.6353,16.7351],[76.641,16.7344],[76.6508,16.7295],[76.6577,16.7258],[76.6578,16.7302],[76.6551,16.7367],[76.6543,16.7425],[76.6529,16.7475],[76.6526,16.7517],[76.6537,16.7566],[76.6565,16.7605],[76.661,16.7672],[76.6646,16.7667],[76.6659,16.7665],[76.669,16.7661],[76.6725,16.7652],[76.677,16.769],[76.6779,16.7723],[76.6787,16.7767],[76.6793,16.7811],[76.6828,16.7847],[76.693,16.7852],[76.6958,16.7856],[76.6988,16.789],[76.7035,16.7891],[76.7092,16.785],[76.7091,16.7805],[76.7158,16.7788],[76.7231,16.783],[76.7244,16.7852],[76.7261,16.7827],[76.7334,16.779],[76.7367,16.7763],[76.7383,16.7765],[76.744,16.7779],[76.7453,16.7798],[76.7452,16.7843],[76.7452,16.7886],[76.7445,16.7961],[76.7443,16.8031],[76.7444,16.8064],[76.7448,16.8111],[76.7449,16.8162],[76.7504,16.8152],[76.7551,16.8145],[76.7568,16.8164],[76.7551,16.8194],[76.7545,16.8233],[76.7579,16.8293],[76.7574,16.8343],[76.7562,16.8354],[76.7535,16.8381],[76.7586,16.8448],[76.7665,16.8429],[76.7719,16.8417],[76.7809,16.8393],[76.7854,16.8385],[76.7891,16.8382],[76.7902,16.8458],[76.7948,16.8498],[76.8,16.8502],[76.8019,16.8492],[76.8055,16.851],[76.8081,16.8534],[76.8091,16.8554],[76.8124,16.8585],[76.814,16.8618],[76.8147,16.8669],[76.8155,16.8708],[76.8172,16.874],[76.8248,16.8726],[76.8281,16.8706],[76.8339,16.868],[76.8411,16.8669],[76.8448,16.8686],[76.8459,16.8689],[76.847,16.8724],[76.8507,16.8763],[76.8546,16.8792],[76.8557,16.8859],[76.8565,16.89],[76.8597,16.8919],[76.8608,16.8919],[76.8638,16.8927],[76.8676,16.8926],[76.8707,16.8947],[76.8759,16.8964],[76.8806,16.8962],[76.8828,16.8962],[76.8881,16.8956],[76.8901,16.8954],[76.8921,16.8953],[76.8983,16.8942],[76.9022,16.8935],[76.9024,16.8901],[76.9022,16.8843],[76.9024,16.8785],[76.906,16.8777],[76.9093,16.876],[76.914,16.8749],[76.9169,16.872],[76.9194,16.8708],[76.9211,16.8703],[76.9183,16.8653],[76.9028,16.8559],[76.902,16.8442],[76.9035,16.8332],[76.9135,16.8162],[76.9212,16.8209],[76.9227,16.8272],[76.9246,16.8299],[76.9346,16.8313],[76.9541,16.8244],[76.9896,16.8116],[76.9908,16.8151],[76.9912,16.819],[76.9921,16.824],[76.9923,16.8271],[76.9926,16.8298],[76.9931,16.833],[76.9953,16.8375],[76.9912,16.8386],[76.9888,16.8389],[76.9845,16.8397],[76.9834,16.8421],[76.9813,16.847],[76.9798,16.8507],[76.9788,16.8542],[76.9794,16.8578],[76.9797,16.8596],[76.9829,16.8609],[76.9894,16.8605],[76.994,16.8601],[76.9988,16.86],[77.0023,16.8595],[77.0075,16.8578],[77.0134,16.8629],[77.0187,16.8667],[77.0198,16.8675],[77.0238,16.868],[77.0296,16.8678],[77.0309,16.8694],[77.0341,16.8695],[77.0375,16.8694],[77.0432,16.8708],[77.0419,16.8808],[77.0373,16.8838],[77.0333,16.885],[77.0333,16.8931],[77.0316,16.8934],[77.0285,16.8936],[77.0238,16.8967],[77.0197,16.898],[77.0175,16.9008],[77.018,16.9037],[77.0184,16.906],[77.0189,16.9088],[77.0194,16.9104],[77.0201,16.917],[77.02,16.9225],[77.0199,16.9275],[77.0247,16.9251],[77.029,16.9254],[77.0336,16.9247],[77.0383,16.9236],[77.0415,16.9233],[77.0441,16.9266],[77.0455,16.9306],[77.0516,16.9374],[77.0585,16.9449],[77.0644,16.9538],[77.0695,16.948],[77.068,16.9401],[77.0687,16.9344],[77.0729,16.9353],[77.0761,16.9374],[77.0775,16.9387],[77.0802,16.9393],[77.0811,16.94],[77.0845,16.9434],[77.091,16.935],[77.0875,16.9275],[77.0898,16.9166],[77.0925,16.9087],[77.0929,16.9062],[77.1077,16.9031],[77.1121,16.905],[77.1168,16.9081],[77.1206,16.9114],[77.1263,16.9159],[77.1397,16.9153],[77.1674,16.9301],[77.1847,16.9354],[77.1965,16.9305],[77.1987,16.9338],[77.204,16.9366],[77.2066,16.9378],[77.2082,16.9388],[77.2095,16.9414],[77.2099,16.9431],[77.213,16.9439],[77.2197,16.943],[77.2244,16.9426],[77.2269,16.9408],[77.2316,16.9385],[77.2381,16.9402],[77.2447,16.9399],[77.2458,16.935],[77.2462,16.9324],[77.2474,16.9335],[77.2508,16.9328],[77.2536,16.9327],[77.2572,16.9308],[77.2621,16.928],[77.268,16.9293],[77.2741,16.9292],[77.2768,16.9312],[77.2861,16.9347],[77.2895,16.9372],[77.2943,16.9332],[77.3002,16.9304],[77.3075,16.929],[77.3109,16.9278],[77.314,16.9315],[77.3208,16.9362],[77.325,16.9349],[77.3287,16.9333],[77.3344,16.9312],[77.3396,16.9311],[77.3408,16.9342],[77.3413,16.9344],[77.3416,16.9318],[77.342,16.9293],[77.3431,16.9268],[77.346,16.921],[77.3464,16.9162],[77.3481,16.913],[77.3488,16.9107],[77.3515,16.9073],[77.3545,16.9071],[77.357,16.9063],[77.3616,16.9052],[77.3663,16.9041],[77.3681,16.9017],[77.371,16.8975],[77.3735,16.8985],[77.3761,16.8969],[77.3779,16.895],[77.3823,16.8952],[77.3838,16.8954],[77.3844,16.8972],[77.3873,16.8978],[77.3887,16.8967],[77.3874,16.8932],[77.3883,16.892],[77.3898,16.8938],[77.3912,16.8958],[77.3934,16.8978],[77.3942,16.9009],[77.395,16.9015],[77.396,16.9036],[77.4012,16.9025],[77.4003,16.9014],[77.4041,16.9003],[77.4058,16.9018],[77.4054,16.899],[77.4026,16.897],[77.4014,16.8982],[77.3998,16.899],[77.4006,16.8963],[77.4026,16.8952],[77.4042,16.8947],[77.4031,16.8921],[77.4021,16.888],[77.4017,16.8826],[77.4063,16.8797],[77.4095,16.8742],[77.4154,16.8768],[77.4171,16.8806],[77.4182,16.882],[77.4233,16.8845],[77.4287,16.8855],[77.4329,16.8851],[77.4348,16.8861],[77.4368,16.8861],[77.4414,16.886],[77.4445,16.8863],[77.4464,16.8863],[77.4492,16.8862],[77.4542,16.8856],[77.4552,16.8855],[77.4575,16.8923],[77.4576,16.8985],[77.4558,16.9099],[77.4566,16.9146],[77.4628,16.9169],[77.4696,16.9216],[77.4654,16.933],[77.4665,16.9422],[77.4659,16.9509],[77.4694,16.9582],[77.482,16.9728],[77.4828,16.9828],[77.4791,16.9946],[77.4933,17.0051],[77.4987,17.0099],[77.5031,17.014],[77.4991,17.0212],[77.496,17.0287],[77.4963,17.0376],[77.4965,17.0441],[77.4897,17.0471],[77.4837,17.0589],[77.4792,17.073],[77.4754,17.0803],[77.4625,17.0949],[77.4647,17.1066],[77.4074,17.126],[77.3781,17.1424],[77.3796,17.1501],[77.37,17.1533],[77.3673,17.1575],[77.3638,17.162],[77.3633,17.1653],[77.3668,17.17],[77.3706,17.1798],[77.3703,17.189],[77.3716,17.1958],[77.3794,17.1962],[77.3885,17.1966],[77.3952,17.198],[77.3966,17.2054],[77.4021,17.2111],[77.394,17.2139],[77.3824,17.2183],[77.3951,17.2307],[77.4196,17.2377],[77.4366,17.26],[77.459,17.2815],[77.4383,17.2955],[77.4433,17.3022],[77.4482,17.309],[77.4522,17.3216],[77.457,17.3369],[77.4558,17.3498],[77.4514,17.36],[77.4527,17.3692],[77.4529,17.3738],[77.464,17.3725],[77.475,17.3706],[77.4768,17.3678],[77.4786,17.3595],[77.4833,17.3553],[77.4886,17.3587],[77.5055,17.3585],[77.5262,17.3683],[77.5301,17.3743],[77.5291,17.3801],[77.5252,17.3844],[77.5256,17.3905],[77.5215,17.4126],[77.5175,17.4323],[77.5444,17.4391],[77.5552,17.4343],[77.5646,17.4322],[77.5737,17.43],[77.5758,17.4366],[77.5756,17.447],[77.5786,17.457],[77.5802,17.4559],[77.582,17.4553],[77.5852,17.4544],[77.5875,17.4523],[77.5938,17.449],[77.5972,17.4472],[77.5994,17.4468],[77.6025,17.445],[77.6053,17.4446],[77.6097,17.445],[77.6142,17.4478],[77.614,17.4517],[77.614,17.4637],[77.6125,17.4665],[77.6171,17.4741],[77.63,17.4734],[77.6378,17.4737],[77.6419,17.4772],[77.6469,17.4885],[77.6485,17.4965],[77.6554,17.5052],[77.6542,17.4921],[77.6603,17.4809],[77.683,17.4743],[77.6888,17.4873],[77.6923,17.4973],[77.6831,17.5072],[77.6756,17.5072],[77.6645,17.5207],[77.6538,17.5229],[77.6402,17.524],[77.6139,17.5327],[77.6054,17.5335],[77.5971,17.5349],[77.5956,17.5441],[77.5952,17.5601],[77.5888,17.5641],[77.584,17.56],[77.5732,17.5578],[77.5484,17.5585],[77.5363,17.577],[77.5237,17.5626],[77.4927,17.5624],[77.4766,17.5733],[77.443,17.5838],[77.4214,17.5854],[77.4151,17.5849],[77.4122,17.5841],[77.4083,17.583],[77.4065,17.5834],[77.4029,17.5842],[77.4006,17.5834],[77.3962,17.5833],[77.3865,17.5837],[77.3699,17.5963],[77.3524,17.5998],[77.3456,17.5919],[77.3371,17.5892],[77.3191,17.5928],[77.3064,17.5973],[77.2983,17.6054],[77.296,17.6074],[77.2944,17.6148],[77.2911,17.6111],[77.2866,17.6169],[77.2824,17.6176],[77.2785,17.6203],[77.277,17.6222],[77.2736,17.627],[77.266,17.6258],[77.2584,17.6231],[77.2549,17.6245],[77.2527,17.6264],[77.2459,17.6288],[77.2406,17.6299],[77.2357,17.6299],[77.2318,17.6312],[77.2298,17.6317],[77.2274,17.6299],[77.2217,17.6315],[77.2199,17.6298],[77.2161,17.63],[77.2144,17.6293],[77.2109,17.6286],[77.2076,17.6264],[77.203,17.6297],[77.2004,17.6308],[77.1985,17.6318],[77.1963,17.6307],[77.1948,17.6248],[77.1946,17.6215],[77.1945,17.6182],[77.1937,17.6177],[77.1941,17.6153],[77.1891,17.6158],[77.1866,17.6185],[77.1786,17.6219],[77.1716,17.6239],[77.1703,17.624],[77.1713,17.6258],[77.1643,17.6281],[77.1569,17.6282],[77.153,17.6295],[77.152,17.6314],[77.1502,17.6326],[77.1506,17.6383],[77.1497,17.6425],[77.1472,17.6449],[77.1435,17.6485],[77.1444,17.6524],[77.1449,17.6551],[77.1404,17.6562],[77.1363,17.6608],[77.132,17.6614],[77.1316,17.6686],[77.1328,17.6739],[77.1331,17.6777],[77.1327,17.682],[77.1281,17.6822],[77.1251,17.6862],[77.1209,17.6862],[77.117,17.6839],[77.1151,17.68],[77.1128,17.677],[77.1111,17.6751],[77.1065,17.6734],[77.1056,17.6721],[77.1045,17.6696],[77.1037,17.6686],[77.0977,17.6685],[77.0925,17.6681],[77.0885,17.6657],[77.0879,17.6631],[77.0865,17.6604],[77.0853,17.659],[77.0785,17.6615],[77.0693,17.6655],[77.0596,17.6725],[77.0577,17.6733],[77.056,17.6721],[77.0524,17.6712],[77.0484,17.6713],[77.046,17.6696],[77.0442,17.6684],[77.0366,17.6711],[77.0345,17.6766],[77.0342,17.6817],[77.0325,17.6816],[77.029,17.6806],[77.0181,17.6794],[77.0159,17.6821],[77.0117,17.6855],[77.0067,17.6877],[77.0023,17.6934],[76.9988,17.6954],[76.995,17.6966],[76.9927,17.6959],[76.9891,17.6972],[76.9832,17.6985],[76.9823,17.6953],[76.9812,17.692],[76.9803,17.6887],[76.9797,17.6862],[76.9762,17.6806],[76.9771,17.6785],[76.9773,17.6747],[76.9775,17.6708],[76.9773,17.6684],[76.9794,17.6636],[76.9831,17.6623],[76.9838,17.6531],[76.9796,17.6499],[76.9744,17.6472],[76.97,17.6452],[76.9653,17.6403],[76.9604,17.6364],[76.9572,17.6344],[76.9575,17.6312],[76.9582,17.6275],[76.9576,17.6233],[76.9566,17.6221],[76.9519,17.6241],[76.9513,17.6205],[76.9457,17.6153],[76.9413,17.6097],[76.9386,17.6069],[76.9298,17.606],[76.9239,17.6086],[76.9225,17.6119],[76.9226,17.6164],[76.9195,17.6212],[76.9215,17.6227],[76.9251,17.626],[76.928,17.6309],[76.9287,17.633],[76.9288,17.6373],[76.9272,17.6376],[76.9231,17.6382],[76.9195,17.639],[76.9153,17.639],[76.9098,17.6375],[76.9076,17.6349],[76.903,17.641],[76.898,17.6449],[76.8931,17.6432],[76.887,17.6432],[76.8809,17.6433],[76.8743,17.6442],[76.8701,17.646],[76.8655,17.6461],[76.8567,17.6446],[76.8556,17.6437],[76.8495,17.6465],[76.8415,17.6537],[76.8361,17.6495],[76.8333,17.6492],[76.8264,17.6502],[76.8217,17.6513],[76.8204,17.6508],[76.816,17.6502],[76.813,17.6503],[76.8118,17.6498],[76.8088,17.6491],[76.8051,17.6502],[76.8,17.6508],[76.794,17.6524],[76.7876,17.6468],[76.7849,17.6368],[76.7812,17.636],[76.7781,17.6362],[76.7758,17.637],[76.7735,17.6388],[76.7728,17.6423],[76.7714,17.6466],[76.7713,17.6484],[76.7716,17.6504],[76.7721,17.6531],[76.7724,17.6549],[76.7728,17.6566],[76.7731,17.6573],[76.7731,17.6602],[76.7731,17.6643],[76.7719,17.666],[76.7685,17.6663],[76.7667,17.6663],[76.7662,17.6664],[76.7622,17.6659],[76.7601,17.6658],[76.7572,17.6663],[76.7521,17.6665],[76.7465,17.6668],[76.7452,17.6654],[76.7423,17.6649],[76.7353,17.6654],[76.7328,17.6653],[76.7327,17.6624],[76.7326,17.6601],[76.7314,17.6588],[76.7257,17.6567],[76.7214,17.6541],[76.7207,17.6522],[76.7195,17.6484],[76.7168,17.6431],[76.7155,17.6405],[76.7129,17.6391],[76.7005,17.6417],[76.6987,17.6462],[76.7032,17.6495],[76.7096,17.6531],[76.712,17.6584],[76.7086,17.6626],[76.7039,17.6624],[76.6968,17.6621],[76.6944,17.6664],[76.6953,17.6732],[76.6925,17.6807],[76.686,17.6837],[76.6643,17.6899],[76.6572,17.7145],[76.6379,17.7273],[76.6324,17.7355],[76.6296,17.7513],[76.6237,17.7604],[76.605,17.7582],[76.6005,17.736],[76.5945,17.7227],[76.589,17.7124],[76.5854,17.7064],[76.5768,17.7053],[76.5704,17.71],[76.5684,17.7291],[76.5643,17.7509],[76.571,17.7591],[76.5575,17.7661],[76.5419,17.7622],[76.5235,17.7594],[76.5266,17.73],[76.5156,17.7195],[76.501,17.7184],[76.4857,17.7113],[76.4849,17.6984],[76.4834,17.6803],[76.4799,17.6607],[76.4665,17.6594],[76.4599,17.6593],[76.4539,17.657],[76.4527,17.6493],[76.4493,17.6489],[76.4437,17.6491],[76.4384,17.6452],[76.4282,17.6453],[76.4266,17.6303],[76.4226,17.6201],[76.4129,17.6048],[76.3969,17.6048],[76.377,17.6002],[76.3563,17.5968],[76.3442,17.597],[76.3333,17.5985],[76.3312,17.591],[76.332,17.5756],[76.3356,17.5637],[76.3395,17.5466],[76.3494,17.5396],[76.3639,17.5332],[76.3637,17.5169],[76.3465,17.5138],[76.3464,17.4923],[76.3644,17.4961],[76.375,17.4949],[76.3672,17.4827],[76.3527,17.4756],[76.3306,17.4609],[76.333,17.4524],[76.3333,17.4395],[76.3422,17.4348],[76.361,17.437],[76.3707,17.4291],[76.3709,17.4127],[76.3702,17.4069],[76.3683,17.4008],[76.3652,17.3888],[76.3639,17.3772],[76.3815,17.3737],[76.3921,17.3729],[76.4054,17.3714],[76.4107,17.3591],[76.4106,17.3509],[76.3996,17.3485],[76.3919,17.3364],[76.3873,17.328],[76.3843,17.3196],[76.3814,17.3138],[76.3673,17.3146],[76.3543,17.3212],[76.3527,17.3295],[76.3508,17.3361],[76.348,17.3429],[76.3427,17.3544],[76.3316,17.3517],[76.3205,17.3495],[76.3108,17.3466],[76.3134,17.3324],[76.2966,17.3335],[76.2921,17.3337],[76.2762,17.3382],[76.2729,17.3557],[76.2645,17.3619],[76.2497,17.365],[76.2446,17.3792],[76.2277,17.376],[76.2169,17.3631],[76.2117,17.362],[76.1952,17.3628],[76.1811,17.3584],[76.1723,17.3534],[76.1722,17.3405],[76.1746,17.3298],[76.1813,17.3185],[76.1791,17.3064],[76.1693,17.3023],[76.164,17.3174],[76.1623,17.3396],[76.1551,17.3474],[76.1372,17.3556],[76.1197,17.3711],[76.0941,17.3586],[76.0907,17.3459],[76.0864,17.3358],[76.0742,17.336],[76.0651,17.3128],[76.0845,17.3006],[76.0886,17.2989],[76.0923,17.2979],[76.0957,17.2958],[76.0971,17.2825],[76.0866,17.2668],[76.1017,17.2541],[76.1171,17.2511],[76.1378,17.2357],[76.1563,17.2187],[76.1778,17.1922],[76.1963,17.1838],[76.2094,17.1844],[76.2219,17.1801],[76.2281,17.171],[76.2394,17.1537],[76.246,17.1502],[76.2538,17.1494],[76.2613,17.1506],[76.2692,17.1596],[76.2752,17.1643],[76.2828,17.1671]]],[[[76.7288,16.7716],[76.7272,16.7656],[76.7244,16.7564],[76.7318,16.7517],[76.7392,16.7535],[76.74,16.7605],[76.7401,16.7649],[76.7392,16.7713],[76.7288,16.7716]]],[[[76.7001,17.7078],[76.6937,17.7073],[76.6943,17.6965],[76.7,17.6945],[76.7033,17.6933],[76.7077,17.6937],[76.712,17.695],[76.7122,17.6984],[76.7049,17.7025],[76.7005,17.7062],[76.7001,17.7078]]]]}},{"type":"Feature","properties":{"name":"Bidar","district_name":"Bidar"},"geometry":{"type":"MultiPolygon","coordinates":[[[[77.3663,18.4506],[77.3571,18.4504],[77.3401,18.4322],[77.3306,18.419],[77.3178,18.4223],[77.3152,18.4261],[77.3123,18.4329],[77.3118,18.4412],[77.3001,18.4377],[77.2826,18.4308],[77.2739,18.4233],[77.2616,18.4154],[77.2446,18.4149],[77.2403,18.4098],[77.2353,18.3972],[77.2346,18.3869],[77.2481,18.3759],[77.2443,18.3707],[77.2378,18.37],[77.2313,18.3687],[77.2255,18.3648],[77.2236,18.3558],[77.2236,18.3478],[77.2227,18.339],[77.2174,18.3248],[77.2087,18.3174],[77.2002,18.3134],[77.2023,18.3097],[77.2033,18.2993],[77.209,18.295],[77.21,18.2871],[77.2134,18.2808],[77.2034,18.2795],[77.1969,18.2781],[77.1882,18.2845],[77.1751,18.2848],[77.1694,18.2689],[77.1682,18.2599],[77.1649,18.2579],[77.1583,18.2523],[77.1545,18.2437],[77.1519,18.2388],[77.1489,18.2272],[77.1489,18.2171],[77.1416,18.2116],[77.1362,18.2073],[77.1266,18.2093],[77.1094,18.2043],[77.1163,18.1694],[77.1034,18.1583],[77.0871,18.1527],[77.0686,18.1519],[77.0531,18.1607],[77.0515,18.1732],[77.0437,18.1786],[77.0321,18.1775],[77.0257,18.1649],[77.0199,18.1593],[77.0026,18.1625],[76.9945,18.1752],[76.9899,18.1909],[76.9729,18.1897],[76.9537,18.1891],[76.9496,18.1776],[76.9454,18.1638],[76.9341,18.1596],[76.9241,18.1479],[76.9245,18.1412],[76.9324,18.1344],[76.9267,18.1302],[76.9201,18.1193],[76.9397,18.1141],[76.9587,18.1043],[76.9624,18.0908],[76.9449,18.0791],[76.9501,18.0573],[76.9539,18.0427],[76.945,18.0388],[76.9308,18.0376],[76.9145,18.035],[76.9132,18.022],[76.9091,18.014],[76.9055,18.0039],[76.9127,17.9956],[76.9129,17.9855],[76.9139,17.9665],[76.9173,17.9532],[76.919,17.9464],[76.9199,17.9339],[76.9189,17.9207],[76.9147,17.9148],[76.9008,17.9159],[76.8963,17.9081],[76.8936,17.8999],[76.8818,17.8955],[76.8747,17.898],[76.8635,17.8995],[76.851,17.9007],[76.8423,17.9],[76.832,17.8918],[76.8326,17.8826],[76.8261,17.8842],[76.8193,17.8841],[76.8112,17.8873],[76.8091,17.8825],[76.8079,17.8738],[76.8056,17.8709],[76.7974,17.8721],[76.7894,17.8753],[76.7766,17.8781],[76.7737,17.8901],[76.7687,17.902],[76.7561,17.8997],[76.7413,17.8998],[76.7398,17.8849],[76.7392,17.8742],[76.7385,17.8638],[76.7481,17.8573],[76.7628,17.8539],[76.7699,17.8501],[76.7747,17.8442],[76.7841,17.834],[76.7887,17.8304],[76.7883,17.8235],[76.7838,17.8183],[76.7817,17.8102],[76.7793,17.7982],[76.7732,17.7989],[76.7658,17.7919],[76.7591,17.7873],[76.7473,17.7847],[76.7394,17.7804],[76.7344,17.782],[76.7281,17.7846],[76.7225,17.7872],[76.713,17.7743],[76.7174,17.7716],[76.7215,17.7695],[76.7185,17.756],[76.7223,17.7505],[76.7271,17.7405],[76.7227,17.736],[76.7122,17.7331],[76.7004,17.7286],[76.7037,17.7176],[76.7005,17.7062],[76.7049,17.7025],[76.7122,17.6984],[76.712,17.695],[76.7077,17.6937],[76.7033,17.6933],[76.7,17.6945],[76.6939,17.6961],[76.6922,17.6812],[76.6953,17.6732],[76.6944,17.6664],[76.6959,17.6622],[76.7038,17.6624],[76.7081,17.6627],[76.7118,17.6589],[76.7099,17.6535],[76.704,17.6499],[76.699,17.6465],[76.6994,17.642],[76.712,17.6393],[76.7152,17.6398],[76.7163,17.6421],[76.7195,17.6483],[76.7207,17.6518],[76.7214,17.6541],[76.725,17.6567],[76.7313,17.6587],[76.7325,17.66],[76.7327,17.6624],[76.7328,17.6638],[76.7353,17.6654],[76.7419,17.6648],[76.7446,17.6653],[76.7463,17.6667],[76.752,17.6665],[76.7571,17.6663],[76.7601,17.6658],[76.7621,17.6659],[76.765,17.6663],[76.7665,17.6664],[76.7685,17.6663],[76.7719,17.666],[76.7731,17.6644],[76.7731,17.6612],[76.7731,17.6574],[76.7728,17.6567],[76.7725,17.655],[76.7721,17.6534],[76.7716,17.6506],[76.7713,17.6485],[76.7714,17.6468],[76.7726,17.6427],[76.7735,17.6389],[76.7757,17.6371],[76.778,17.6362],[76.781,17.636],[76.7848,17.6368],[76.7877,17.6464],[76.794,17.6524],[76.7998,17.6509],[76.8048,17.6502],[76.8074,17.6487],[76.8118,17.6498],[76.8129,17.6503],[76.8157,17.6503],[76.8202,17.6507],[76.8217,17.6512],[76.8264,17.6502],[76.83,17.6495],[76.8361,17.6495],[76.8415,17.6537],[76.8487,17.6474],[76.8555,17.6437],[76.8567,17.6446],[76.8649,17.6464],[76.87,17.646],[76.8742,17.6443],[76.8808,17.6434],[76.8865,17.6432],[76.8931,17.6432],[76.8979,17.6449],[76.903,17.641],[76.9076,17.6351],[76.9097,17.6375],[76.9142,17.639],[76.9181,17.6389],[76.923,17.6382],[76.9261,17.6378],[76.9288,17.6373],[76.9287,17.633],[76.9283,17.6314],[76.9253,17.6267],[76.9218,17.6229],[76.9195,17.6213],[76.9223,17.6179],[76.9225,17.6119],[76.9237,17.6088],[76.9297,17.606],[76.9361,17.607],[76.9412,17.6095],[76.9457,17.6153],[76.9508,17.6198],[76.9518,17.6238],[76.9563,17.6223],[76.9577,17.6229],[76.9582,17.6275],[76.9575,17.6307],[76.9573,17.6339],[76.9603,17.6364],[76.9651,17.6402],[76.9697,17.6449],[76.9742,17.6472],[76.9786,17.6491],[76.9837,17.653],[76.9831,17.6615],[76.9801,17.6635],[76.9772,17.6675],[76.9773,17.6708],[76.9773,17.6742],[76.977,17.6779],[76.9762,17.6806],[76.9797,17.6862],[76.9803,17.6884],[76.9812,17.6919],[76.9822,17.6952],[76.9831,17.6985],[76.9886,17.6977],[76.9926,17.6957],[76.9947,17.6965],[76.9986,17.6948],[77.002,17.6934],[77.0066,17.6877],[77.0117,17.6856],[77.0157,17.6822],[77.0181,17.6794],[77.028,17.6805],[77.0325,17.6816],[77.034,17.6819],[77.0344,17.6769],[77.036,17.6713],[77.0439,17.6676],[77.046,17.6696],[77.0482,17.6713],[77.0518,17.6713],[77.0552,17.6721],[77.0577,17.6733],[77.0596,17.6725],[77.0683,17.6661],[77.0772,17.6615],[77.0852,17.6589],[77.0865,17.6604],[77.0879,17.663],[77.0886,17.6657],[77.0922,17.6681],[77.0974,17.6685],[77.1034,17.6686],[77.1045,17.6695],[77.1053,17.6714],[77.1064,17.6734],[77.1091,17.6745],[77.1125,17.6769],[77.1151,17.6798],[77.1168,17.6834],[77.1207,17.6861],[77.1237,17.6866],[77.128,17.6828],[77.1327,17.6822],[77.133,17.6783],[77.1329,17.674],[77.1316,17.6686],[77.1321,17.6634],[77.1363,17.6608],[77.1403,17.6562],[77.1448,17.6554],[77.1445,17.6525],[77.1435,17.6486],[77.147,17.645],[77.1496,17.6425],[77.1506,17.6399],[77.1504,17.6342],[77.1515,17.632],[77.1529,17.63],[77.1569,17.6282],[77.1641,17.6281],[77.1719,17.6268],[77.1704,17.6243],[77.1718,17.6242],[77.1781,17.6221],[77.1862,17.6185],[77.1891,17.6158],[77.194,17.6152],[77.1938,17.6175],[77.1943,17.6181],[77.1949,17.6214],[77.1948,17.6244],[77.1961,17.6303],[77.1985,17.6318],[77.2005,17.6309],[77.2032,17.6291],[77.2071,17.6266],[77.2106,17.6286],[77.2144,17.6293],[77.2157,17.6299],[77.2202,17.6298],[77.2215,17.6314],[77.2255,17.6303],[77.2297,17.6314],[77.2315,17.6317],[77.235,17.6299],[77.2397,17.6303],[77.2452,17.629],[77.2525,17.6264],[77.2546,17.6247],[77.2584,17.6231],[77.2645,17.6255],[77.2732,17.6269],[77.276,17.6245],[77.2784,17.6204],[77.2823,17.6175],[77.2868,17.617],[77.2908,17.6112],[77.2939,17.6143],[77.2956,17.6076],[77.2985,17.6056],[77.3045,17.5984],[77.3189,17.5928],[77.3366,17.5893],[77.345,17.5911],[77.3511,17.5995],[77.3697,17.5963],[77.3843,17.5834],[77.3938,17.5835],[77.4005,17.5833],[77.4028,17.5842],[77.4065,17.5835],[77.4083,17.583],[77.4122,17.5841],[77.4149,17.5849],[77.4214,17.5854],[77.4427,17.5839],[77.446,17.5956],[77.4491,17.6092],[77.4563,17.6321],[77.4523,17.6406],[77.4485,17.6529],[77.4516,17.6644],[77.4544,17.6758],[77.455,17.6861],[77.4526,17.6927],[77.4561,17.6953],[77.4589,17.6983],[77.4736,17.7037],[77.4831,17.7063],[77.4923,17.708],[77.4996,17.7162],[77.5076,17.7179],[77.5187,17.7252],[77.5278,17.729],[77.533,17.7295],[77.5377,17.7306],[77.545,17.7322],[77.551,17.7369],[77.5587,17.7411],[77.5627,17.7424],[77.5703,17.7418],[77.5681,17.7489],[77.5681,17.7537],[77.5672,17.7667],[77.5596,17.7634],[77.551,17.7663],[77.5447,17.7726],[77.54,17.7762],[77.5321,17.7787],[77.5239,17.7814],[77.5123,17.7827],[77.5063,17.7867],[77.5126,17.7997],[77.5202,17.8089],[77.5287,17.8151],[77.5278,17.8282],[77.5446,17.8282],[77.5486,17.8222],[77.558,17.8302],[77.5659,17.8495],[77.5704,17.8595],[77.5761,17.8749],[77.5824,17.8764],[77.5875,17.8759],[77.5976,17.8732],[77.5972,17.8812],[77.589,17.8915],[77.5851,17.8982],[77.5885,17.9076],[77.5948,17.9051],[77.6004,17.9043],[77.6081,17.9058],[77.6189,17.9037],[77.6206,17.9118],[77.6219,17.9276],[77.6191,17.9398],[77.6242,17.9456],[77.6298,17.946],[77.6325,17.951],[77.6275,17.9587],[77.629,17.9635],[77.6332,17.9665],[77.6355,17.9595],[77.6407,17.952],[77.6456,17.9515],[77.6507,17.9591],[77.6487,17.9794],[77.6474,18.0002],[77.6288,17.9986],[77.618,18.0079],[77.6074,18.016],[77.5976,18.0151],[77.5849,18.0214],[77.5774,18.0334],[77.5575,18.0371],[77.5466,18.0366],[77.5479,18.0541],[77.5488,18.062],[77.5539,18.064],[77.5581,18.067],[77.5611,18.0723],[77.5667,18.0767],[77.5822,18.0821],[77.5975,18.092],[77.6006,18.1096],[77.597,18.1244],[77.5946,18.1352],[77.595,18.1466],[77.5973,18.1562],[77.5795,18.1683],[77.5748,18.1755],[77.572,18.1838],[77.5715,18.1885],[77.5647,18.1939],[77.5636,18.1937],[77.5655,18.2036],[77.5791,18.2122],[77.5843,18.2214],[77.581,18.2281],[77.5759,18.2373],[77.5732,18.2435],[77.579,18.2549],[77.5943,18.2646],[77.6033,18.2783],[77.5972,18.2828],[77.5824,18.2853],[77.5731,18.2922],[77.5695,18.2913],[77.5487,18.2924],[77.5483,18.2947],[77.5167,18.3099],[77.5089,18.2952],[77.5046,18.2832],[77.5023,18.2781],[77.4958,18.2715],[77.4858,18.2702],[77.4793,18.2691],[77.4755,18.2654],[77.4678,18.264],[77.4566,18.2662],[77.4495,18.27],[77.4468,18.2749],[77.4453,18.283],[77.4409,18.2825],[77.4381,18.2907],[77.4365,18.2955],[77.4386,18.3083],[77.4241,18.3088],[77.4123,18.3021],[77.3976,18.304],[77.3822,18.3088],[77.3677,18.3083],[77.361,18.3143],[77.3597,18.3213],[77.3679,18.3242],[77.3818,18.3364],[77.3887,18.3405],[77.3945,18.3445],[77.4001,18.3532],[77.3979,18.3649],[77.3987,18.3707],[77.4106,18.378],[77.4142,18.3922],[77.404,18.4],[77.3955,18.4022],[77.3844,18.4],[77.3708,18.4061],[77.3662,18.4251],[77.3642,18.4331],[77.3663,18.4499],[77.3663,18.4506]]],[[[77.5252,17.7858],[77.5267,17.7846],[77.5252,17.7858]]],[[[77.2796,18.4763],[77.2723,18.4709],[77.2713,18.4658],[77.2679,18.4542],[77.2804,18.4536],[77.2889,18.4552],[77.2955,18.459],[77.2959,18.4616],[77.2997,18.4649],[77.2992,18.4765],[77.2832,18.4756],[77.2796,18.4763]]]]}},{"type":"Feature","properties":{"name":"Raichur","district_name":"Raichur"},"geometry":{"type":"Polygon","coordinates":[[[76.7339,15.5922],[76.7506,15.5879],[76.7543,15.5847],[76.7557,15.5825],[76.7556,15.5778],[76.7557,15.5751],[76.7569,15.5691],[76.7626,15.5646],[76.7687,15.5625],[76.7713,15.5606],[76.775,15.559],[76.7795,15.557],[76.7842,15.5565],[76.7878,15.5559],[76.7922,15.5547],[76.7949,15.5537],[76.8005,15.5505],[76.8031,15.5499],[76.8076,15.5484],[76.8108,15.5475],[76.8144,15.5499],[76.8207,15.5548],[76.8284,15.5641],[76.8336,15.5832],[76.8335,15.589],[76.8317,15.5973],[76.8347,15.6011],[76.8351,15.6067],[76.8349,15.6262],[76.8469,15.6365],[76.8572,15.6438],[76.8591,15.6477],[76.8623,15.6548],[76.8656,15.6589],[76.8706,15.6644],[76.8752,15.6695],[76.886,15.6831],[76.8946,15.688],[76.9075,15.6922],[76.9115,15.6987],[76.9162,15.7061],[76.9207,15.7212],[76.9216,15.7235],[76.9224,15.7257],[76.9232,15.7282],[76.9238,15.7302],[76.9249,15.7321],[76.926,15.7335],[76.9273,15.7347],[76.9333,15.7482],[76.9348,15.7509],[76.9361,15.7534],[76.9377,15.7556],[76.9384,15.7577],[76.9386,15.7597],[76.9405,15.7619],[76.9439,15.7636],[76.9479,15.7648],[76.9549,15.768],[76.9607,15.7722],[76.9896,15.8009],[77.0214,15.8302],[77.023,15.8344],[77.0263,15.8369],[77.0322,15.8436],[77.0488,15.8698],[77.0662,15.8916],[77.0897,15.9131],[77.1143,15.9297],[77.1577,15.9509],[77.2063,15.9539],[77.2617,15.9571],[77.3103,15.9527],[77.3315,15.9529],[77.3531,15.9534],[77.3831,15.9427],[77.4217,15.945],[77.4764,15.9323],[77.5156,15.9366],[77.518,15.9514],[77.5192,15.9659],[77.5138,15.9716],[77.5095,15.9807],[77.5126,16.004],[77.5089,16.0096],[77.504,16.0173],[77.4972,16.0299],[77.4984,16.0442],[77.4996,16.0533],[77.498,16.0578],[77.5037,16.0638],[77.504,16.0703],[77.5067,16.0762],[77.5023,16.0823],[77.4979,16.0859],[77.498,16.0987],[77.5008,16.1065],[77.512,16.1103],[77.5074,16.1151],[77.5023,16.1198],[77.4913,16.1209],[77.4917,16.1304],[77.4913,16.1377],[77.4907,16.1504],[77.4862,16.1628],[77.4872,16.1683],[77.4894,16.1751],[77.4909,16.1835],[77.4986,16.1974],[77.4995,16.2046],[77.4989,16.2102],[77.4993,16.2131],[77.4996,16.2164],[77.5006,16.2203],[77.5018,16.2236],[77.5125,16.2208],[77.5138,16.2308],[77.5051,16.23],[77.4949,16.2272],[77.4923,16.2372],[77.4915,16.2514],[77.5009,16.2613],[77.5052,16.2717],[77.5117,16.2753],[77.515,16.2778],[77.5204,16.2781],[77.5295,16.2755],[77.5386,16.272],[77.5402,16.2823],[77.5415,16.2873],[77.5505,16.2943],[77.5679,16.3025],[77.5829,16.2918],[77.5954,16.2928],[77.5924,16.3028],[77.591,16.3255],[77.5889,16.3324],[77.5912,16.3337],[77.5934,16.3352],[77.5951,16.3365],[77.5962,16.3375],[77.5935,16.3476],[77.5913,16.348],[77.5892,16.348],[77.5874,16.348],[77.5856,16.3471],[77.5834,16.3456],[77.5817,16.3444],[77.5799,16.3431],[77.5632,16.3504],[77.5105,16.3801],[77.4744,16.3828],[77.4181,16.3702],[77.3346,16.3985],[77.325,16.401],[77.2905,16.4125],[77.2696,16.4059],[77.2625,16.4076],[77.2583,16.4117],[77.255,16.4128],[77.2535,16.4135],[77.2462,16.4165],[77.2243,16.4215],[77.2042,16.4267],[77.1864,16.4287],[77.1663,16.4369],[77.1619,16.441],[77.1591,16.446],[77.1607,16.4485],[77.1586,16.4659],[77.1349,16.4814],[77.0985,16.4926],[77.0715,16.5062],[77.0375,16.5163],[77.0116,16.5024],[77.0037,16.5135],[77.0082,16.5366],[76.9773,16.5611],[76.9677,16.5352],[76.9747,16.5243],[76.9709,16.5078],[76.9545,16.501],[76.9373,16.4966],[76.913,16.4887],[76.8865,16.4919],[76.8676,16.486],[76.8653,16.4613],[76.8445,16.4322],[76.8229,16.424],[76.785,16.4196],[76.7757,16.4218],[76.7635,16.4268],[76.7456,16.4133],[76.7354,16.4063],[76.7319,16.4051],[76.7267,16.4032],[76.7168,16.3981],[76.7089,16.3932],[76.6838,16.3784],[76.6736,16.3762],[76.6546,16.3647],[76.6405,16.3548],[76.6266,16.3512],[76.5925,16.34],[76.5709,16.3304],[76.5452,16.3161],[76.5175,16.3044],[76.4948,16.298],[76.4808,16.2926],[76.4659,16.2828],[76.4507,16.2744],[76.4361,16.2639],[76.4191,16.2535],[76.4133,16.2469],[76.4011,16.2403],[76.3912,16.2279],[76.3829,16.2239],[76.3688,16.2189],[76.3632,16.2091],[76.354,16.2048],[76.3493,16.1991],[76.3394,16.1945],[76.336,16.1928],[76.3301,16.1935],[76.2963,16.1842],[76.2844,16.161],[76.2385,16.1652],[76.2372,16.1574],[76.2363,16.1533],[76.2361,16.145],[76.235,16.1379],[76.2345,16.1318],[76.2363,16.13],[76.2458,16.1282],[76.2467,16.1265],[76.246,16.123],[76.2451,16.1182],[76.2446,16.1156],[76.2475,16.1116],[76.2539,16.1088],[76.2532,16.1031],[76.2586,16.0973],[76.2625,16.0997],[76.2647,16.1038],[76.2673,16.1086],[76.2693,16.1093],[76.2767,16.107],[76.283,16.1066],[76.2868,16.1056],[76.295,16.1034],[76.305,16.101],[76.3081,16.1],[76.3116,16.0978],[76.3158,16.0961],[76.318,16.0951],[76.3219,16.0932],[76.3281,16.092],[76.332,16.0893],[76.3304,16.0836],[76.3277,16.0778],[76.3199,16.0798],[76.3143,16.0815],[76.309,16.0827],[76.3029,16.0841],[76.2984,16.0861],[76.2947,16.0879],[76.2938,16.0888],[76.2882,16.0886],[76.2808,16.0891],[76.2752,16.0897],[76.2701,16.0904],[76.2645,16.0909],[76.2589,16.0912],[76.2598,16.0805],[76.2635,16.0739],[76.2681,16.074],[76.2746,16.0749],[76.2797,16.075],[76.286,16.0751],[76.2883,16.075],[76.2914,16.0747],[76.2957,16.0743],[76.2985,16.0741],[76.3023,16.0736],[76.3036,16.0689],[76.3071,16.066],[76.3066,16.0631],[76.3062,16.0612],[76.3055,16.0581],[76.3044,16.052],[76.304,16.0472],[76.3041,16.0373],[76.3043,16.0319],[76.3055,16.0257],[76.3073,16.0216],[76.3098,16.0163],[76.3111,16.0135],[76.3111,16.0098],[76.3112,16.0065],[76.3119,16.0024],[76.3081,16.0001],[76.3065,15.9998],[76.3017,15.9996],[76.297,15.9972],[76.2967,15.9919],[76.2988,15.9856],[76.2996,15.9791],[76.3021,15.9726],[76.3041,15.9688],[76.3071,15.9615],[76.3095,15.9571],[76.3169,15.9569],[76.3213,15.9561],[76.3237,15.9517],[76.325,15.9479],[76.326,15.9442],[76.3277,15.9388],[76.3289,15.9343],[76.3277,15.9322],[76.3216,15.9314],[76.3169,15.9303],[76.3138,15.9293],[76.313,15.9276],[76.3134,15.9252],[76.3122,15.9224],[76.3068,15.9232],[76.3026,15.9254],[76.3021,15.9297],[76.2958,15.9303],[76.2857,15.9303],[76.285,15.9242],[76.2845,15.9186],[76.2845,15.9153],[76.2848,15.9121],[76.2853,15.9075],[76.2852,15.9055],[76.2854,15.9026],[76.2861,15.9008],[76.2873,15.8976],[76.2898,15.8926],[76.2957,15.8938],[76.2991,15.8955],[76.3017,15.8961],[76.3053,15.8934],[76.3147,15.8964],[76.3178,15.9005],[76.3212,15.9028],[76.3351,15.9046],[76.3451,15.9004],[76.3458,15.8956],[76.3462,15.8912],[76.3454,15.8879],[76.3431,15.8811],[76.3403,15.8752],[76.3392,15.8707],[76.3506,15.8635],[76.3533,15.8654],[76.3567,15.8715],[76.3582,15.8787],[76.3578,15.8816],[76.3575,15.8855],[76.3573,15.8898],[76.3569,15.8973],[76.3585,15.9011],[76.3541,15.9031],[76.3563,15.9063],[76.3656,15.9121],[76.3721,15.9154],[76.3737,15.9166],[76.3748,15.9124],[76.3751,15.9049],[76.38,15.9024],[76.3852,15.9027],[76.3889,15.9029],[76.3915,15.9031],[76.3961,15.9029],[76.4019,15.9022],[76.4035,15.8997],[76.4054,15.8988],[76.4076,15.8978],[76.4162,15.8955],[76.4201,15.8942],[76.4258,15.8911],[76.4243,15.8882],[76.4236,15.8841],[76.422,15.8734],[76.4199,15.8717],[76.4178,15.8683],[76.4181,15.8643],[76.4303,15.859],[76.436,15.8572],[76.4435,15.8547],[76.4468,15.8535],[76.451,15.8545],[76.4509,15.8439],[76.4492,15.8382],[76.4468,15.8345],[76.4453,15.8324],[76.4439,15.8282],[76.4425,15.8248],[76.4399,15.8243],[76.4359,15.8234],[76.4311,15.8193],[76.4268,15.8159],[76.4263,15.8142],[76.4227,15.8126],[76.4223,15.8123],[76.4211,15.8081],[76.4191,15.8056],[76.4133,15.8042],[76.413,15.8011],[76.4133,15.7958],[76.4156,15.7915],[76.4192,15.791],[76.4222,15.7882],[76.4242,15.7857],[76.4301,15.786],[76.4351,15.7869],[76.4372,15.7855],[76.4395,15.7841],[76.439,15.7798],[76.4387,15.7761],[76.4393,15.7664],[76.4381,15.7601],[76.4388,15.7571],[76.4393,15.7531],[76.4396,15.7495],[76.4463,15.7455],[76.447,15.7425],[76.4458,15.7407],[76.4439,15.7387],[76.4461,15.7361],[76.4497,15.7335],[76.4569,15.7288],[76.4611,15.7274],[76.4675,15.7258],[76.47,15.7246],[76.4739,15.722],[76.476,15.7211],[76.4782,15.72],[76.4824,15.7193],[76.4838,15.7165],[76.486,15.7137],[76.4902,15.7113],[76.4917,15.7081],[76.4971,15.7112],[76.5009,15.7134],[76.5048,15.7156],[76.5099,15.7168],[76.5172,15.7133],[76.521,15.7114],[76.5265,15.7075],[76.5287,15.703],[76.5318,15.6994],[76.5356,15.7035],[76.5411,15.7041],[76.5438,15.7023],[76.543,15.6986],[76.5476,15.6991],[76.5588,15.7018],[76.5622,15.7054],[76.5649,15.7046],[76.5698,15.7028],[76.5732,15.7019],[76.5752,15.7008],[76.5757,15.6989],[76.5836,15.6978],[76.588,15.697],[76.5922,15.6963],[76.5981,15.695],[76.5982,15.6883],[76.5985,15.6841],[76.5992,15.6787],[76.5995,15.6735],[76.6063,15.6717],[76.6111,15.6703],[76.6165,15.6703],[76.6289,15.6705],[76.6351,15.6697],[76.6402,15.6686],[76.6461,15.6673],[76.6533,15.6659],[76.6537,15.6625],[76.6576,15.6599],[76.6663,15.6587],[76.6704,15.6582],[76.6714,15.6531],[76.671,15.6475],[76.6703,15.6403],[76.6723,15.64],[76.6777,15.6419],[76.6824,15.6452],[76.6843,15.6461],[76.6876,15.6477],[76.6925,15.6477],[76.6943,15.6451],[76.6943,15.6397],[76.694,15.6315],[76.6937,15.6266],[76.6873,15.626],[76.6811,15.6266],[76.6799,15.6201],[76.6796,15.6148],[76.6796,15.6114],[76.6798,15.6075],[76.6809,15.6067],[76.6871,15.605],[76.69,15.6035],[76.6906,15.6014],[76.6896,15.5996],[76.6889,15.596],[76.6919,15.5937],[76.6958,15.5922],[76.7,15.5911],[76.7011,15.5943],[76.708,15.5931],[76.7131,15.5924],[76.7207,15.5914],[76.7238,15.591],[76.7325,15.592],[76.7339,15.5922]]]}},{"type":"Feature","properties":{"name":"Koppal","district_name":"Koppal"},"geometry":{"type":"Polygon","coordinates":[[[75.8469,15.5128],[75.8422,15.5124],[75.8344,15.5102],[75.8307,15.5071],[75.8229,15.5075],[75.8191,15.5063],[75.8204,15.5034],[75.8231,15.4978],[75.8191,15.4962],[75.8148,15.4924],[75.8138,15.4871],[75.8095,15.4865],[75.8106,15.4758],[75.8124,15.4687],[75.8159,15.4684],[75.8183,15.4647],[75.8187,15.459],[75.825,15.4532],[75.8262,15.4502],[75.8322,15.448],[75.8364,15.4471],[75.8417,15.4433],[75.845,15.4441],[75.8475,15.4428],[75.8517,15.4439],[75.8583,15.4437],[75.8585,15.4395],[75.8588,15.4352],[75.8588,15.4315],[75.8592,15.4259],[75.8613,15.4233],[75.8649,15.4203],[75.8651,15.4136],[75.8653,15.4111],[75.8654,15.408],[75.8756,15.4087],[75.8834,15.4085],[75.8894,15.4074],[75.8964,15.4052],[75.904,15.4025],[75.904,15.4004],[75.9038,15.3967],[75.9036,15.3908],[75.9029,15.3861],[75.9021,15.3819],[75.9019,15.3757],[75.902,15.3701],[75.9023,15.3657],[75.9026,15.3608],[75.903,15.3538],[75.8962,15.3537],[75.8881,15.353],[75.8885,15.3465],[75.8886,15.3429],[75.8891,15.3368],[75.8915,15.3339],[75.8917,15.3308],[75.8917,15.3276],[75.8913,15.325],[75.8922,15.3207],[75.8925,15.3165],[75.8896,15.3095],[75.8901,15.3032],[75.8894,15.2991],[75.8884,15.297],[75.8891,15.2944],[75.8898,15.2878],[75.8919,15.2862],[75.893,15.2818],[75.8949,15.2797],[75.8949,15.2739],[75.8957,15.2674],[75.8967,15.2626],[75.8981,15.2584],[75.8995,15.2538],[75.8992,15.2513],[75.8997,15.2473],[75.9017,15.2456],[75.9032,15.2414],[75.912,15.2408],[75.9136,15.2342],[75.9192,15.2196],[75.9212,15.2137],[75.9222,15.2107],[75.9229,15.2083],[75.9239,15.2063],[75.925,15.2006],[75.9258,15.1962],[75.9257,15.1921],[75.9254,15.1891],[75.9251,15.186],[75.9248,15.1834],[75.9264,15.1818],[75.9308,15.1798],[75.9361,15.1773],[75.9431,15.1741],[75.9482,15.1695],[75.9487,15.165],[75.9494,15.1619],[75.9497,15.1599],[75.9498,15.157],[75.9502,15.1537],[75.9505,15.1489],[75.9513,15.1408],[75.9638,15.1406],[75.9659,15.142],[75.9692,15.1453],[75.9728,15.1487],[75.9763,15.1509],[75.9816,15.1515],[75.9833,15.1514],[75.9854,15.1511],[75.986,15.1509],[75.9869,15.1505],[75.9888,15.1496],[75.9903,15.1487],[75.9928,15.1471],[75.994,15.1464],[75.9954,15.146],[75.9983,15.1456],[76.0006,15.1465],[76.0031,15.148],[76.0066,15.1485],[76.0116,15.1478],[76.0165,15.1457],[76.0248,15.1432],[76.0355,15.1435],[76.0418,15.1443],[76.0472,15.1483],[76.0522,15.1528],[76.0557,15.1566],[76.0738,15.1585],[76.0773,15.1583],[76.0817,15.1588],[76.0901,15.1614],[76.1021,15.1681],[76.1053,15.1776],[76.1058,15.1824],[76.1077,15.1894],[76.1109,15.1968],[76.1187,15.2019],[76.1276,15.2033],[76.1528,15.1961],[76.1604,15.2012],[76.1583,15.2064],[76.1603,15.2146],[76.1664,15.2204],[76.1759,15.2283],[76.1823,15.2328],[76.1883,15.2356],[76.1979,15.2339],[76.2247,15.2325],[76.2294,15.2229],[76.2238,15.2113],[76.2204,15.206],[76.2185,15.2],[76.221,15.1952],[76.2295,15.1894],[76.2367,15.1895],[76.2425,15.19],[76.2547,15.1971],[76.2585,15.2067],[76.2702,15.2088],[76.3156,15.2499],[76.3194,15.2542],[76.3242,15.2601],[76.3334,15.2648],[76.3417,15.2717],[76.3452,15.2793],[76.3461,15.2936],[76.3504,15.3017],[76.3599,15.3227],[76.3633,15.3242],[76.3727,15.3267],[76.3798,15.33],[76.3865,15.3311],[76.3983,15.3268],[76.4053,15.3263],[76.4127,15.3305],[76.4284,15.3362],[76.44,15.3377],[76.4514,15.3386],[76.4674,15.337],[76.4713,15.3422],[76.4771,15.3484],[76.486,15.3452],[76.4982,15.3507],[76.5149,15.3619],[76.5224,15.3678],[76.527,15.3713],[76.5358,15.3778],[76.5422,15.3833],[76.5492,15.3873],[76.5521,15.3931],[76.5569,15.3981],[76.5628,15.3997],[76.5706,15.4019],[76.5816,15.4076],[76.588,15.4106],[76.592,15.4133],[76.5947,15.4175],[76.5988,15.4285],[76.6079,15.4401],[76.6194,15.4437],[76.633,15.4446],[76.6403,15.4443],[76.6436,15.4445],[76.6481,15.4455],[76.6537,15.4475],[76.6607,15.4491],[76.662,15.4471],[76.6744,15.4533],[76.678,15.4579],[76.6792,15.4603],[76.6823,15.4657],[76.6853,15.4693],[76.6894,15.4731],[76.6919,15.475],[76.6949,15.4767],[76.6971,15.4803],[76.7021,15.4845],[76.7078,15.4878],[76.7152,15.4904],[76.7284,15.4928],[76.7376,15.4913],[76.752,15.492],[76.7665,15.4919],[76.783,15.4937],[76.7913,15.4996],[76.8019,15.5074],[76.811,15.5151],[76.8089,15.5212],[76.807,15.5302],[76.8093,15.5375],[76.8127,15.5468],[76.8091,15.548],[76.8041,15.5495],[76.8022,15.5501],[76.7964,15.5527],[76.7928,15.5545],[76.7901,15.5553],[76.7874,15.5561],[76.7812,15.5568],[76.7779,15.5578],[76.7733,15.5597],[76.77,15.5626],[76.7664,15.5635],[76.7589,15.5667],[76.7557,15.5717],[76.7557,15.5766],[76.7557,15.5806],[76.7555,15.5838],[76.7522,15.5855],[76.7371,15.5925],[76.7281,15.5913],[76.7222,15.5911],[76.7177,15.5917],[76.7105,15.5927],[76.7057,15.5935],[76.701,15.5937],[76.6989,15.5914],[76.6941,15.5927],[76.6903,15.5947],[76.6892,15.5978],[76.69,15.5999],[76.691,15.6023],[76.6897,15.6037],[76.6856,15.606],[76.6801,15.6066],[76.6798,15.6077],[76.6796,15.6132],[76.6796,15.6157],[76.6802,15.625],[76.6822,15.6263],[76.6906,15.6253],[76.6938,15.629],[76.6941,15.6346],[76.6945,15.6415],[76.6943,15.6453],[76.6906,15.6481],[76.6864,15.6478],[76.6835,15.6456],[76.6808,15.6446],[76.6765,15.6412],[76.6718,15.6397],[76.6707,15.6441],[76.6712,15.65],[76.6718,15.6551],[76.6688,15.6584],[76.6647,15.6589],[76.6552,15.6602],[76.6538,15.6648],[76.651,15.6664],[76.6439,15.6678],[76.6388,15.6688],[76.6342,15.6699],[76.6252,15.67],[76.6148,15.6705],[76.6105,15.6706],[76.6043,15.6721],[76.5996,15.6757],[76.599,15.6802],[76.5985,15.6851],[76.5981,15.6907],[76.5957,15.6959],[76.5899,15.6967],[76.5861,15.6972],[76.5805,15.6985],[76.5759,15.7006],[76.5746,15.701],[76.5721,15.702],[76.568,15.7033],[76.563,15.7053],[76.5622,15.7035],[76.5552,15.7007],[76.5464,15.6989],[76.5423,15.6999],[76.5443,15.7035],[76.5392,15.7042],[76.5356,15.7031],[76.53,15.7003],[76.5283,15.705],[76.5246,15.7089],[76.5201,15.712],[76.5151,15.7145],[76.5089,15.7168],[76.502,15.7139],[76.5002,15.7131],[76.4958,15.7103],[76.4915,15.7083],[76.4907,15.7131],[76.4845,15.7147],[76.4832,15.7176],[76.4813,15.7194],[76.4773,15.7205],[76.476,15.7213],[76.4725,15.7229],[76.4694,15.725],[76.4644,15.7263],[76.4603,15.7275],[76.4537,15.7302],[76.4483,15.734],[76.4459,15.7365],[76.4445,15.7395],[76.4461,15.7411],[76.4476,15.7443],[76.4439,15.7472],[76.4394,15.7509],[76.4391,15.7549],[76.4387,15.7577],[76.4383,15.7628],[76.4394,15.7696],[76.4391,15.7769],[76.439,15.7805],[76.4386,15.7847],[76.4374,15.7863],[76.4337,15.7874],[76.4264,15.7859],[76.4223,15.7858],[76.4223,15.7899],[76.4185,15.7911],[76.415,15.7916],[76.4128,15.7987],[76.4132,15.8025],[76.4157,15.8052],[76.4206,15.8057],[76.422,15.8092],[76.4218,15.8125],[76.4235,15.8128],[76.4268,15.8147],[76.4276,15.8165],[76.4326,15.8206],[76.4374,15.8242],[76.4422,15.8235],[76.4429,15.8258],[76.444,15.8292],[76.4457,15.8333],[76.4471,15.8347],[76.45,15.8411],[76.451,15.8482],[76.4489,15.8527],[76.446,15.8538],[76.4418,15.8553],[76.4341,15.8577],[76.4288,15.8599],[76.4169,15.8651],[76.4188,15.8703],[76.4217,15.8728],[76.4224,15.8756],[76.4238,15.8852],[76.4257,15.8894],[76.4236,15.8921],[76.4174,15.8957],[76.4112,15.8964],[76.4066,15.8984],[76.4045,15.8992],[76.4035,15.9003],[76.4016,15.9022],[76.3943,15.9031],[76.3905,15.903],[76.3879,15.9028],[76.3827,15.9025],[76.3786,15.9023],[76.3751,15.9079],[76.3746,15.9133],[76.3736,15.9176],[76.3711,15.914],[76.3642,15.9122],[76.3537,15.9032],[76.3544,15.903],[76.3579,15.8995],[76.357,15.8945],[76.3574,15.8881],[76.3575,15.8847],[76.3584,15.8814],[76.3577,15.877],[76.3558,15.867],[76.3526,15.8648],[76.3458,15.8664],[76.3378,15.8716],[76.3418,15.8769],[76.3437,15.8829],[76.3456,15.8885],[76.3462,15.8925],[76.3455,15.8975],[76.3451,15.9008],[76.3302,15.9052],[76.3209,15.9015],[76.3171,15.9001],[76.3082,15.8935],[76.3054,15.8939],[76.3001,15.8961],[76.2981,15.8949],[76.2929,15.8932],[76.2893,15.8934],[76.2872,15.8988],[76.2861,15.9011],[76.2838,15.9027],[76.2775,15.9033],[76.2767,15.9063],[76.2758,15.91],[76.273,15.9077],[76.2701,15.905],[76.2663,15.9055],[76.2618,15.9073],[76.2615,15.9114],[76.2571,15.9152],[76.2572,15.9201],[76.2557,15.9231],[76.2485,15.9234],[76.2432,15.9229],[76.2379,15.9231],[76.2325,15.9233],[76.2289,15.9292],[76.2278,15.9344],[76.2249,15.9408],[76.2188,15.9415],[76.2127,15.9419],[76.2071,15.9425],[76.2032,15.9433],[76.2005,15.944],[76.2013,15.9386],[76.2,15.9357],[76.1967,15.9345],[76.1948,15.9324],[76.1882,15.9315],[76.1811,15.9312],[76.1764,15.9315],[76.172,15.9275],[76.1674,15.9226],[76.1599,15.9211],[76.1542,15.9151],[76.1532,15.9118],[76.1479,15.9015],[76.1453,15.8951],[76.1405,15.8945],[76.1342,15.8955],[76.1259,15.8942],[76.1217,15.8895],[76.1156,15.8872],[76.1058,15.8935],[76.1023,15.8994],[76.0971,15.9011],[76.09,15.9015],[76.0843,15.9012],[76.0787,15.9016],[76.0708,15.9025],[76.0635,15.9052],[76.0589,15.9071],[76.0638,15.9158],[76.0627,15.9215],[76.0661,15.9301],[76.0709,15.948],[76.0708,15.9542],[76.0724,15.9585],[76.0728,15.9654],[76.0745,15.97],[76.0781,15.9755],[76.0792,15.9787],[76.0811,15.986],[76.0835,15.9916],[76.0842,15.9941],[76.0848,15.9975],[76.0811,16.0085],[76.078,16.0099],[76.0729,16.0099],[76.0712,16.0101],[76.0645,16.0109],[76.0564,16.0107],[76.0563,16.0056],[76.052,16.0057],[76.0497,16.0037],[76.0487,16.0038],[76.0449,16.0044],[76.0394,16.0054],[76.0354,16.0063],[76.0289,16.0072],[76.0228,16.0082],[76.0201,16.0072],[76.0194,16.0064],[76.018,16.0046],[76.0168,16.0024],[76.0135,16.0022],[76.0111,16.0023],[76.0062,16.003],[76.0029,16.0032],[75.9998,16.0035],[75.9972,16.0039],[75.9935,16.0044],[75.9896,16.0048],[75.9893,16.0026],[75.9895,15.9996],[75.9876,15.9973],[75.9857,15.9945],[75.9832,15.9929],[75.9813,15.9914],[75.9777,15.9905],[75.9758,15.9894],[75.9743,15.9873],[75.9739,15.9823],[75.9743,15.979],[75.9748,15.9763],[75.975,15.9716],[75.9753,15.9694],[75.9754,15.9663],[75.9754,15.9635],[75.9757,15.9604],[75.9754,15.9582],[75.974,15.9537],[75.9774,15.951],[75.9768,15.9495],[75.9766,15.9474],[75.9762,15.9457],[75.9763,15.9417],[75.9766,15.9355],[75.9769,15.9335],[75.9765,15.9289],[75.9747,15.9247],[75.9743,15.9187],[75.9754,15.9044],[75.9753,15.8993],[75.9768,15.8955],[75.9775,15.8928],[75.9782,15.8888],[75.9786,15.8865],[75.9789,15.8837],[75.979,15.8813],[75.979,15.8788],[75.9788,15.8753],[75.9788,15.8711],[75.9783,15.8696],[75.9774,15.8676],[75.9757,15.8652],[75.975,15.8634],[75.9743,15.8618],[75.9704,15.8607],[75.9673,15.8596],[75.9639,15.8627],[75.961,15.8655],[75.9578,15.8654],[75.955,15.8653],[75.9508,15.866],[75.9468,15.8661],[75.9444,15.8664],[75.9436,15.869],[75.9423,15.8724],[75.941,15.8741],[75.9386,15.8744],[75.9374,15.8747],[75.9357,15.8749],[75.9288,15.8752],[75.9292,15.8796],[75.9287,15.884],[75.9265,15.8861],[75.9272,15.8925],[75.9225,15.9033],[75.9071,15.9187],[75.8982,15.9177],[75.8889,15.9185],[75.8863,15.9209],[75.8831,15.9242],[75.8805,15.9285],[75.8795,15.9304],[75.8766,15.9312],[75.8696,15.9317],[75.8638,15.9326],[75.8621,15.9332],[75.8594,15.9341],[75.8576,15.9347],[75.8557,15.9354],[75.8405,15.9309],[75.828,15.9268],[75.8189,15.9258],[75.8119,15.9234],[75.8096,15.9234],[75.7962,15.9222],[75.7848,15.9221],[75.7771,15.9164],[75.78,15.9048],[75.7763,15.902],[75.7774,15.9003],[75.7798,15.8978],[75.7866,15.8984],[75.7934,15.8974],[75.7954,15.8971],[75.7999,15.8962],[75.8021,15.896],[75.806,15.8951],[75.8089,15.8944],[75.8111,15.8943],[75.8119,15.9001],[75.8143,15.9],[75.8181,15.9001],[75.8219,15.9002],[75.8256,15.9002],[75.8283,15.8988],[75.83,15.8961],[75.8296,15.8917],[75.8296,15.8893],[75.8309,15.8866],[75.8332,15.8859],[75.835,15.8816],[75.834,15.878],[75.8323,15.876],[75.83,15.8709],[75.8289,15.8685],[75.83,15.8653],[75.8378,15.8652],[75.8398,15.8713],[75.8426,15.8719],[75.8455,15.8718],[75.8479,15.8705],[75.8478,15.8693],[75.8477,15.866],[75.8475,15.8638],[75.8475,15.8621],[75.8495,15.8591],[75.8463,15.8472],[75.8478,15.838],[75.8525,15.836],[75.8627,15.8321],[75.8704,15.8298],[75.8739,15.8282],[75.8888,15.8172],[75.921,15.7967],[75.9517,15.7869],[75.9634,15.7907],[75.9664,15.7944],[75.9692,15.7952],[75.973,15.7975],[75.9764,15.8005],[75.9798,15.801],[75.9852,15.8015],[75.9881,15.8004],[75.9882,15.7973],[75.9894,15.7942],[75.9896,15.7906],[75.9917,15.7856],[75.9934,15.7811],[75.9996,15.7817],[76.0032,15.783],[76.0078,15.7831],[76.0103,15.7836],[76.0125,15.7799],[76.0159,15.7787],[76.0197,15.7767],[76.0223,15.7756],[76.0293,15.7731],[76.0347,15.7704],[76.0394,15.77],[76.0402,15.7659],[76.0389,15.7622],[76.0375,15.7597],[76.035,15.757],[76.035,15.755],[76.0399,15.7544],[76.0398,15.7502],[76.0389,15.7452],[76.0371,15.739],[76.039,15.737],[76.0431,15.7343],[76.0438,15.7302],[76.0433,15.7267],[76.0449,15.7241],[76.043,15.7201],[76.0397,15.7173],[76.0366,15.7164],[76.0336,15.716],[76.0303,15.7152],[76.0264,15.7116],[76.0243,15.7101],[76.0225,15.7092],[76.0201,15.7128],[76.0191,15.7143],[76.0181,15.7151],[76.012,15.7153],[76.0089,15.7155],[76.0047,15.7157],[76.0023,15.7115],[76.0,15.7098],[75.9952,15.7078],[75.9907,15.7042],[75.9888,15.7003],[75.9857,15.6958],[75.9847,15.6937],[75.9836,15.69],[75.9867,15.6878],[75.9855,15.6842],[75.984,15.68],[75.9836,15.6748],[75.9824,15.667],[75.9853,15.6679],[75.9885,15.6696],[75.9913,15.6721],[75.9928,15.6751],[75.9961,15.679],[76.0022,15.6792],[76.0045,15.6793],[76.0107,15.6798],[76.0144,15.6799],[76.0165,15.6784],[76.0159,15.6722],[76.0148,15.6692],[76.013,15.6663],[76.0096,15.6624],[76.0042,15.6628],[75.9985,15.6633],[75.995,15.6634],[75.9907,15.6634],[75.9855,15.6638],[75.9818,15.6641],[75.9779,15.6635],[75.9753,15.6631],[75.9709,15.6645],[75.9673,15.6647],[75.9674,15.6683],[75.9662,15.67],[75.9665,15.6761],[75.9672,15.6793],[75.965,15.678],[75.9633,15.6775],[75.9596,15.6773],[75.9562,15.6774],[75.9527,15.6776],[75.9493,15.6776],[75.9448,15.6772],[75.943,15.6788],[75.9409,15.6802],[75.9405,15.6818],[75.9404,15.6832],[75.9401,15.6844],[75.9402,15.6917],[75.9305,15.6923],[75.9246,15.6932],[75.923,15.6936],[75.9199,15.6946],[75.9149,15.7032],[75.9158,15.709],[75.9164,15.7116],[75.9192,15.72],[75.9202,15.7234],[75.9207,15.726],[75.9191,15.7277],[75.9143,15.7296],[75.9097,15.7317],[75.9105,15.7363],[75.9106,15.7376],[75.9102,15.7437],[75.9078,15.7455],[75.9047,15.7473],[75.9009,15.7494],[75.8974,15.7506],[75.895,15.7454],[75.8937,15.7422],[75.8904,15.7389],[75.8837,15.7371],[75.8838,15.7353],[75.8867,15.7306],[75.8897,15.7278],[75.8888,15.7232],[75.8877,15.72],[75.8871,15.7175],[75.8813,15.7171],[75.8753,15.7162],[75.8711,15.7152],[75.8708,15.708],[75.8709,15.6997],[75.8707,15.6954],[75.8705,15.6893],[75.8708,15.6844],[75.8708,15.6814],[75.8706,15.6741],[75.8711,15.6731],[75.8783,15.6718],[75.8846,15.6719],[75.8871,15.6682],[75.8876,15.6641],[75.8884,15.6568],[75.8884,15.6538],[75.8883,15.6502],[75.8875,15.6447],[75.8863,15.6374],[75.8879,15.6333],[75.8942,15.6302],[75.8963,15.6245],[75.8989,15.6214],[75.8987,15.6189],[75.8982,15.6097],[75.8978,15.6063],[75.895,15.6056],[75.8925,15.6021],[75.8879,15.6011],[75.8824,15.5996],[75.8827,15.598],[75.8791,15.5953],[75.8733,15.5968],[75.8666,15.5932],[75.8676,15.585],[75.868,15.5787],[75.8675,15.5728],[75.8672,15.5691],[75.8676,15.563],[75.8671,15.5569],[75.8663,15.549],[75.8658,15.5461],[75.8649,15.5434],[75.8639,15.5388],[75.8631,15.5334],[75.8621,15.5276],[75.8606,15.5233],[75.8603,15.5184],[75.8599,15.5137],[75.8543,15.5155],[75.8498,15.5156],[75.8469,15.5128]]]}},{"type":"Feature","properties":{"name":"Gadag","district_name":"Gadag"},"geometry":{"type":"Polygon","coordinates":[[[75.4945,15.5314],[75.49,15.532],[75.485,15.5318],[75.483,15.5318],[75.48,15.5289],[75.4784,15.5233],[75.475,15.5198],[75.4732,15.5156],[75.4731,15.5112],[75.4729,15.5029],[75.4719,15.497],[75.471,15.4931],[75.4734,15.4925],[75.4815,15.4905],[75.4885,15.4858],[75.4903,15.4812],[75.4928,15.4765],[75.4944,15.4703],[75.4944,15.4695],[75.4929,15.4648],[75.4925,15.4595],[75.4928,15.4553],[75.4927,15.4523],[75.4927,15.4494],[75.4927,15.447],[75.4934,15.4434],[75.494,15.4419],[75.4952,15.4379],[75.4958,15.4355],[75.4967,15.4326],[75.4974,15.43],[75.4979,15.4273],[75.4985,15.4239],[75.4979,15.4184],[75.4973,15.4136],[75.4961,15.4067],[75.4959,15.4004],[75.4952,15.3959],[75.4946,15.3937],[75.494,15.3888],[75.4927,15.3851],[75.492,15.379],[75.4919,15.377],[75.4922,15.3733],[75.4932,15.3685],[75.4904,15.3679],[75.4901,15.3706],[75.4875,15.3721],[75.4859,15.3734],[75.4858,15.3759],[75.485,15.3781],[75.4813,15.3807],[75.4809,15.3843],[75.4807,15.3875],[75.4803,15.3935],[75.4732,15.396],[75.4695,15.3966],[75.469,15.3905],[75.4687,15.3866],[75.4666,15.3855],[75.4588,15.3858],[75.4523,15.3858],[75.4453,15.3863],[75.4453,15.3849],[75.4458,15.3806],[75.4468,15.3726],[75.4474,15.3661],[75.4479,15.3632],[75.4485,15.3592],[75.4545,15.3603],[75.4552,15.3558],[75.4562,15.3513],[75.4567,15.3465],[75.4573,15.3421],[75.4537,15.3416],[75.4538,15.3412],[75.4534,15.3404],[75.4509,15.3339],[75.4498,15.3293],[75.4488,15.3213],[75.4492,15.3138],[75.4495,15.3089],[75.45,15.3015],[75.4449,15.3012],[75.4417,15.3017],[75.4388,15.3018],[75.4348,15.3018],[75.4323,15.3019],[75.4301,15.3018],[75.4259,15.3018],[75.4257,15.2998],[75.4226,15.3],[75.4211,15.3001],[75.4186,15.3001],[75.4151,15.3002],[75.4122,15.3],[75.412,15.2976],[75.4112,15.2949],[75.411,15.2912],[75.4107,15.2882],[75.4104,15.2862],[75.4061,15.2841],[75.4063,15.2794],[75.4073,15.2781],[75.4122,15.2787],[75.4163,15.2795],[75.4167,15.2764],[75.4074,15.2737],[75.4022,15.2704],[75.4022,15.266],[75.4021,15.2627],[75.4033,15.2606],[75.406,15.2628],[75.4097,15.264],[75.4118,15.2644],[75.4161,15.2625],[75.4173,15.2574],[75.4174,15.2567],[75.4157,15.2528],[75.415,15.252],[75.4141,15.2492],[75.4143,15.2474],[75.4147,15.2436],[75.4151,15.2404],[75.4157,15.2369],[75.4179,15.2346],[75.4215,15.2351],[75.422,15.2326],[75.4225,15.2292],[75.4238,15.2263],[75.4302,15.2265],[75.4359,15.2268],[75.4417,15.2254],[75.4436,15.2223],[75.4456,15.2186],[75.4467,15.2165],[75.4475,15.2136],[75.4489,15.2089],[75.4467,15.2084],[75.4398,15.2092],[75.4335,15.2089],[75.433,15.2024],[75.4317,15.1989],[75.4282,15.1993],[75.4244,15.2],[75.4202,15.2004],[75.4131,15.2002],[75.4041,15.2002],[75.3986,15.2008],[75.398,15.1949],[75.3977,15.1871],[75.3986,15.1819],[75.3994,15.178],[75.3973,15.173],[75.3951,15.169],[75.397,15.1652],[75.4045,15.1655],[75.4058,15.1627],[75.4118,15.162],[75.4127,15.1578],[75.4134,15.1537],[75.4143,15.1496],[75.4155,15.1439],[75.4169,15.1404],[75.4207,15.1353],[75.4211,15.1348],[75.4239,15.1318],[75.4267,15.1288],[75.4291,15.1233],[75.4295,15.1193],[75.4302,15.1156],[75.4326,15.112],[75.434,15.108],[75.4253,15.1002],[75.4225,15.0978],[75.4242,15.0924],[75.4237,15.0914],[75.4201,15.0904],[75.4205,15.0873],[75.4187,15.0851],[75.417,15.0818],[75.4176,15.0753],[75.4178,15.0724],[75.4181,15.0688],[75.4183,15.0656],[75.4172,15.0636],[75.4168,15.0621],[75.4169,15.0613],[75.4201,15.0613],[75.4259,15.0611],[75.4283,15.0611],[75.4334,15.0609],[75.4391,15.0607],[75.4469,15.0604],[75.4489,15.0597],[75.4506,15.0586],[75.4508,15.0559],[75.4512,15.0536],[75.4514,15.0522],[75.4519,15.0505],[75.4519,15.0498],[75.4526,15.0499],[75.4562,15.0504],[75.4585,15.0501],[75.4604,15.0496],[75.4603,15.0478],[75.4607,15.0439],[75.4632,15.0449],[75.4682,15.0469],[75.4711,15.0453],[75.4732,15.0446],[75.4756,15.044],[75.4774,15.0441],[75.4805,15.0445],[75.4836,15.044],[75.4855,15.0444],[75.4891,15.0452],[75.4909,15.0455],[75.4944,15.0463],[75.4965,15.0459],[75.4996,15.0451],[75.5016,15.0448],[75.5054,15.0443],[75.5101,15.0417],[75.5109,15.0411],[75.5135,15.039],[75.518,15.0351],[75.5275,15.0339],[75.5334,15.0345],[75.5343,15.0332],[75.5355,15.0315],[75.5385,15.0266],[75.5408,15.02],[75.5384,15.0193],[75.5396,15.0171],[75.5427,15.0114],[75.543,15.0032],[75.5429,14.998],[75.5416,14.9943],[75.541,14.9898],[75.5409,14.9854],[75.5412,14.9807],[75.5432,14.9786],[75.5466,14.9789],[75.5477,14.9791],[75.553,14.9791],[75.5608,14.9792],[75.5626,14.9793],[75.5645,14.9794],[75.5655,14.9779],[75.5639,14.973],[75.5688,14.9712],[75.5743,14.9704],[75.5804,14.9689],[75.5833,14.9686],[75.5841,14.968],[75.5859,14.9651],[75.5868,14.9636],[75.588,14.9617],[75.5898,14.9585],[75.5904,14.9588],[75.5909,14.9585],[75.5916,14.9581],[75.5928,14.958],[75.594,14.9573],[75.5946,14.957],[75.5951,14.9571],[75.5957,14.9566],[75.5957,14.9562],[75.5971,14.9562],[75.599,14.9561],[75.6001,14.9555],[75.6021,14.9549],[75.6037,14.9552],[75.6037,14.956],[75.6046,14.9565],[75.6075,14.9571],[75.6114,14.9588],[75.6101,14.9625],[75.609,14.967],[75.6088,14.9694],[75.6091,14.9714],[75.6104,14.9735],[75.6135,14.9737],[75.6174,14.9741],[75.6182,14.9786],[75.6179,14.9807],[75.618,14.9809],[75.6303,14.9855],[75.6321,14.9913],[75.6359,14.9914],[75.6413,14.9916],[75.6472,14.991],[75.6496,14.9907],[75.6516,14.9907],[75.6545,14.99],[75.656,14.9895],[75.6583,14.9891],[75.661,14.9886],[75.6631,14.9881],[75.6636,14.988],[75.6666,14.9874],[75.6709,14.985],[75.6753,14.9819],[75.6779,14.9804],[75.678,14.9803],[75.6784,14.9801],[75.6788,14.9799],[75.6841,14.9767],[75.6861,14.9761],[75.6888,14.9752],[75.6927,14.9713],[75.695,14.9675],[75.6952,14.9644],[75.6964,14.9612],[75.6976,14.958],[75.6984,14.955],[75.6996,14.9519],[75.6999,14.951],[75.702,14.9471],[75.7121,14.9496],[75.7227,14.9503],[75.736,14.9439],[75.7455,14.9477],[75.7584,14.9629],[75.7638,14.9683],[75.7708,14.9715],[75.7795,14.978],[75.7803,14.9823],[75.7798,14.9871],[75.7805,14.9914],[75.7817,14.9954],[75.7836,14.9993],[75.7897,15.0073],[75.7987,15.0129],[75.8101,15.0255],[75.8139,15.0277],[75.8192,15.0278],[75.8256,15.0275],[75.8315,15.0286],[75.8346,15.0312],[75.8361,15.0345],[75.8368,15.0372],[75.837,15.0394],[75.8394,15.0407],[75.8411,15.0418],[75.8476,15.0446],[75.8505,15.044],[75.8523,15.0426],[75.854,15.0396],[75.8549,15.0387],[75.8572,15.0372],[75.8599,15.0362],[75.8646,15.0358],[75.8687,15.0352],[75.8748,15.038],[75.8781,15.0404],[75.8796,15.0449],[75.8817,15.0494],[75.8839,15.0526],[75.8927,15.0544],[75.9027,15.0555],[75.9067,15.0604],[75.9075,15.0652],[75.9093,15.0724],[75.9088,15.0772],[75.9059,15.0817],[75.9008,15.086],[75.8951,15.0903],[75.8889,15.0953],[75.885,15.1025],[75.8856,15.1071],[75.8876,15.1107],[75.8927,15.1153],[75.8982,15.1183],[75.9008,15.123],[75.9019,15.1284],[75.9109,15.1349],[75.9219,15.1389],[75.9319,15.1409],[75.9469,15.1368],[75.9512,15.1443],[75.9504,15.1505],[75.9502,15.1541],[75.9498,15.158],[75.9496,15.1605],[75.9493,15.1624],[75.9487,15.1652],[75.9481,15.1705],[75.9429,15.1741],[75.9361,15.1773],[75.9293,15.1804],[75.9257,15.1821],[75.9249,15.1839],[75.9252,15.1863],[75.9255,15.1896],[75.9258,15.1924],[75.9255,15.1976],[75.9249,15.2023],[75.9232,15.2073],[75.9228,15.2086],[75.9221,15.2108],[75.9209,15.2147],[75.9189,15.2203],[75.9131,15.2355],[75.9071,15.2397],[75.9031,15.2415],[75.9017,15.2457],[75.8996,15.2477],[75.8992,15.2515],[75.8995,15.254],[75.8981,15.2586],[75.8963,15.2639],[75.8956,15.2683],[75.8979,15.2753],[75.8949,15.2798],[75.8925,15.2821],[75.8916,15.2864],[75.8898,15.2883],[75.8892,15.295],[75.8882,15.2972],[75.8897,15.3],[75.8901,15.3044],[75.8898,15.3113],[75.8929,15.3166],[75.8922,15.3208],[75.8915,15.325],[75.8917,15.3278],[75.8917,15.3317],[75.8915,15.334],[75.8891,15.337],[75.8886,15.3432],[75.8885,15.3482],[75.89,15.3533],[75.8976,15.3538],[75.903,15.3543],[75.9026,15.361],[75.9022,15.3667],[75.902,15.3715],[75.9019,15.3767],[75.9021,15.3821],[75.903,15.3866],[75.9036,15.392],[75.9039,15.3972],[75.904,15.4005],[75.903,15.403],[75.8955,15.4055],[75.8891,15.4075],[75.8832,15.4086],[75.8732,15.4089],[75.8654,15.408],[75.8653,15.4114],[75.8651,15.415],[75.8649,15.4205],[75.86,15.4232],[75.8592,15.4264],[75.8588,15.4317],[75.8588,15.4357],[75.8585,15.4397],[75.8583,15.4437],[75.8506,15.4451],[75.8471,15.4428],[75.8447,15.4441],[75.841,15.443],[75.8356,15.4474],[75.8316,15.4485],[75.8247,15.4513],[75.8231,15.4546],[75.8187,15.4591],[75.8183,15.4654],[75.8154,15.4682],[75.8123,15.4699],[75.8102,15.4799],[75.8094,15.4868],[75.8154,15.4871],[75.8148,15.493],[75.8193,15.4962],[75.823,15.4984],[75.8203,15.5036],[75.8188,15.5076],[75.8239,15.5074],[75.8313,15.5071],[75.8354,15.5105],[75.8428,15.5125],[75.8491,15.5128],[75.8504,15.5157],[75.8559,15.515],[75.8601,15.5153],[75.8603,15.5208],[75.8612,15.525],[75.863,15.53],[75.8636,15.5368],[75.8647,15.5422],[75.8654,15.5447],[75.8661,15.5476],[75.8669,15.5545],[75.8674,15.5601],[75.8673,15.5661],[75.8673,15.5697],[75.8676,15.5764],[75.868,15.5803],[75.867,15.5894],[75.8692,15.5961],[75.8755,15.5971],[75.8828,15.5957],[75.8823,15.5996],[75.8849,15.6003],[75.8906,15.6019],[75.8949,15.6031],[75.8955,15.6061],[75.898,15.608],[75.898,15.6138],[75.899,15.6203],[75.8983,15.6243],[75.894,15.6274],[75.8922,15.6325],[75.8861,15.6338],[75.8868,15.6407],[75.8881,15.6476],[75.8883,15.652],[75.8886,15.6549],[75.8879,15.6605],[75.8874,15.6663],[75.887,15.6683],[75.8814,15.6719],[75.8736,15.6726],[75.8706,15.6734],[75.8708,15.6784],[75.8708,15.6834],[75.8707,15.6876],[75.8706,15.6931],[75.8708,15.6975],[75.8709,15.7024],[75.8707,15.7102],[75.8749,15.7161],[75.8804,15.7171],[75.8858,15.7174],[75.8874,15.7188],[75.8881,15.7213],[75.8895,15.7253],[75.8885,15.728],[75.8849,15.7328],[75.8828,15.7371],[75.888,15.7386],[75.8932,15.7407],[75.8944,15.7439],[75.8971,15.7503],[75.8994,15.7491],[75.9031,15.7479],[75.9074,15.7466],[75.9087,15.7449],[75.9104,15.7403],[75.9105,15.7372],[75.9103,15.7355],[75.9116,15.731],[75.9174,15.7285],[75.9192,15.7276],[75.9205,15.7249],[75.9197,15.7215],[75.9178,15.7158],[75.9162,15.7109],[75.9154,15.7064],[75.9149,15.6981],[75.9222,15.6939],[75.924,15.6934],[75.9254,15.6928],[75.9395,15.6938],[75.9405,15.6879],[75.9398,15.6838],[75.9404,15.6824],[75.9406,15.6811],[75.9415,15.6798],[75.9436,15.6773],[75.9464,15.6772],[75.9514,15.6776],[75.955,15.6775],[75.9576,15.6772],[75.9619,15.6775],[75.964,15.6776],[75.9672,15.6793],[75.9669,15.6778],[75.9663,15.6724],[75.9674,15.6697],[75.9673,15.6666],[75.9706,15.6645],[75.9719,15.6641],[75.977,15.6628],[75.9806,15.6639],[75.9822,15.6641],[75.9883,15.6636],[75.9946,15.6634],[75.997,15.6634],[76.0007,15.6629],[76.0064,15.6626],[76.0119,15.6642],[76.0139,15.6677],[76.0156,15.6711],[76.0164,15.6742],[76.0159,15.6796],[76.0123,15.6799],[76.0079,15.6796],[76.0027,15.6792],[75.9988,15.6794],[75.9943,15.6788],[75.9919,15.6739],[75.9911,15.6709],[75.9868,15.6693],[75.983,15.6669],[75.9827,15.6696],[75.9838,15.6775],[75.9844,15.6821],[75.9865,15.6869],[75.9869,15.6895],[75.9837,15.6928],[75.9851,15.6952],[75.9873,15.6979],[75.9906,15.704],[75.9923,15.707],[75.9986,15.7083],[76.0016,15.7105],[76.0041,15.7119],[76.0066,15.7156],[76.01,15.7154],[76.0146,15.7153],[76.0189,15.7152],[76.0198,15.7132],[76.0209,15.7114],[76.0238,15.7098],[76.0258,15.7108],[76.028,15.7137],[76.0324,15.7157],[76.0352,15.7162],[76.0375,15.7173],[76.0414,15.7188],[76.0439,15.7214],[76.044,15.7251],[76.0431,15.7287],[76.0433,15.7325],[76.0434,15.7364],[76.037,15.737],[76.0376,15.7409],[76.0398,15.7479],[76.04,15.7538],[76.0383,15.755],[76.0349,15.7559],[76.037,15.7594],[76.0376,15.7612],[76.0396,15.763],[76.0399,15.7673],[76.0373,15.7707],[76.0325,15.771],[76.0249,15.7748],[76.0208,15.7759],[76.0189,15.7787],[76.0157,15.7796],[76.0123,15.7805],[76.0087,15.7835],[76.0054,15.7828],[76.0,15.7818],[75.9974,15.7813],[75.9928,15.7833],[75.9901,15.7865],[75.9894,15.7928],[75.9884,15.7958],[75.988,15.7992],[75.9884,15.8015],[75.9816,15.8018],[75.9781,15.8006],[75.9752,15.7992],[75.9723,15.797],[75.968,15.7943],[75.9641,15.795],[75.9629,15.7877],[75.9303,15.7909],[75.9117,15.8044],[75.8832,15.8217],[75.8714,15.8294],[75.8651,15.8312],[75.8585,15.8341],[75.851,15.8368],[75.8451,15.838],[75.834,15.8389],[75.8292,15.8392],[75.8262,15.8408],[75.8242,15.8436],[75.8204,15.8486],[75.8168,15.8495],[75.8118,15.8478],[75.8098,15.8506],[75.7974,15.8478],[75.7826,15.8509],[75.7764,15.8441],[75.7763,15.8383],[75.7752,15.8313],[75.7745,15.8295],[75.7776,15.8252],[75.7785,15.8209],[75.7797,15.8173],[75.7782,15.8172],[75.7731,15.817],[75.7671,15.8167],[75.7631,15.8166],[75.7576,15.8161],[75.7498,15.8155],[75.745,15.8132],[75.7379,15.8136],[75.7361,15.8166],[75.7285,15.8174],[75.7231,15.8183],[75.7189,15.8217],[75.7148,15.8274],[75.7114,15.8274],[75.7085,15.828],[75.7071,15.829],[75.7065,15.8284],[75.7026,15.8271],[75.7011,15.8267],[75.696,15.8249],[75.6945,15.8254],[75.6897,15.829],[75.6866,15.8309],[75.6828,15.83],[75.6809,15.8282],[75.6819,15.8269],[75.6804,15.8227],[75.6793,15.8227],[75.6743,15.8238],[75.6755,15.8302],[75.6739,15.8324],[75.6723,15.8357],[75.6653,15.8377],[75.6614,15.8339],[75.6595,15.8314],[75.6577,15.8288],[75.6555,15.8279],[75.65,15.8314],[75.6454,15.8312],[75.6422,15.8333],[75.6427,15.8355],[75.6439,15.8414],[75.6394,15.8416],[75.6355,15.8376],[75.6329,15.8328],[75.6293,15.8349],[75.6243,15.835],[75.62,15.8298],[75.6198,15.8246],[75.6187,15.8214],[75.6156,15.8234],[75.6114,15.8249],[75.6086,15.8251],[75.6061,15.8259],[75.6071,15.8296],[75.6033,15.8289],[75.6033,15.8289],[75.6027,15.8295],[75.5981,15.8292],[75.5917,15.8306],[75.5889,15.8332],[75.5863,15.8346],[75.5852,15.8329],[75.5833,15.8306],[75.5822,15.8294],[75.5792,15.8256],[75.5751,15.8258],[75.5742,15.8306],[75.5691,15.8312],[75.5648,15.8311],[75.5667,15.8339],[75.5699,15.8352],[75.5663,15.836],[75.5602,15.8357],[75.5593,15.8323],[75.5598,15.8305],[75.5583,15.8291],[75.5549,15.8265],[75.5528,15.8247],[75.5508,15.8276],[75.5542,15.8293],[75.5549,15.8314],[75.5552,15.8334],[75.5507,15.835],[75.5426,15.8365],[75.5396,15.8363],[75.5361,15.836],[75.5335,15.8351],[75.5292,15.8356],[75.531,15.8403],[75.5302,15.842],[75.5248,15.8418],[75.5208,15.8466],[75.513,15.851],[75.514,15.8514],[75.5165,15.8527],[75.5198,15.8527],[75.5201,15.856],[75.5175,15.8582],[75.5126,15.8595],[75.5092,15.8601],[75.5076,15.8605],[75.5067,15.8566],[75.5021,15.8595],[75.5047,15.8627],[75.4969,15.8708],[75.4958,15.873],[75.4898,15.8751],[75.4848,15.8754],[75.4821,15.8763],[75.4798,15.8766],[75.4787,15.8746],[75.4815,15.872],[75.4764,15.8725],[75.475,15.8725],[75.4744,15.8737],[75.4757,15.8751],[75.4747,15.8761],[75.4729,15.8764],[75.4694,15.8772],[75.4675,15.8763],[75.4669,15.8793],[75.4671,15.8803],[75.4664,15.8809],[75.4649,15.8814],[75.4629,15.8791],[75.4604,15.88],[75.4596,15.8824],[75.4599,15.885],[75.4617,15.8859],[75.46,15.8873],[75.453,15.8866],[75.4498,15.8872],[75.4492,15.8846],[75.453,15.8812],[75.4525,15.8775],[75.4523,15.8752],[75.4519,15.8722],[75.4516,15.8687],[75.4515,15.8674],[75.4513,15.8657],[75.4512,15.8642],[75.4512,15.8625],[75.4542,15.8617],[75.4569,15.8616],[75.4576,15.8614],[75.4576,15.8596],[75.4577,15.8582],[75.458,15.853],[75.4579,15.8483],[75.4577,15.8453],[75.4576,15.8429],[75.4575,15.8405],[75.4575,15.8378],[75.4575,15.8355],[75.4573,15.8328],[75.4573,15.8306],[75.4574,15.8273],[75.4575,15.8254],[75.4577,15.8236],[75.4578,15.8223],[75.4579,15.8193],[75.4569,15.818],[75.4537,15.8126],[75.4528,15.8107],[75.4506,15.8081],[75.4498,15.8046],[75.4494,15.8025],[75.449,15.8009],[75.4474,15.7939],[75.4449,15.7939],[75.4413,15.7946],[75.4392,15.7939],[75.4388,15.7922],[75.4383,15.7906],[75.4377,15.7886],[75.4371,15.7851],[75.4369,15.7833],[75.4366,15.781],[75.4362,15.7782],[75.4328,15.7791],[75.4272,15.7809],[75.4227,15.7821],[75.419,15.783],[75.4163,15.7836],[75.414,15.7849],[75.4159,15.7914],[75.4165,15.795],[75.417,15.7977],[75.4177,15.8006],[75.4188,15.8051],[75.4192,15.8075],[75.4197,15.8094],[75.4207,15.8129],[75.4213,15.8145],[75.4222,15.8175],[75.4228,15.8198],[75.4231,15.8214],[75.4236,15.8243],[75.4243,15.829],[75.4247,15.8321],[75.4253,15.8372],[75.4251,15.8398],[75.4227,15.8423],[75.4188,15.8421],[75.4162,15.8413],[75.4058,15.8391],[75.3999,15.8402],[75.3986,15.8399],[75.3875,15.8385],[75.3837,15.8392],[75.382,15.8413],[75.3824,15.8434],[75.3778,15.8453],[75.3753,15.8458],[75.3745,15.8431],[75.3736,15.8394],[75.3719,15.8354],[75.3709,15.8322],[75.3701,15.829],[75.3692,15.8255],[75.3678,15.821],[75.3667,15.8173],[75.3657,15.814],[75.365,15.8083],[75.3645,15.8045],[75.3594,15.8045],[75.357,15.8045],[75.3542,15.8045],[75.3503,15.8047],[75.3455,15.8049],[75.341,15.8059],[75.3407,15.81],[75.3406,15.8128],[75.3403,15.8168],[75.34,15.8202],[75.3396,15.8227],[75.339,15.8271],[75.3387,15.8276],[75.334,15.8259],[75.3301,15.8246],[75.3302,15.8239],[75.331,15.8213],[75.3319,15.8191],[75.333,15.8166],[75.3302,15.8149],[75.3268,15.813],[75.3229,15.8114],[75.3202,15.8123],[75.3163,15.8124],[75.3128,15.8123],[75.3085,15.8124],[75.3068,15.8125],[75.3033,15.8124],[75.303,15.8102],[75.303,15.8082],[75.3035,15.8044],[75.3039,15.8033],[75.3041,15.8023],[75.3041,15.7987],[75.304,15.7951],[75.3037,15.7903],[75.3034,15.7869],[75.3034,15.7849],[75.3037,15.7823],[75.3041,15.7785],[75.3045,15.7757],[75.305,15.771],[75.3053,15.7675],[75.3067,15.7661],[75.3095,15.7656],[75.3147,15.7645],[75.3176,15.7632],[75.3177,15.7596],[75.3178,15.7559],[75.3183,15.7524],[75.3181,15.7482],[75.3168,15.7413],[75.3143,15.733],[75.3135,15.7304],[75.3088,15.7298],[75.3075,15.7295],[75.3054,15.7291],[75.3015,15.728],[75.2929,15.7284],[75.2929,15.7339],[75.2931,15.7404],[75.2895,15.7414],[75.2856,15.7415],[75.2814,15.7414],[75.2752,15.7407],[75.2745,15.7321],[75.2737,15.7232],[75.2755,15.7234],[75.2766,15.722],[75.2768,15.7197],[75.2769,15.7152],[75.277,15.714],[75.2775,15.7105],[75.2779,15.7072],[75.2781,15.704],[75.2781,15.7019],[75.2782,15.6991],[75.2783,15.6964],[75.2783,15.6938],[75.2786,15.6898],[75.2848,15.691],[75.2881,15.6913],[75.2952,15.6909],[75.2997,15.6894],[75.3031,15.6877],[75.3084,15.6836],[75.3147,15.68],[75.3167,15.6798],[75.3204,15.6791],[75.3259,15.6771],[75.3307,15.6751],[75.3346,15.6744],[75.3366,15.6713],[75.3367,15.6681],[75.3364,15.6652],[75.336,15.6579],[75.3359,15.6508],[75.3399,15.6475],[75.3479,15.6468],[75.3559,15.6461],[75.3605,15.6485],[75.3613,15.6531],[75.3617,15.6566],[75.3625,15.6647],[75.3671,15.6682],[75.3714,15.6671],[75.3735,15.6669],[75.3754,15.666],[75.3773,15.6661],[75.3828,15.6653],[75.3855,15.6651],[75.3872,15.6643],[75.3893,15.6635],[75.3938,15.6619],[75.3971,15.6606],[75.3995,15.6596],[75.4028,15.6577],[75.4092,15.6553],[75.4115,15.6554],[75.4158,15.66],[75.4191,15.6619],[75.4243,15.6627],[75.4235,15.6681],[75.4299,15.669],[75.4329,15.6703],[75.4404,15.6718],[75.4428,15.6723],[75.4454,15.6734],[75.4443,15.6759],[75.4456,15.6794],[75.4481,15.6803],[75.4505,15.678],[75.4514,15.68],[75.4539,15.6819],[75.456,15.6808],[75.4582,15.681],[75.4623,15.682],[75.4669,15.6829],[75.4706,15.6847],[75.4726,15.6867],[75.4717,15.6889],[75.4714,15.691],[75.4709,15.6932],[75.4702,15.6961],[75.4697,15.698],[75.4691,15.7016],[75.4726,15.7021],[75.4753,15.7025],[75.4798,15.703],[75.4847,15.7032],[75.4888,15.7003],[75.4902,15.6962],[75.4915,15.6923],[75.4929,15.6883],[75.4952,15.6799],[75.4967,15.6733],[75.4981,15.6685],[75.5,15.6625],[75.5014,15.6545],[75.5023,15.6489],[75.5067,15.6472],[75.5094,15.647],[75.5099,15.647],[75.5154,15.6468],[75.5235,15.647],[75.5285,15.6474],[75.5325,15.6475],[75.5385,15.6479],[75.5423,15.6481],[75.5471,15.6482],[75.552,15.6474],[75.5535,15.6444],[75.5522,15.639],[75.5515,15.6362],[75.5499,15.6286],[75.5497,15.623],[75.5495,15.6206],[75.5494,15.6148],[75.5472,15.6129],[75.5425,15.6086],[75.5418,15.6019],[75.5405,15.6003],[75.5409,15.5991],[75.541,15.5972],[75.5397,15.596],[75.5366,15.5912],[75.5339,15.5869],[75.533,15.5824],[75.5325,15.5798],[75.5315,15.574],[75.5307,15.57],[75.5282,15.5661],[75.5282,15.5635],[75.5282,15.5587],[75.5285,15.5559],[75.529,15.5517],[75.5296,15.5457],[75.5294,15.5379],[75.5217,15.5358],[75.5129,15.5329],[75.5089,15.5314],[75.5024,15.5305],[75.5007,15.5306],[75.4956,15.5313],[75.4945,15.5314]]]}},{"type":"Feature","properties":{"name":"Dharwad","district_name":"Dharwad"},"geometry":{"type":"Polygon","coordinates":[[[75.4945,15.5314],[75.4984,15.5309],[75.5018,15.5305],[75.5033,15.5305],[75.5092,15.5316],[75.5157,15.5339],[75.5251,15.5368],[75.5296,15.5405],[75.5293,15.5487],[75.5287,15.5545],[75.5284,15.5569],[75.5283,15.562],[75.5282,15.5652],[75.5291,15.5665],[75.5311,15.572],[75.5321,15.5766],[75.5326,15.5801],[75.5332,15.5833],[75.5345,15.5908],[75.5381,15.5935],[75.5398,15.5971],[75.5411,15.598],[75.5405,15.5999],[75.5413,15.6009],[75.5419,15.6041],[75.5439,15.6124],[75.5489,15.6131],[75.5497,15.6171],[75.5499,15.6224],[75.5498,15.6273],[75.5505,15.631],[75.5516,15.6367],[75.5525,15.6404],[75.5543,15.6469],[75.5493,15.6479],[75.5455,15.6483],[75.5408,15.648],[75.5351,15.6477],[75.5301,15.6475],[75.5256,15.647],[75.5215,15.6469],[75.5128,15.6469],[75.5097,15.647],[75.509,15.6471],[75.505,15.6473],[75.5021,15.6503],[75.5006,15.6603],[75.4993,15.6649],[75.4979,15.6691],[75.4959,15.676],[75.4947,15.6824],[75.4926,15.6892],[75.491,15.6939],[75.489,15.6998],[75.4872,15.7033],[75.4822,15.7032],[75.4778,15.7029],[75.4737,15.7023],[75.472,15.7021],[75.4693,15.6997],[75.4699,15.6973],[75.4706,15.6945],[75.4711,15.6926],[75.4716,15.6895],[75.472,15.6877],[75.4717,15.6862],[75.469,15.683],[75.4654,15.6828],[75.4607,15.6819],[75.4561,15.6806],[75.4543,15.6808],[75.4531,15.6814],[75.4505,15.6793],[75.4488,15.6784],[75.4463,15.6807],[75.4447,15.6774],[75.4452,15.6758],[75.4453,15.673],[75.4421,15.6717],[75.4371,15.6713],[75.4298,15.6698],[75.4279,15.6691],[75.4238,15.6661],[75.4201,15.6621],[75.4172,15.6613],[75.4136,15.6576],[75.4108,15.6553],[75.4071,15.6554],[75.4022,15.658],[75.3987,15.66],[75.3953,15.6612],[75.3915,15.6627],[75.3874,15.664],[75.3868,15.6644],[75.385,15.6651],[75.3794,15.6658],[75.3763,15.6662],[75.3742,15.6665],[75.3725,15.6669],[75.3709,15.6673],[75.3625,15.6683],[75.3621,15.6595],[75.3615,15.6548],[75.361,15.6513],[75.36,15.6457],[75.3517,15.6463],[75.3444,15.6472],[75.3377,15.6477],[75.3358,15.6539],[75.3362,15.6621],[75.3366,15.6678],[75.3366,15.6693],[75.3366,15.6723],[75.3328,15.6747],[75.3297,15.6759],[75.3234,15.6779],[75.3184,15.6795],[75.3158,15.6799],[75.3117,15.681],[75.3071,15.6848],[75.3023,15.6882],[75.2991,15.6897],[75.2929,15.6917],[75.2865,15.6913],[75.282,15.6905],[75.2786,15.6898],[75.2773,15.6892],[75.2769,15.6861],[75.2767,15.6847],[75.276,15.6816],[75.2744,15.675],[75.2728,15.6689],[75.272,15.6634],[75.272,15.6563],[75.2721,15.6543],[75.2723,15.6528],[75.2725,15.652],[75.273,15.6483],[75.2719,15.6483],[75.2708,15.6484],[75.2644,15.6483],[75.261,15.6482],[75.2591,15.648],[75.2565,15.6478],[75.254,15.6476],[75.2526,15.6475],[75.2513,15.6474],[75.2485,15.6479],[75.2469,15.6522],[75.2451,15.6562],[75.244,15.6591],[75.243,15.662],[75.2424,15.6639],[75.2422,15.6645],[75.2416,15.6664],[75.2407,15.6684],[75.2402,15.6694],[75.2391,15.6722],[75.2383,15.6742],[75.237,15.6773],[75.2362,15.6792],[75.2356,15.679],[75.2332,15.6787],[75.231,15.6783],[75.229,15.678],[75.2283,15.6779],[75.2263,15.6776],[75.2244,15.6773],[75.2239,15.6773],[75.2213,15.6773],[75.2201,15.6773],[75.2193,15.6773],[75.2186,15.6773],[75.2181,15.6773],[75.2181,15.6789],[75.2174,15.6812],[75.2124,15.6816],[75.2078,15.6816],[75.2063,15.6816],[75.2035,15.6814],[75.2034,15.6794],[75.2035,15.6737],[75.2035,15.6695],[75.2035,15.6642],[75.2034,15.6637],[75.203,15.6601],[75.2028,15.6568],[75.2028,15.6551],[75.2026,15.6522],[75.2025,15.6506],[75.2023,15.6492],[75.1989,15.6493],[75.195,15.6493],[75.1948,15.6492],[75.1937,15.6492],[75.1907,15.6493],[75.1888,15.6493],[75.1872,15.6493],[75.1864,15.6521],[75.1859,15.6554],[75.185,15.6557],[75.1841,15.6561],[75.1837,15.6573],[75.1825,15.6576],[75.1816,15.6574],[75.1806,15.6563],[75.1793,15.6571],[75.1786,15.6577],[75.178,15.6584],[75.1768,15.6587],[75.1752,15.6592],[75.1741,15.66],[75.1728,15.659],[75.1721,15.66],[75.1695,15.6599],[75.1686,15.6595],[75.1657,15.6596],[75.163,15.6598],[75.1616,15.6606],[75.159,15.66],[75.1576,15.6603],[75.1561,15.6596],[75.1551,15.6595],[75.1539,15.6598],[75.1524,15.6601],[75.1508,15.6614],[75.1504,15.6597],[75.1486,15.659],[75.148,15.6593],[75.1475,15.6604],[75.1468,15.6606],[75.1459,15.6601],[75.144,15.6596],[75.1434,15.6595],[75.1416,15.6582],[75.1402,15.6584],[75.14,15.6587],[75.1393,15.6594],[75.138,15.66],[75.1363,15.6604],[75.1355,15.6607],[75.1346,15.6607],[75.1324,15.6605],[75.1308,15.6629],[75.1297,15.6628],[75.1297,15.6637],[75.1287,15.6651],[75.128,15.6655],[75.1271,15.6658],[75.1248,15.6656],[75.123,15.6665],[75.1232,15.6684],[75.1223,15.6686],[75.1207,15.669],[75.1191,15.6694],[75.1161,15.6701],[75.1146,15.6704],[75.1133,15.6707],[75.1117,15.6711],[75.1094,15.6717],[75.1067,15.6712],[75.1059,15.6671],[75.1051,15.663],[75.1038,15.6616],[75.1006,15.662],[75.1,15.6583],[75.0999,15.6574],[75.0997,15.6539],[75.0996,15.6526],[75.0993,15.6506],[75.099,15.6474],[75.0986,15.6451],[75.0982,15.6423],[75.098,15.6405],[75.0978,15.639],[75.0975,15.6367],[75.0971,15.6343],[75.0969,15.6313],[75.0969,15.6287],[75.0967,15.6272],[75.0965,15.6254],[75.0958,15.623],[75.0951,15.6201],[75.0942,15.6159],[75.094,15.6145],[75.0931,15.6116],[75.0928,15.6108],[75.0922,15.609],[75.0907,15.6094],[75.0898,15.6118],[75.089,15.6122],[75.086,15.6136],[75.0853,15.6149],[75.0853,15.6159],[75.0826,15.6171],[75.0809,15.6197],[75.0802,15.6224],[75.0782,15.623],[75.0773,15.6233],[75.077,15.6234],[75.0769,15.6234],[75.0765,15.6234],[75.0744,15.6238],[75.0728,15.6243],[75.0724,15.6243],[75.0697,15.6249],[75.0669,15.6256],[75.066,15.6254],[75.0642,15.6251],[75.0638,15.6278],[75.062,15.6298],[75.0611,15.63],[75.0592,15.6306],[75.0576,15.6318],[75.056,15.6336],[75.0572,15.6399],[75.058,15.6434],[75.0589,15.6475],[75.059,15.648],[75.0592,15.6492],[75.0594,15.6506],[75.0596,15.6523],[75.0602,15.6557],[75.0609,15.6583],[75.0617,15.6611],[75.062,15.6614],[75.0626,15.6657],[75.063,15.6692],[75.0629,15.6705],[75.0623,15.6712],[75.0617,15.6723],[75.061,15.673],[75.0607,15.6744],[75.0606,15.675],[75.0602,15.6766],[75.06,15.6771],[75.0596,15.6797],[75.0594,15.6826],[75.0568,15.6832],[75.0566,15.6832],[75.0535,15.6831],[75.0517,15.683],[75.0508,15.6829],[75.0496,15.6823],[75.0484,15.6772],[75.0482,15.6756],[75.0477,15.6738],[75.047,15.6718],[75.0441,15.6704],[75.0432,15.6704],[75.0409,15.6703],[75.0399,15.6702],[75.0388,15.6701],[75.035,15.6699],[75.0312,15.6699],[75.0288,15.6701],[75.0285,15.6695],[75.0285,15.6689],[75.0285,15.6681],[75.0285,15.6668],[75.0284,15.6649],[75.0284,15.6639],[75.0285,15.662],[75.0281,15.659],[75.0278,15.6571],[75.0276,15.6553],[75.0275,15.6535],[75.0275,15.6529],[75.0274,15.6519],[75.0258,15.6519],[75.0234,15.6521],[75.0215,15.6501],[75.0205,15.648],[75.0194,15.6449],[75.017,15.6451],[75.0153,15.6452],[75.0141,15.6454],[75.0126,15.6457],[75.011,15.646],[75.0094,15.6464],[75.008,15.6468],[75.0059,15.6471],[75.0045,15.6474],[75.003,15.6476],[75.0009,15.6481],[74.9982,15.6487],[74.996,15.6493],[74.9937,15.6498],[74.9926,15.65],[74.9917,15.65],[74.9872,15.6505],[74.9835,15.6496],[74.9815,15.6492],[74.9769,15.649],[74.9716,15.6512],[74.9669,15.6531],[74.9654,15.6471],[74.9641,15.6422],[74.9646,15.6393],[74.9648,15.6376],[74.965,15.6366],[74.9651,15.6356],[74.9652,15.634],[74.9653,15.6324],[74.9652,15.6306],[74.9651,15.6282],[74.9623,15.6262],[74.9597,15.6261],[74.9575,15.6259],[74.9558,15.6257],[74.9545,15.6252],[74.9516,15.6244],[74.949,15.6238],[74.9483,15.6236],[74.9471,15.6232],[74.945,15.6225],[74.943,15.6228],[74.9398,15.6228],[74.9328,15.6226],[74.931,15.6229],[74.9292,15.623],[74.9282,15.6232],[74.9258,15.6239],[74.9246,15.6243],[74.9233,15.625],[74.9209,15.6266],[74.918,15.6283],[74.9163,15.6291],[74.9149,15.6298],[74.9136,15.6302],[74.9123,15.6305],[74.9109,15.6307],[74.9101,15.6308],[74.9088,15.631],[74.9062,15.631],[74.905,15.6311],[74.9042,15.6312],[74.9032,15.6313],[74.9023,15.6314],[74.9006,15.6312],[74.899,15.6313],[74.8974,15.6311],[74.8951,15.6309],[74.8935,15.6308],[74.8911,15.6306],[74.8881,15.6297],[74.8867,15.6287],[74.8844,15.626],[74.882,15.6236],[74.8794,15.622],[74.8776,15.6222],[74.8788,15.6174],[74.8762,15.6167],[74.874,15.6165],[74.8718,15.6161],[74.8707,15.6159],[74.8671,15.615],[74.8649,15.6143],[74.8589,15.6131],[74.8562,15.6125],[74.8557,15.6111],[74.8538,15.6104],[74.8516,15.6097],[74.8497,15.6093],[74.8471,15.6084],[74.8436,15.6079],[74.8415,15.6081],[74.8401,15.6087],[74.8395,15.6101],[74.8382,15.612],[74.8351,15.6113],[74.8313,15.6102],[74.8287,15.6066],[74.8294,15.6021],[74.8295,15.5974],[74.8296,15.5958],[74.8296,15.5945],[74.8296,15.5931],[74.8296,15.592],[74.8311,15.5905],[74.8323,15.5907],[74.8347,15.5871],[74.8361,15.5839],[74.8367,15.5811],[74.8377,15.5776],[74.8393,15.5759],[74.8398,15.5741],[74.8371,15.573],[74.8347,15.5718],[74.8328,15.5708],[74.8315,15.5705],[74.8301,15.5703],[74.8293,15.5701],[74.8272,15.5696],[74.8262,15.5691],[74.826,15.5688],[74.8257,15.5682],[74.8253,15.5679],[74.8248,15.568],[74.8241,15.5679],[74.8234,15.5679],[74.8201,15.5647],[74.8204,15.5621],[74.8181,15.5605],[74.8163,15.5593],[74.8116,15.5553],[74.8072,15.5506],[74.8014,15.549],[74.7972,15.5476],[74.8006,15.5409],[74.802,15.5393],[74.8027,15.5385],[74.8035,15.5366],[74.8049,15.5322],[74.8057,15.53],[74.8086,15.5249],[74.8094,15.5229],[74.8106,15.5205],[74.8097,15.5131],[74.8093,15.511],[74.8104,15.5091],[74.8111,15.5081],[74.8119,15.5068],[74.8133,15.505],[74.8137,15.5037],[74.8115,15.5029],[74.8089,15.5022],[74.8065,15.5015],[74.8047,15.5012],[74.8023,15.5015],[74.8021,15.5014],[74.8032,15.5001],[74.8042,15.4989],[74.8051,15.4979],[74.8037,15.4966],[74.8029,15.498],[74.7993,15.4986],[74.7991,15.4977],[74.7986,15.4976],[74.7974,15.4971],[74.7979,15.4959],[74.7982,15.4948],[74.7985,15.4933],[74.7976,15.4926],[74.7959,15.4916],[74.7943,15.4896],[74.7941,15.4882],[74.7927,15.4861],[74.7915,15.4864],[74.7897,15.4866],[74.7889,15.4862],[74.7886,15.4864],[74.788,15.4866],[74.7865,15.486],[74.7853,15.4846],[74.7853,15.4839],[74.7855,15.4821],[74.7861,15.4801],[74.7869,15.4784],[74.7864,15.4771],[74.7863,15.4758],[74.7857,15.474],[74.7852,15.4724],[74.7852,15.4712],[74.7845,15.47],[74.7838,15.4692],[74.7835,15.4679],[74.7833,15.467],[74.7821,15.4661],[74.7807,15.4646],[74.7805,15.4632],[74.7798,15.4618],[74.7786,15.4596],[74.7763,15.4613],[74.7722,15.467],[74.7688,15.4707],[74.7633,15.4723],[74.7602,15.4709],[74.7596,15.4724],[74.7594,15.4732],[74.7588,15.4744],[74.7557,15.4769],[74.7562,15.4796],[74.7554,15.4809],[74.7533,15.4845],[74.7541,15.4861],[74.7547,15.4868],[74.7529,15.4879],[74.7521,15.4895],[74.7506,15.4904],[74.7499,15.4907],[74.7491,15.4931],[74.7482,15.4953],[74.7444,15.4947],[74.7426,15.494],[74.7407,15.4928],[74.7393,15.4917],[74.7379,15.4904],[74.7356,15.4899],[74.7332,15.4892],[74.7313,15.4892],[74.7282,15.4886],[74.7268,15.4881],[74.7268,15.4863],[74.7273,15.4855],[74.7285,15.4844],[74.7288,15.4836],[74.7283,15.483],[74.7289,15.4823],[74.7295,15.4822],[74.7301,15.482],[74.73,15.4805],[74.7297,15.4796],[74.7306,15.4789],[74.7307,15.4768],[74.7294,15.4766],[74.7291,15.4744],[74.7302,15.4727],[74.7313,15.4712],[74.7331,15.4689],[74.7348,15.4671],[74.7364,15.466],[74.7393,15.4665],[74.7398,15.4663],[74.7408,15.4662],[74.7408,15.4667],[74.7435,15.4661],[74.7437,15.4633],[74.7425,15.4625],[74.7433,15.4604],[74.7424,15.4577],[74.7424,15.4548],[74.7428,15.4535],[74.741,15.451],[74.7392,15.4497],[74.7383,15.4488],[74.74,15.448],[74.739,15.4457],[74.7357,15.4443],[74.7358,15.442],[74.7356,15.4408],[74.7332,15.4389],[74.7316,15.437],[74.7309,15.4346],[74.7307,15.432],[74.7297,15.4301],[74.7305,15.4271],[74.7322,15.4252],[74.7332,15.4239],[74.7355,15.4225],[74.7396,15.4199],[74.7408,15.4185],[74.7403,15.4168],[74.7402,15.416],[74.7407,15.4126],[74.7457,15.4126],[74.747,15.4118],[74.7512,15.4108],[74.7551,15.4109],[74.7574,15.4111],[74.7593,15.4131],[74.7626,15.4158],[74.7646,15.4171],[74.768,15.4174],[74.7686,15.4156],[74.7685,15.4131],[74.7677,15.4108],[74.7695,15.4094],[74.7704,15.4075],[74.7695,15.4068],[74.7686,15.4053],[74.7677,15.4041],[74.7662,15.4034],[74.7647,15.4007],[74.7655,15.3989],[74.766,15.3993],[74.7665,15.4004],[74.7671,15.4005],[74.7684,15.4005],[74.7687,15.4014],[74.7697,15.4004],[74.7707,15.3996],[74.7722,15.3991],[74.7758,15.3973],[74.7816,15.3942],[74.782,15.3922],[74.7844,15.3878],[74.7852,15.3863],[74.7868,15.3833],[74.7892,15.3822],[74.7932,15.3785],[74.7956,15.3776],[74.8055,15.3785],[74.8204,15.3848],[74.8289,15.3747],[74.8191,15.3705],[74.8248,15.3522],[74.8248,15.3489],[74.8268,15.3426],[74.8289,15.3401],[74.8316,15.3372],[74.8343,15.3355],[74.8398,15.3359],[74.8466,15.3372],[74.8484,15.3404],[74.8553,15.3396],[74.8601,15.3295],[74.8658,15.3246],[74.8758,15.3158],[74.8773,15.3134],[74.878,15.3108],[74.8778,15.3097],[74.878,15.3088],[74.8775,15.307],[74.8772,15.3056],[74.8769,15.3046],[74.8765,15.3038],[74.8765,15.3033],[74.8761,15.3027],[74.8751,15.3004],[74.878,15.2992],[74.8814,15.2981],[74.8884,15.3036],[74.8938,15.3001],[74.8999,15.2954],[74.9008,15.2923],[74.9043,15.2836],[74.9062,15.278],[74.9079,15.272],[74.9088,15.2592],[74.91,15.2517],[74.9089,15.2508],[74.9081,15.2501],[74.9069,15.2492],[74.9032,15.2463],[74.8993,15.2419],[74.8988,15.2411],[74.8857,15.228],[74.8761,15.2183],[74.8742,15.2101],[74.8739,15.2043],[74.8758,15.1981],[74.8743,15.1924],[74.8733,15.1913],[74.8712,15.1913],[74.865,15.1864],[74.8654,15.1846],[74.8647,15.1834],[74.8649,15.182],[74.864,15.1825],[74.8622,15.1818],[74.8625,15.1798],[74.8616,15.1779],[74.857,15.1756],[74.8534,15.1739],[74.8491,15.168],[74.8485,15.1637],[74.8417,15.1565],[74.84,15.1535],[74.8371,15.1509],[74.835,15.1487],[74.831,15.1407],[74.8312,15.1366],[74.8319,15.133],[74.8355,15.1317],[74.8401,15.1299],[74.8413,15.1281],[74.8445,15.125],[74.845,15.1224],[74.8477,15.1231],[74.8503,15.1219],[74.8516,15.1181],[74.8535,15.112],[74.8586,15.1047],[74.8621,15.1042],[74.8674,15.1042],[74.8805,15.1004],[74.8903,15.0993],[74.8891,15.0901],[74.8827,15.0877],[74.8793,15.0782],[74.8808,15.0723],[74.8864,15.0667],[74.8895,15.0552],[74.889,15.0498],[74.8939,15.0445],[74.906,15.0499],[74.9106,15.041],[74.9116,15.0404],[74.9177,15.0405],[74.9219,15.0445],[74.9242,15.0484],[74.9299,15.0492],[74.9369,15.0513],[74.9399,15.0584],[74.9457,15.0646],[74.9513,15.0674],[74.9578,15.0644],[74.9633,15.0694],[74.973,15.0698],[74.9752,15.0701],[74.9764,15.0694],[74.9791,15.0691],[74.9836,15.0708],[74.9856,15.0725],[74.989,15.0726],[74.9925,15.0733],[74.9957,15.0713],[75.0008,15.0703],[75.0037,15.0702],[75.0074,15.0713],[75.0111,15.0693],[75.013,15.069],[75.0162,15.071],[75.0176,15.0719],[75.0203,15.0701],[75.0248,15.0724],[75.0271,15.073],[75.029,15.0737],[75.0307,15.0746],[75.0322,15.0764],[75.0343,15.0779],[75.0373,15.0787],[75.0466,15.0817],[75.0536,15.0819],[75.0569,15.072],[75.0773,15.0727],[75.0816,15.0817],[75.0802,15.0908],[75.0804,15.0963],[75.0797,15.1006],[75.0796,15.1036],[75.0786,15.1089],[75.0838,15.1109],[75.0901,15.1111],[75.0949,15.1104],[75.0978,15.1147],[75.1001,15.1157],[75.1045,15.1164],[75.1102,15.1166],[75.1143,15.1198],[75.1126,15.1232],[75.1103,15.1272],[75.1097,15.1295],[75.1059,15.1338],[75.1071,15.1384],[75.1048,15.1404],[75.107,15.1398],[75.112,15.1392],[75.1163,15.1408],[75.1189,15.1412],[75.1228,15.1415],[75.1248,15.1444],[75.1275,15.1444],[75.132,15.1463],[75.1337,15.1495],[75.1345,15.152],[75.1352,15.154],[75.1359,15.1577],[75.1406,15.1591],[75.1421,15.1586],[75.1443,15.1559],[75.1458,15.1521],[75.1477,15.1502],[75.1491,15.1496],[75.1502,15.1493],[75.1525,15.146],[75.1517,15.1455],[75.1503,15.1442],[75.149,15.1429],[75.1492,15.1407],[75.1484,15.1389],[75.1463,15.1371],[75.1459,15.1345],[75.1447,15.1337],[75.143,15.1326],[75.1414,15.1326],[75.1402,15.1315],[75.1396,15.1311],[75.1389,15.1309],[75.1383,15.1306],[75.1376,15.1299],[75.1374,15.1299],[75.1374,15.1288],[75.1374,15.1273],[75.1376,15.1264],[75.1379,15.1234],[75.1367,15.1195],[75.1342,15.1184],[75.1338,15.1177],[75.1344,15.117],[75.1353,15.1149],[75.1356,15.1112],[75.1374,15.1087],[75.1379,15.1055],[75.139,15.1039],[75.1398,15.1024],[75.1441,15.1038],[75.1455,15.1061],[75.1498,15.1067],[75.1512,15.107],[75.1527,15.1088],[75.1565,15.1098],[75.1583,15.107],[75.1579,15.1032],[75.1621,15.1024],[75.1663,15.1028],[75.1691,15.1025],[75.1746,15.1029],[75.1795,15.1033],[75.1831,15.1037],[75.1867,15.1029],[75.1876,15.1002],[75.1898,15.0987],[75.1914,15.0986],[75.1947,15.0993],[75.1976,15.1002],[75.2003,15.1001],[75.2032,15.1002],[75.2074,15.1004],[75.2078,15.1005],[75.209,15.1005],[75.2108,15.1006],[75.2123,15.1007],[75.2151,15.1005],[75.2193,15.1006],[75.2219,15.1005],[75.2239,15.1003],[75.2252,15.1017],[75.2254,15.1048],[75.2263,15.1073],[75.2293,15.1078],[75.2311,15.1082],[75.2321,15.1084],[75.2334,15.1086],[75.2344,15.1087],[75.2373,15.1091],[75.239,15.1078],[75.2399,15.1068],[75.2446,15.1071],[75.2479,15.1073],[75.251,15.1051],[75.2515,15.1019],[75.2523,15.098],[75.2556,15.0983],[75.2577,15.0985],[75.2576,15.1006],[75.2576,15.1052],[75.2578,15.1069],[75.258,15.109],[75.2582,15.1108],[75.2585,15.1132],[75.2586,15.1145],[75.2605,15.1178],[75.2631,15.1183],[75.2656,15.1184],[75.2689,15.1186],[75.2699,15.119],[75.2723,15.1218],[75.2743,15.1227],[75.281,15.1256],[75.2851,15.1281],[75.2878,15.1313],[75.2871,15.1368],[75.2924,15.1373],[75.2991,15.1383],[75.303,15.1383],[75.3059,15.1404],[75.3059,15.1429],[75.3057,15.1499],[75.3056,15.1541],[75.3168,15.1559],[75.3239,15.1571],[75.3358,15.1612],[75.3371,15.1492],[75.3364,15.1341],[75.3364,15.1156],[75.3383,15.1091],[75.339,15.108],[75.3402,15.1066],[75.3447,15.1052],[75.3504,15.1015],[75.3499,15.097],[75.3497,15.0943],[75.3432,15.0928],[75.3409,15.0915],[75.3399,15.0882],[75.3382,15.0846],[75.3344,15.0815],[75.3352,15.0772],[75.3364,15.0749],[75.3388,15.0711],[75.3408,15.0691],[75.3434,15.0662],[75.3464,15.0648],[75.3508,15.0641],[75.357,15.0658],[75.3637,15.057],[75.367,15.0504],[75.3693,15.0504],[75.3745,15.0503],[75.3802,15.0525],[75.3835,15.0532],[75.3887,15.0554],[75.396,15.0582],[75.3987,15.0594],[75.401,15.06],[75.4041,15.06],[75.4094,15.0599],[75.4146,15.0593],[75.4166,15.0591],[75.4168,15.0611],[75.4169,15.062],[75.4168,15.0631],[75.4179,15.0644],[75.4182,15.0663],[75.4178,15.0718],[75.4177,15.0738],[75.4172,15.0795],[75.4167,15.0841],[75.4202,15.0857],[75.4204,15.0891],[75.4221,15.091],[75.4243,15.0915],[75.4236,15.0951],[75.424,15.0995],[75.4327,15.1043],[75.4334,15.1097],[75.4313,15.1141],[75.4298,15.1163],[75.4294,15.1211],[75.4285,15.1269],[75.4251,15.1306],[75.4222,15.1337],[75.4209,15.135],[75.4182,15.1388],[75.4159,15.142],[75.4146,15.1475],[75.4138,15.1518],[75.413,15.1561],[75.4122,15.1602],[75.4091,15.162],[75.4055,15.1651],[75.4026,15.166],[75.3955,15.1663],[75.3945,15.1726],[75.3998,15.1759],[75.3989,15.1802],[75.3979,15.1855],[75.3978,15.1925],[75.3981,15.1985],[75.4028,15.2002],[75.4088,15.2],[75.415,15.2002],[75.4213,15.2002],[75.4247,15.1999],[75.4308,15.1991],[75.4327,15.1991],[75.4333,15.2059],[75.4352,15.2096],[75.4439,15.2088],[75.4492,15.208],[75.4475,15.2128],[75.447,15.2152],[75.4461,15.2178],[75.4444,15.2209],[75.4426,15.224],[75.4404,15.2273],[75.4323,15.2267],[75.4262,15.2263],[75.4228,15.2263],[75.4222,15.2311],[75.4219,15.2337],[75.4193,15.2348],[75.4159,15.2349],[75.4153,15.2395],[75.4149,15.2415],[75.4145,15.245],[75.4141,15.2488],[75.4141,15.2507],[75.4156,15.2527],[75.417,15.255],[75.4174,15.2573],[75.4165,15.2621],[75.4136,15.2638],[75.4112,15.2641],[75.4077,15.2637],[75.4046,15.2616],[75.4023,15.2605],[75.4022,15.2654],[75.4022,15.2695],[75.4021,15.2732],[75.4162,15.2756],[75.4166,15.2777],[75.4135,15.279],[75.4094,15.2784],[75.4064,15.2781],[75.4062,15.2805],[75.4089,15.2849],[75.4105,15.2872],[75.4109,15.2893],[75.4111,15.2921],[75.4115,15.2973],[75.4121,15.2987],[75.4136,15.3002],[75.4179,15.3001],[75.4201,15.3001],[75.4222,15.3],[75.4238,15.2999],[75.4258,15.3017],[75.4283,15.3019],[75.4312,15.3018],[75.4336,15.3018],[75.4366,15.3018],[75.4402,15.3018],[75.4418,15.3011],[75.4498,15.3014],[75.4497,15.3055],[75.4493,15.3124],[75.4487,15.3205],[75.4492,15.3253],[75.4505,15.332],[75.4532,15.3401],[75.4536,15.3411],[75.4535,15.3414],[75.4573,15.3419],[75.457,15.3445],[75.4565,15.3489],[75.4557,15.3534],[75.4549,15.3577],[75.4505,15.3591],[75.4479,15.3629],[75.4477,15.3639],[75.4471,15.3699],[75.446,15.3791],[75.4455,15.3831],[75.4453,15.386],[75.4487,15.3861],[75.4546,15.3858],[75.4624,15.3857],[75.4686,15.3856],[75.4689,15.3879],[75.4693,15.3939],[75.4697,15.397],[75.4771,15.3944],[75.4814,15.3909],[75.481,15.386],[75.4808,15.3827],[75.4837,15.3787],[75.4849,15.3766],[75.4859,15.374],[75.4859,15.3724],[75.4899,15.3724],[75.4903,15.3688],[75.4914,15.3679],[75.4926,15.3705],[75.492,15.3754],[75.492,15.3784],[75.4926,15.3831],[75.4939,15.3874],[75.4945,15.3923],[75.4948,15.395],[75.4955,15.3983],[75.4961,15.4048],[75.4965,15.4104],[75.4977,15.4162],[75.4985,15.4217],[75.498,15.4259],[75.4977,15.4283],[75.4969,15.4318],[75.4962,15.4342],[75.4953,15.4371],[75.4946,15.4412],[75.4942,15.443],[75.493,15.4448],[75.4926,15.4483],[75.4927,15.4509],[75.4928,15.454],[75.4927,15.4572],[75.4925,15.4628],[75.4936,15.4673],[75.4945,15.4702],[75.4932,15.4741],[75.4912,15.4793],[75.4894,15.4839],[75.485,15.4902],[75.4757,15.4921],[75.4715,15.493],[75.4713,15.4941],[75.4726,15.5011],[75.473,15.5096],[75.4731,15.5142],[75.4735,15.5184],[75.4768,15.5214],[75.4799,15.526],[75.4815,15.5305],[75.4836,15.5316],[75.4878,15.5319],[75.4927,15.5317],[75.4945,15.5314]]]}},{"type":"Feature","properties":{"name":"Uttara Kannada","district_name":"Uttara Kannada"},"geometry":{"type":"MultiPolygon","coordinates":[[[[74.3213,15.3685],[74.3177,15.3343],[74.32,15.3175],[74.3353,15.296],[74.3266,15.2841],[74.3196,15.2833],[74.3026,15.2856],[74.2929,15.2844],[74.279,15.2819],[74.2704,15.277],[74.2615,15.2612],[74.2518,15.2542],[74.27,15.2387],[74.3003,15.2168],[74.3055,15.164],[74.2858,15.1484],[74.2841,15.1306],[74.2834,15.1146],[74.2729,15.0984],[74.2776,15.0836],[74.2827,15.069],[74.2858,15.0666],[74.2903,15.067],[74.2866,15.0659],[74.2868,15.0646],[74.2904,15.053],[74.2952,15.0408],[74.2767,15.0161],[74.264,14.9967],[74.2606,14.9832],[74.254,14.9635],[74.2491,14.9601],[74.2453,14.9621],[74.2419,14.9646],[74.2352,14.9627],[74.2282,14.9499],[74.2241,14.9489],[74.2185,14.9465],[74.2091,14.9376],[74.197,14.9298],[74.1944,14.9435],[74.1801,14.9536],[74.1767,14.9585],[74.176,14.9587],[74.1755,14.9589],[74.1749,14.9591],[74.1742,14.9586],[74.1733,14.9586],[74.1732,14.958],[74.1727,14.9578],[74.1717,14.9582],[74.1708,14.9581],[74.1699,14.9582],[74.1685,14.9587],[74.1668,14.9587],[74.1658,14.9589],[74.1649,14.9589],[74.1642,14.9589],[74.1634,14.9583],[74.1625,14.9573],[74.1618,14.9569],[74.1614,14.9559],[74.1605,14.956],[74.1597,14.9564],[74.1596,14.955],[74.1592,14.954],[74.1583,14.9528],[74.1586,14.952],[74.1585,14.9501],[74.1586,14.9492],[74.1579,14.9492],[74.1577,14.9484],[74.1573,14.9479],[74.1564,14.9473],[74.1557,14.9469],[74.1551,14.9465],[74.155,14.9455],[74.1551,14.9447],[74.155,14.944],[74.1544,14.9438],[74.1545,14.9427],[74.1554,14.9425],[74.1552,14.9416],[74.1544,14.941],[74.154,14.9401],[74.1545,14.9393],[74.1552,14.9395],[74.1555,14.939],[74.1561,14.9374],[74.1572,14.9341],[74.158,14.9314],[74.1591,14.9289],[74.1596,14.928],[74.1618,14.9262],[74.1633,14.9248],[74.1639,14.9216],[74.1652,14.9186],[74.162,14.9149],[74.1543,14.9177],[74.135,14.921],[74.1229,14.9232],[74.1131,14.9174],[74.1072,14.9127],[74.1017,14.9159],[74.0975,14.9131],[74.0939,14.9099],[74.0924,14.907],[74.0904,14.9033],[74.0873,14.9023],[74.0872,14.8991],[74.092,14.8999],[74.0972,14.899],[74.0984,14.8961],[74.0998,14.8933],[74.1008,14.8907],[74.1008,14.8898],[74.101,14.8888],[74.1011,14.8876],[74.101,14.8866],[74.1013,14.8857],[74.101,14.8847],[74.1004,14.8839],[74.1001,14.883],[74.0998,14.8821],[74.0997,14.8811],[74.1,14.8805],[74.1006,14.8798],[74.1014,14.8791],[74.1022,14.8784],[74.1032,14.8774],[74.1038,14.8765],[74.1044,14.8755],[74.105,14.8745],[74.1051,14.874],[74.1053,14.8737],[74.1054,14.8733],[74.1056,14.873],[74.1057,14.8727],[74.106,14.8723],[74.1062,14.8719],[74.1064,14.8715],[74.1066,14.8713],[74.1069,14.8712],[74.1074,14.8706],[74.1079,14.8695],[74.1079,14.8685],[74.1082,14.8674],[74.1085,14.8659],[74.1084,14.8654],[74.1092,14.8646],[74.1103,14.8616],[74.1108,14.8592],[74.1113,14.8549],[74.1238,14.8416],[74.1252,14.8322],[74.1278,14.817],[74.1255,14.8058],[74.1169,14.8015],[74.108,14.8068],[74.0937,14.8042],[74.1018,14.7943],[74.1086,14.7844],[74.1154,14.7894],[74.1216,14.7831],[74.1226,14.7799],[74.127,14.7801],[74.1299,14.7808],[74.1328,14.7788],[74.143,14.7797],[74.1449,14.7762],[74.1521,14.7681],[74.1562,14.7577],[74.1544,14.7457],[74.1584,14.7539],[74.1636,14.7551],[74.1704,14.7543],[74.1759,14.7505],[74.181,14.7495],[74.1849,14.7456],[74.1923,14.7361],[74.205,14.7281],[74.2027,14.7327],[74.2284,14.7415],[74.2272,14.7461],[74.2376,14.7481],[74.2446,14.7439],[74.25,14.739],[74.2511,14.7357],[74.2574,14.7279],[74.2634,14.7184],[74.265,14.7113],[74.2624,14.7105],[74.2599,14.7083],[74.2574,14.7075],[74.2597,14.707],[74.2635,14.705],[74.2669,14.7053],[74.2696,14.7019],[74.271,14.6988],[74.2734,14.6946],[74.2776,14.6868],[74.2808,14.6801],[74.2821,14.6736],[74.2798,14.6707],[74.2771,14.6677],[74.2775,14.6659],[74.2809,14.6608],[74.2818,14.6542],[74.2816,14.6496],[74.2833,14.6474],[74.2838,14.6471],[74.2843,14.6474],[74.285,14.6462],[74.2844,14.6452],[74.2854,14.6376],[74.2855,14.6341],[74.2838,14.6303],[74.2823,14.6282],[74.2802,14.6264],[74.2766,14.6276],[74.274,14.6262],[74.2781,14.6195],[74.2898,14.6041],[74.2935,14.6016],[74.2954,14.6016],[74.2942,14.5969],[74.2958,14.5896],[74.3012,14.5768],[74.3042,14.5703],[74.3074,14.5621],[74.3088,14.5573],[74.3109,14.5529],[74.3133,14.5469],[74.3148,14.5426],[74.3148,14.5421],[74.3124,14.5397],[74.3126,14.5327],[74.3159,14.5317],[74.3164,14.529],[74.3157,14.526],[74.3117,14.523],[74.3207,14.5198],[74.3264,14.5161],[74.339,14.5163],[74.3515,14.5111],[74.3541,14.5049],[74.3594,14.5016],[74.3596,14.4977],[74.362,14.492],[74.3638,14.4881],[74.3642,14.4867],[74.3659,14.4825],[74.3666,14.4796],[74.3673,14.4781],[74.3679,14.4764],[74.3683,14.4743],[74.3689,14.4727],[74.3698,14.4705],[74.3736,14.4686],[74.3752,14.4633],[74.3739,14.4605],[74.3755,14.4579],[74.3762,14.4558],[74.3771,14.4538],[74.378,14.4508],[74.3791,14.4479],[74.3798,14.446],[74.3805,14.4435],[74.3811,14.4412],[74.3817,14.4394],[74.3815,14.4379],[74.3811,14.4367],[74.3812,14.435],[74.3821,14.4335],[74.3795,14.4326],[74.3787,14.4311],[74.3801,14.4294],[74.3823,14.4274],[74.3814,14.4252],[74.3807,14.42],[74.3945,14.4168],[74.3975,14.4091],[74.3987,14.4021],[74.4002,14.3954],[74.4017,14.3896],[74.4022,14.387],[74.4026,14.3855],[74.4031,14.3844],[74.4035,14.3825],[74.4043,14.3797],[74.4051,14.3707],[74.4045,14.3709],[74.4045,14.3658],[74.4046,14.3577],[74.4076,14.3521],[74.4083,14.3423],[74.4101,14.3348],[74.4125,14.3298],[74.4127,14.3154],[74.4187,14.2996],[74.4234,14.2872],[74.4233,14.2809],[74.4239,14.2776],[74.435,14.2508],[74.439,14.2429],[74.4417,14.2331],[74.4443,14.224],[74.4492,14.2116],[74.4526,14.2044],[74.4545,14.1998],[74.4579,14.1986],[74.4626,14.2006],[74.4711,14.1802],[74.4722,14.1752],[74.4744,14.1668],[74.4749,14.158],[74.4765,14.1502],[74.4764,14.1412],[74.4814,14.1351],[74.4833,14.1275],[74.4843,14.1222],[74.4852,14.1144],[74.4869,14.1063],[74.4872,14.1014],[74.4864,14.0939],[74.488,14.0927],[74.4887,14.0898],[74.4884,14.0873],[74.4897,14.0855],[74.4919,14.0809],[74.4933,14.0767],[74.4961,14.0639],[74.4979,14.0565],[74.4999,14.0481],[74.5012,14.0395],[74.5013,14.0335],[74.5013,14.0297],[74.5026,14.025],[74.5031,14.022],[74.5032,14.0197],[74.5083,14.0086],[74.5127,13.9979],[74.5136,13.9936],[74.5145,13.991],[74.5151,13.987],[74.5189,13.9845],[74.5218,13.9806],[74.5236,13.9787],[74.5257,13.9754],[74.5315,13.9676],[74.5359,13.967],[74.5397,13.9647],[74.5461,13.9573],[74.5477,13.9561],[74.5504,13.949],[74.5592,13.9501],[74.5629,13.9464],[74.5661,13.9496],[74.5699,13.9469],[74.5718,13.9431],[74.5736,13.939],[74.5753,13.9359],[74.5773,13.9315],[74.5789,13.9267],[74.5841,13.9275],[74.5869,13.93],[74.5882,13.9302],[74.5898,13.9304],[74.5918,13.9327],[74.5922,13.9352],[74.5931,13.9399],[74.5955,13.9418],[74.5957,13.9416],[74.596,13.9386],[74.5978,13.9323],[74.6057,13.9402],[74.6199,13.9408],[74.6299,13.9449],[74.633,13.9438],[74.6352,13.9399],[74.6478,13.9407],[74.6518,13.9466],[74.6487,13.95],[74.6468,13.9633],[74.6546,13.9726],[74.6618,13.9787],[74.6637,13.9832],[74.6631,13.9847],[74.6624,13.9866],[74.6617,13.9883],[74.6614,13.9911],[74.6619,13.9946],[74.6628,13.9964],[74.6637,13.9983],[74.6647,14.0001],[74.6659,14.0023],[74.6668,14.004],[74.6677,14.0057],[74.6687,14.0078],[74.6696,14.0097],[74.6703,14.0111],[74.6714,14.0134],[74.6723,14.0153],[74.673,14.0168],[74.6737,14.0184],[74.6744,14.0198],[74.6753,14.0216],[74.6761,14.0232],[74.6764,14.0259],[74.6767,14.0291],[74.677,14.0325],[74.6728,14.0477],[74.676,14.0611],[74.6644,14.0825],[74.6459,14.1024],[74.6471,14.1148],[74.6438,14.1258],[74.6433,14.1368],[74.6292,14.1441],[74.6292,14.1623],[74.6425,14.1674],[74.6541,14.1691],[74.6648,14.183],[74.692,14.1741],[74.7007,14.1698],[74.7162,14.1596],[74.7402,14.1502],[74.7449,14.149],[74.7452,14.147],[74.7448,14.1463],[74.7488,14.1423],[74.7476,14.1569],[74.7261,14.1738],[74.7127,14.2327],[74.7317,14.2649],[74.7572,14.2498],[74.776,14.2408],[74.7964,14.2295],[74.8208,14.2279],[74.8245,14.2265],[74.8334,14.2289],[74.8359,14.2274],[74.8393,14.2232],[74.8403,14.2227],[74.8434,14.2213],[74.8458,14.219],[74.8464,14.2176],[74.8498,14.2147],[74.8528,14.2109],[74.8535,14.2101],[74.8545,14.2099],[74.8578,14.2123],[74.8593,14.2152],[74.8601,14.216],[74.8601,14.2176],[74.861,14.2177],[74.8672,14.2185],[74.8676,14.223],[74.8691,14.2257],[74.8681,14.229],[74.8684,14.233],[74.869,14.2348],[74.8703,14.239],[74.8745,14.2388],[74.8787,14.2349],[74.8796,14.2301],[74.876,14.2262],[74.8763,14.2198],[74.8795,14.2203],[74.879,14.2142],[74.8871,14.2146],[74.8879,14.2147],[74.8887,14.2154],[74.8969,14.2189],[74.8965,14.2218],[74.8972,14.2234],[74.898,14.225],[74.8962,14.2259],[74.8974,14.227],[74.8986,14.2281],[74.9002,14.2284],[74.9015,14.2281],[74.9033,14.2284],[74.9045,14.2297],[74.908,14.2282],[74.9122,14.2282],[74.9165,14.2277],[74.9197,14.2271],[74.9223,14.2303],[74.9238,14.2321],[74.9277,14.2348],[74.9281,14.2358],[74.93,14.2381],[74.9319,14.2416],[74.9358,14.2438],[74.9351,14.2458],[74.9363,14.2481],[74.9364,14.2511],[74.9373,14.2528],[74.9384,14.2543],[74.938,14.2552],[74.9384,14.256],[74.9369,14.256],[74.9366,14.2567],[74.9358,14.2577],[74.9355,14.2595],[74.9352,14.2612],[74.9346,14.2626],[74.9333,14.2635],[74.9295,14.2644],[74.9282,14.2653],[74.9285,14.2682],[74.9255,14.2775],[74.9157,14.2757],[74.9112,14.2772],[74.9101,14.2784],[74.9086,14.2821],[74.9077,14.2844],[74.908,14.2857],[74.9085,14.2877],[74.9079,14.2894],[74.9055,14.2935],[74.912,14.2982],[74.9137,14.3034],[74.9154,14.307],[74.9176,14.3101],[74.9201,14.315],[74.9244,14.319],[74.9308,14.3203],[74.9332,14.321],[74.9388,14.321],[74.9425,14.3182],[74.9476,14.3196],[74.9525,14.3177],[74.9562,14.3204],[74.9576,14.3236],[74.9628,14.3201],[74.9674,14.3178],[74.9697,14.3167],[74.9773,14.3208],[74.9733,14.3212],[74.9711,14.3262],[74.9743,14.3367],[74.9626,14.341],[74.9578,14.3447],[74.9565,14.347],[74.9539,14.3502],[74.9525,14.3512],[74.9503,14.3506],[74.9498,14.351],[74.949,14.3529],[74.9473,14.3534],[74.9463,14.3535],[74.9443,14.3547],[74.9414,14.3563],[74.939,14.3598],[74.9402,14.3671],[74.941,14.3682],[74.9425,14.3701],[74.9446,14.3733],[74.9457,14.3747],[74.9491,14.3761],[74.9497,14.38],[74.9502,14.385],[74.9493,14.3911],[74.9483,14.3947],[74.9493,14.3984],[74.948,14.4001],[74.945,14.4019],[74.9439,14.4013],[74.9414,14.4007],[74.9393,14.4012],[74.938,14.402],[74.9369,14.4023],[74.9356,14.4029],[74.9345,14.4034],[74.9339,14.4037],[74.9336,14.4043],[74.9271,14.4138],[74.9208,14.4244],[74.9012,14.4309],[74.8836,14.4296],[74.879,14.4354],[74.8779,14.4405],[74.874,14.4472],[74.874,14.4473],[74.8778,14.4497],[74.8912,14.461],[74.9052,14.4603],[74.9159,14.4593],[74.9178,14.4668],[74.9153,14.4675],[74.9125,14.4691],[74.9097,14.4702],[74.904,14.4722],[74.8977,14.4742],[74.8916,14.4756],[74.8902,14.4847],[74.8903,14.4875],[74.8901,14.4897],[74.8916,14.4947],[74.8935,14.4994],[74.8943,14.5011],[74.8954,14.5083],[74.9023,14.5173],[74.9016,14.5263],[74.9098,14.5293],[74.9213,14.5287],[74.9291,14.5274],[74.9361,14.5198],[74.9393,14.5232],[74.94,14.5238],[74.9401,14.5254],[74.9392,14.5265],[74.9408,14.527],[74.9416,14.5283],[74.9423,14.5303],[74.9432,14.5306],[74.9435,14.5311],[74.9433,14.5333],[74.9428,14.5343],[74.9448,14.5335],[74.9505,14.5367],[74.9557,14.5522],[74.9591,14.5527],[74.9665,14.5513],[74.9695,14.5509],[74.9738,14.5503],[74.9784,14.5493],[74.9779,14.547],[74.9783,14.5408],[74.9779,14.5342],[74.9789,14.5297],[74.98,14.5254],[74.9731,14.5226],[74.9783,14.5166],[74.9812,14.5128],[74.9873,14.5064],[74.9918,14.495],[74.99,14.4916],[74.9847,14.4879],[74.9878,14.4807],[74.9878,14.4777],[74.989,14.4741],[74.99,14.4728],[74.9915,14.4735],[74.9929,14.4744],[75.0006,14.4789],[75.0079,14.4834],[75.0065,14.4878],[75.0086,14.4896],[75.0198,14.4968],[75.0245,14.4978],[75.0258,14.4987],[75.0271,14.4989],[75.028,14.4991],[75.0293,14.4993],[75.0303,14.4999],[75.0318,14.5002],[75.0345,14.4999],[75.0377,14.4998],[75.0408,14.5018],[75.0413,14.5077],[75.0416,14.5111],[75.042,14.5154],[75.0413,14.5197],[75.0382,14.5289],[75.047,14.5322],[75.0483,14.5323],[75.05,14.5327],[75.052,14.534],[75.0527,14.5348],[75.0529,14.5367],[75.0532,14.5382],[75.0534,14.5387],[75.0555,14.5404],[75.0577,14.5409],[75.0588,14.5425],[75.06,14.544],[75.0576,14.5458],[75.0468,14.546],[75.0397,14.5494],[75.0332,14.5596],[75.0259,14.5607],[75.0244,14.5614],[75.023,14.5619],[75.0227,14.5639],[75.0225,14.5664],[75.0221,14.5681],[75.0216,14.5697],[75.0205,14.5731],[75.0207,14.5745],[75.0217,14.5749],[75.0226,14.5753],[75.0229,14.5754],[75.0246,14.5753],[75.0256,14.5769],[75.0231,14.5786],[75.0241,14.5808],[75.0259,14.5812],[75.0259,14.5822],[75.0274,14.5834],[75.0276,14.5852],[75.0264,14.5863],[75.0255,14.5915],[75.0243,14.5987],[75.0232,14.6023],[75.0257,14.6054],[75.0245,14.608],[75.0258,14.6078],[75.0269,14.6133],[75.033,14.6247],[75.0352,14.6283],[75.0379,14.6338],[75.039,14.6349],[75.0399,14.6373],[75.0416,14.6391],[75.0481,14.6414],[75.0503,14.6434],[75.0518,14.6479],[75.0488,14.651],[75.0435,14.6577],[75.0409,14.6608],[75.039,14.6587],[75.0351,14.6588],[75.0337,14.6607],[75.0328,14.6624],[75.0313,14.6654],[75.031,14.6685],[75.0307,14.6709],[75.0316,14.6734],[75.0355,14.6786],[75.034,14.6833],[75.0322,14.6949],[75.0323,14.7017],[75.0326,14.71],[75.0286,14.7095],[75.0239,14.7089],[75.0205,14.7114],[75.0168,14.712],[75.0163,14.7144],[75.0162,14.7152],[75.0161,14.7163],[75.0162,14.7172],[75.0147,14.7203],[75.0183,14.7232],[75.0223,14.7256],[75.0277,14.7251],[75.028,14.7263],[75.0319,14.7286],[75.0366,14.7281],[75.038,14.7285],[75.0377,14.7355],[75.0413,14.7386],[75.0446,14.7407],[75.0449,14.743],[75.0472,14.7464],[75.0474,14.7487],[75.0468,14.7501],[75.0464,14.7507],[75.0465,14.752],[75.0457,14.7529],[75.0449,14.7529],[75.0437,14.7546],[75.0427,14.7563],[75.0425,14.7575],[75.0416,14.7602],[75.0415,14.7617],[75.0402,14.7663],[75.0402,14.772],[75.0472,14.7731],[75.0524,14.7768],[75.0583,14.7759],[75.0618,14.7766],[75.0632,14.7766],[75.0639,14.7794],[75.0658,14.7817],[75.0677,14.7832],[75.0706,14.7824],[75.0699,14.7833],[75.0684,14.7848],[75.0674,14.7858],[75.0678,14.7865],[75.0686,14.7865],[75.0692,14.7879],[75.0691,14.7891],[75.069,14.79],[75.0691,14.7916],[75.0686,14.7934],[75.0683,14.7943],[75.0685,14.7964],[75.0686,14.7981],[75.0661,14.8002],[75.0629,14.8022],[75.0556,14.8109],[75.0641,14.8108],[75.0786,14.8092],[75.0813,14.8095],[75.0856,14.8099],[75.0874,14.8103],[75.0916,14.813],[75.0914,14.8163],[75.0898,14.8206],[75.0822,14.8238],[75.0733,14.8277],[75.0718,14.8324],[75.0681,14.8407],[75.0722,14.8518],[75.0707,14.8668],[75.0722,14.8705],[75.0711,14.8733],[75.0695,14.8883],[75.0697,14.897],[75.0685,14.9098],[75.0675,14.9169],[75.0744,14.921],[75.0854,14.9268],[75.0988,14.9273],[75.1017,14.9323],[75.0976,14.9476],[75.0969,14.9569],[75.0816,14.9695],[75.0754,14.9781],[75.0746,14.9855],[75.0739,14.992],[75.0732,14.9997],[75.0687,15.0154],[75.0727,15.0216],[75.0768,15.0374],[75.0732,15.0452],[75.0753,15.0561],[75.0799,15.0681],[75.0773,15.0727],[75.0569,15.072],[75.0536,15.0819],[75.0466,15.0817],[75.0373,15.0787],[75.0343,15.0779],[75.0322,15.0764],[75.0307,15.0746],[75.029,15.0737],[75.0271,15.073],[75.0248,15.0724],[75.0203,15.0701],[75.0176,15.0719],[75.0162,15.071],[75.013,15.069],[75.0111,15.0693],[75.0074,15.0713],[75.0037,15.0702],[75.0008,15.0703],[74.9957,15.0713],[74.9925,15.0733],[74.989,15.0726],[74.9856,15.0725],[74.9836,15.0708],[74.9791,15.0691],[74.9764,15.0694],[74.9752,15.0701],[74.973,15.0698],[74.9633,15.0694],[74.9578,15.0644],[74.9513,15.0674],[74.9457,15.0646],[74.9399,15.0584],[74.9369,15.0513],[74.9299,15.0492],[74.9242,15.0484],[74.9219,15.0445],[74.9177,15.0405],[74.9116,15.0404],[74.9106,15.041],[74.906,15.0499],[74.8939,15.0445],[74.889,15.0498],[74.8895,15.0552],[74.8864,15.0667],[74.8808,15.0723],[74.8793,15.0782],[74.8827,15.0877],[74.8891,15.0901],[74.8903,15.0993],[74.8805,15.1004],[74.8674,15.1042],[74.8621,15.1042],[74.8586,15.1047],[74.8535,15.112],[74.8516,15.1181],[74.8503,15.1219],[74.8477,15.1231],[74.845,15.1224],[74.8445,15.125],[74.8413,15.1281],[74.8401,15.1299],[74.8355,15.1317],[74.8319,15.133],[74.8312,15.1366],[74.831,15.1407],[74.835,15.1487],[74.8371,15.1509],[74.84,15.1535],[74.8417,15.1565],[74.8485,15.1637],[74.8491,15.168],[74.8534,15.1739],[74.857,15.1756],[74.8616,15.1779],[74.8625,15.1798],[74.8622,15.1818],[74.864,15.1825],[74.8649,15.182],[74.8647,15.1834],[74.8654,15.1846],[74.865,15.1864],[74.8712,15.1913],[74.8733,15.1913],[74.8743,15.1924],[74.8758,15.1981],[74.8739,15.2043],[74.8742,15.2101],[74.8761,15.2183],[74.8857,15.228],[74.8988,15.2411],[74.8993,15.2419],[74.9032,15.2463],[74.9069,15.2492],[74.9081,15.2501],[74.9089,15.2508],[74.91,15.2517],[74.9088,15.2592],[74.9079,15.272],[74.9062,15.278],[74.9043,15.2836],[74.9008,15.2923],[74.8999,15.2954],[74.8938,15.3001],[74.8884,15.3036],[74.8814,15.2981],[74.878,15.2992],[74.8751,15.3004],[74.8761,15.3027],[74.8765,15.3033],[74.8765,15.3038],[74.8769,15.3046],[74.8772,15.3056],[74.8775,15.307],[74.878,15.3088],[74.8778,15.3097],[74.878,15.3108],[74.8773,15.3134],[74.8758,15.3158],[74.8658,15.3246],[74.8601,15.3295],[74.8553,15.3396],[74.8484,15.3404],[74.8466,15.3372],[74.8398,15.3359],[74.8343,15.3355],[74.8316,15.3372],[74.8289,15.3401],[74.8268,15.3426],[74.8248,15.3489],[74.8248,15.3522],[74.8191,15.3705],[74.8289,15.3747],[74.8204,15.3848],[74.8055,15.3785],[74.7956,15.3776],[74.7932,15.3785],[74.7892,15.3822],[74.7868,15.3833],[74.7852,15.3863],[74.7844,15.3878],[74.782,15.3922],[74.7816,15.3942],[74.7758,15.3973],[74.7722,15.3991],[74.7707,15.3996],[74.7697,15.4004],[74.7687,15.4014],[74.7684,15.4005],[74.7671,15.4005],[74.7665,15.4004],[74.766,15.3993],[74.7655,15.3989],[74.7647,15.4007],[74.7662,15.4034],[74.7677,15.4041],[74.7686,15.4053],[74.7695,15.4068],[74.7704,15.4075],[74.7695,15.4094],[74.7677,15.4108],[74.7685,15.4131],[74.7686,15.4156],[74.768,15.4174],[74.7646,15.4171],[74.7626,15.4158],[74.7593,15.4131],[74.7574,15.4111],[74.7551,15.4109],[74.7512,15.4108],[74.747,15.4118],[74.7457,15.4126],[74.7408,15.411],[74.7365,15.4089],[74.7346,15.4085],[74.7298,15.4089],[74.7239,15.4106],[74.7166,15.4112],[74.7155,15.4107],[74.7063,15.4073],[74.6921,15.4034],[74.6791,15.3962],[74.6469,15.3885],[74.6337,15.368],[74.6175,15.3609],[74.6122,15.3607],[74.5908,15.3802],[74.5771,15.3896],[74.571,15.3965],[74.5672,15.4036],[74.5437,15.4157],[74.5396,15.4168],[74.5326,15.4176],[74.5238,15.4085],[74.5078,15.4065],[74.5069,15.4146],[74.5081,15.4214],[74.5082,15.43],[74.5031,15.4348],[74.4946,15.4384],[74.4921,15.4428],[74.4879,15.4382],[74.4815,15.4301],[74.4765,15.429],[74.4748,15.4312],[74.4711,15.4328],[74.463,15.4317],[74.4615,15.4299],[74.4584,15.4272],[74.4602,15.4217],[74.4496,15.4209],[74.447,15.4164],[74.4491,15.4125],[74.4502,15.4091],[74.4467,15.4067],[74.4328,15.3968],[74.4283,15.3997],[74.423,15.4325],[74.4223,15.4477],[74.4222,15.4505],[74.4223,15.4522],[74.4224,15.4572],[74.4192,15.4649],[74.4148,15.4707],[74.4098,15.4749],[74.403,15.4745],[74.3989,15.4775],[74.3936,15.4809],[74.3869,15.4821],[74.3736,15.4796],[74.3593,15.4974],[74.3542,15.5052],[74.3404,15.5175],[74.3099,15.5193],[74.2908,15.5235],[74.2781,15.5215],[74.2543,15.5038],[74.2666,15.4666],[74.2708,15.4187],[74.2978,15.3833],[74.3112,15.3686],[74.3213,15.3685]]],[[[74.485,14.0937],[74.4849,14.0933],[74.485,14.0937]]],[[[74.1101,14.8458],[74.1124,14.843],[74.1101,14.8458]]],[[[74.1018,14.8767],[74.1016,14.8764],[74.1018,14.8767]]]]}},{"type":"Feature","properties":{"name":"Haveri","district_name":"Haveri"},"geometry":{"type":"Polygon","coordinates":[[[75.8085,14.657],[75.8042,14.661],[75.7998,14.6658],[75.7991,14.6718],[75.8004,14.6784],[75.7969,14.6827],[75.7939,14.6832],[75.7911,14.683],[75.786,14.6809],[75.7778,14.6768],[75.7669,14.6752],[75.7584,14.6773],[75.7495,14.6806],[75.7405,14.6866],[75.7411,14.6995],[75.7447,14.7039],[75.75,14.7096],[75.7564,14.7166],[75.7619,14.7198],[75.7644,14.7239],[75.76,14.7377],[75.7526,14.7373],[75.7292,14.727],[75.7021,14.7281],[75.7168,14.747],[75.722,14.7559],[75.7221,14.7598],[75.7227,14.7658],[75.7232,14.7705],[75.7171,14.7772],[75.7038,14.7819],[75.6883,14.7863],[75.6827,14.7947],[75.6738,14.7987],[75.6649,14.8015],[75.6671,14.8118],[75.6743,14.8273],[75.6754,14.8309],[75.6763,14.8337],[75.6781,14.8373],[75.6793,14.8399],[75.6808,14.8424],[75.6831,14.8461],[75.6854,14.8497],[75.6889,14.8546],[75.6912,14.8573],[75.694,14.8581],[75.6948,14.8541],[75.6989,14.8526],[75.7024,14.8541],[75.706,14.8535],[75.7102,14.8529],[75.7119,14.8524],[75.7125,14.8527],[75.7128,14.853],[75.7131,14.8534],[75.7133,14.8539],[75.7136,14.8544],[75.7138,14.8547],[75.7144,14.8551],[75.715,14.8557],[75.7154,14.8564],[75.7158,14.857],[75.719,14.8596],[75.722,14.8626],[75.7228,14.864],[75.7264,14.8636],[75.7311,14.8637],[75.7326,14.8645],[75.7337,14.8707],[75.7339,14.8741],[75.7341,14.8795],[75.7357,14.883],[75.7381,14.8859],[75.7385,14.8877],[75.7362,14.8894],[75.7347,14.8908],[75.733,14.8922],[75.73,14.8938],[75.7278,14.8973],[75.7224,14.8964],[75.7156,14.8954],[75.7111,14.8946],[75.703,14.8932],[75.697,14.8914],[75.6902,14.9067],[75.6871,14.915],[75.684,14.9251],[75.6832,14.9392],[75.7002,14.9466],[75.6999,14.9505],[75.6997,14.9515],[75.6986,14.9543],[75.6978,14.9573],[75.6968,14.9602],[75.6953,14.9641],[75.695,14.9665],[75.6928,14.9712],[75.6895,14.9746],[75.6868,14.9759],[75.6843,14.9767],[75.6796,14.9787],[75.6785,14.9801],[75.6781,14.9803],[75.6779,14.9804],[75.6754,14.9818],[75.672,14.984],[75.6671,14.9872],[75.6637,14.988],[75.6631,14.9881],[75.6611,14.9886],[75.6586,14.989],[75.6565,14.9894],[75.6547,14.9899],[75.6527,14.9905],[75.65,14.9907],[75.6476,14.9909],[75.6444,14.9912],[75.6361,14.9914],[75.6322,14.9915],[75.6306,14.9863],[75.6231,14.982],[75.6178,14.9808],[75.6181,14.979],[75.6188,14.9742],[75.6136,14.9737],[75.6116,14.9735],[75.6094,14.9726],[75.6088,14.9698],[75.609,14.9673],[75.6098,14.9632],[75.6111,14.9589],[75.61,14.9583],[75.6055,14.9562],[75.6036,14.9563],[75.6038,14.9554],[75.6028,14.9546],[75.6005,14.9553],[75.5996,14.956],[75.5974,14.956],[75.5957,14.956],[75.5956,14.9565],[75.5953,14.9569],[75.5949,14.957],[75.5942,14.9572],[75.593,14.9579],[75.5918,14.958],[75.5911,14.9584],[75.5907,14.9586],[75.5899,14.9587],[75.5885,14.9606],[75.5868,14.9634],[75.5862,14.9648],[75.5844,14.9676],[75.5835,14.9686],[75.5822,14.9687],[75.576,14.9698],[75.5689,14.9712],[75.5642,14.9721],[75.5652,14.976],[75.5648,14.9794],[75.5627,14.9793],[75.5616,14.9793],[75.5552,14.9792],[75.5492,14.979],[75.547,14.9789],[75.5436,14.9786],[75.5413,14.98],[75.541,14.9837],[75.5409,14.989],[75.5413,14.993],[75.5427,14.9973],[75.5433,15.0016],[75.5428,15.0083],[75.5418,15.0145],[75.5382,15.0192],[75.5404,15.0198],[75.5389,15.0255],[75.5359,15.031],[75.5346,15.0328],[75.5336,15.0342],[75.5312,15.0344],[75.5199,15.0335],[75.5141,15.0384],[75.511,15.041],[75.5106,15.0413],[75.507,15.044],[75.5022,15.0447],[75.5,15.045],[75.4968,15.0458],[75.4947,15.0464],[75.4913,15.0456],[75.4893,15.0452],[75.4871,15.0447],[75.4839,15.044],[75.482,15.0443],[75.478,15.0442],[75.4761,15.0439],[75.4736,15.0445],[75.4718,15.0449],[75.4685,15.0468],[75.4639,15.0452],[75.4608,15.0438],[75.4603,15.0475],[75.4604,15.0494],[75.4596,15.0499],[75.4566,15.0504],[75.4536,15.0504],[75.4519,15.0496],[75.4519,15.0503],[75.4515,15.0518],[75.4513,15.0534],[75.451,15.0548],[75.4507,15.0576],[75.4489,15.0595],[75.4475,15.0604],[75.4417,15.0606],[75.4358,15.0606],[75.4298,15.061],[75.4266,15.0612],[75.4208,15.0612],[75.4168,15.0613],[75.4166,15.0591],[75.4147,15.0593],[75.4097,15.0599],[75.4052,15.06],[75.4015,15.0601],[75.3988,15.0594],[75.3966,15.0586],[75.3895,15.0556],[75.3842,15.0534],[75.3815,15.0528],[75.3748,15.0503],[75.3694,15.0504],[75.3677,15.0504],[75.3637,15.0569],[75.3588,15.0634],[75.3521,15.064],[75.3473,15.0645],[75.3439,15.0658],[75.3413,15.0689],[75.3388,15.0711],[75.3364,15.0749],[75.3353,15.0769],[75.3343,15.0815],[75.3375,15.0838],[75.34,15.0881],[75.339,15.0911],[75.3428,15.0927],[75.3495,15.0942],[75.3499,15.0968],[75.3504,15.1015],[75.3457,15.1048],[75.3405,15.1065],[75.3391,15.1078],[75.3387,15.1088],[75.3366,15.1136],[75.3366,15.1306],[75.3372,15.1482],[75.3357,15.1601],[75.3255,15.1574],[75.3179,15.156],[75.3094,15.1544],[75.3057,15.151],[75.3058,15.1449],[75.3059,15.1406],[75.3043,15.1383],[75.2993,15.1382],[75.2945,15.1376],[75.2887,15.137],[75.287,15.1347],[75.2867,15.1288],[75.2814,15.1259],[75.2753,15.123],[75.2724,15.1219],[75.2703,15.1196],[75.269,15.1186],[75.2669,15.1185],[75.264,15.1183],[75.2605,15.1181],[75.2586,15.1152],[75.2585,15.1132],[75.2583,15.1115],[75.258,15.1092],[75.2578,15.107],[75.2576,15.1053],[75.2575,15.1013],[75.2576,15.0989],[75.2559,15.0983],[75.2524,15.098],[75.2515,15.1018],[75.251,15.1048],[75.2495,15.1073],[75.2459,15.1072],[75.2403,15.1068],[75.239,15.1078],[75.2381,15.1092],[75.2347,15.1087],[75.2335,15.1086],[75.2327,15.1085],[75.2313,15.1083],[75.2295,15.1078],[75.2274,15.1075],[75.2255,15.1056],[75.2252,15.1018],[75.2248,15.1002],[75.2219,15.1005],[75.2197,15.1006],[75.2157,15.1005],[75.2129,15.1007],[75.2108,15.1006],[75.2098,15.1006],[75.208,15.1005],[75.2075,15.1004],[75.2037,15.1002],[75.2011,15.1001],[75.1981,15.1003],[75.195,15.0993],[75.1921,15.0987],[75.1898,15.0987],[75.1878,15.0997],[75.1867,15.1029],[75.1831,15.1037],[75.1796,15.1033],[75.1757,15.1031],[75.1699,15.1025],[75.1669,15.1027],[75.1633,15.1025],[75.1579,15.1022],[75.1583,15.1069],[75.1583,15.1105],[75.1528,15.1088],[75.1523,15.1071],[75.15,15.1068],[75.1478,15.1065],[75.1442,15.1044],[75.14,15.1024],[75.139,15.1034],[75.1383,15.1059],[75.137,15.1077],[75.1357,15.1107],[75.1347,15.1142],[75.1345,15.1168],[75.1338,15.1176],[75.1339,15.1183],[75.1367,15.1195],[75.1377,15.1221],[75.1375,15.1264],[75.1376,15.127],[75.1374,15.1285],[75.1375,15.1297],[75.1378,15.1301],[75.1384,15.1304],[75.1389,15.1308],[75.1395,15.1311],[75.1401,15.1316],[75.1415,15.1324],[75.1424,15.1324],[75.1446,15.1337],[75.1455,15.1343],[75.1466,15.1362],[75.1483,15.1384],[75.1491,15.1405],[75.1485,15.1423],[75.1497,15.1442],[75.1512,15.1455],[75.1527,15.1458],[75.1503,15.1493],[75.1491,15.1496],[75.1478,15.1502],[75.146,15.1517],[75.1448,15.1549],[75.1424,15.1583],[75.1408,15.1591],[75.1367,15.1578],[75.1348,15.1558],[75.1351,15.152],[75.1337,15.1496],[75.132,15.1463],[75.1287,15.1444],[75.1255,15.1451],[75.1229,15.1417],[75.1192,15.1411],[75.1167,15.1408],[75.1121,15.1392],[75.1088,15.1391],[75.1048,15.1405],[75.1071,15.1385],[75.106,15.1344],[75.1078,15.13],[75.11,15.1274],[75.1125,15.1243],[75.1144,15.1204],[75.1123,15.1169],[75.1049,15.1165],[75.1006,15.1157],[75.098,15.1148],[75.0952,15.1103],[75.0906,15.1111],[75.0855,15.111],[75.078,15.1105],[75.0795,15.1037],[75.0792,15.1013],[75.0803,15.0979],[75.0802,15.0912],[75.0825,15.0859],[75.0817,15.0744],[75.0778,15.0627],[75.0744,15.0537],[75.073,15.0432],[75.0725,15.0249],[75.0717,15.0192],[75.0683,15.0149],[75.0733,14.9991],[75.074,14.9914],[75.0747,14.9837],[75.0756,14.9766],[75.0816,14.9695],[75.0972,14.9568],[75.0971,14.9432],[75.1021,14.9291],[75.0965,14.927],[75.0872,14.9213],[75.0716,14.9202],[75.0677,14.9158],[75.0686,14.9086],[75.0699,14.8957],[75.0702,14.8883],[75.0711,14.8726],[75.0729,14.8697],[75.0697,14.8633],[75.0709,14.8489],[75.0677,14.8368],[75.0719,14.832],[75.0736,14.8262],[75.0823,14.8238],[75.0905,14.8202],[75.0915,14.8159],[75.0916,14.8124],[75.0873,14.8103],[75.0836,14.8101],[75.0805,14.8101],[75.074,14.8082],[75.0611,14.8122],[75.056,14.8053],[75.0629,14.8021],[75.0664,14.8],[75.0688,14.798],[75.0685,14.7959],[75.0683,14.7943],[75.069,14.7929],[75.069,14.7915],[75.0689,14.7899],[75.0692,14.7889],[75.0692,14.7875],[75.0685,14.7865],[75.0676,14.7864],[75.0675,14.7854],[75.0686,14.7847],[75.07,14.7833],[75.0698,14.7826],[75.0675,14.7826],[75.0657,14.7815],[75.0637,14.7785],[75.0631,14.7766],[75.0595,14.7766],[75.0575,14.7761],[75.0523,14.7768],[75.0465,14.773],[75.0407,14.7698],[75.0409,14.7655],[75.0415,14.7614],[75.0417,14.7599],[75.0425,14.7573],[75.0428,14.7557],[75.0436,14.7537],[75.045,14.7528],[75.0456,14.7528],[75.0467,14.752],[75.0464,14.7505],[75.0468,14.7499],[75.0474,14.7486],[75.0469,14.744],[75.0448,14.7429],[75.0446,14.7401],[75.0403,14.7385],[75.0379,14.7326],[75.0384,14.7279],[75.0345,14.7277],[75.031,14.7299],[75.0278,14.7261],[75.0269,14.7257],[75.0219,14.7237],[75.0182,14.7222],[75.0153,14.719],[75.0162,14.7171],[75.0163,14.716],[75.0162,14.7152],[75.0163,14.7142],[75.0169,14.7114],[75.0212,14.7114],[75.0244,14.7086],[75.0286,14.7095],[75.0328,14.71],[75.0323,14.7016],[75.0323,14.6947],[75.034,14.6832],[75.0356,14.6782],[75.0315,14.6733],[75.0308,14.6699],[75.031,14.6684],[75.0313,14.6651],[75.033,14.6618],[75.0342,14.6607],[75.0353,14.658],[75.0389,14.6592],[75.0411,14.6606],[75.0447,14.6559],[75.049,14.6509],[75.0544,14.6495],[75.0569,14.65],[75.0603,14.6508],[75.0637,14.6507],[75.0683,14.6515],[75.0695,14.6518],[75.0874,14.6522],[75.0985,14.6527],[75.1017,14.644],[75.1106,14.6422],[75.1166,14.6396],[75.1178,14.6376],[75.1212,14.6332],[75.1246,14.6307],[75.1291,14.631],[75.1355,14.633],[75.1422,14.6339],[75.142,14.6325],[75.1427,14.6308],[75.1425,14.6267],[75.1431,14.6248],[75.1433,14.6226],[75.146,14.6209],[75.1521,14.6262],[75.1594,14.6171],[75.1651,14.6233],[75.1639,14.6296],[75.1729,14.6324],[75.1929,14.6238],[75.1994,14.6254],[75.2001,14.6356],[75.2016,14.6388],[75.2035,14.6373],[75.2065,14.6367],[75.2076,14.6355],[75.2053,14.634],[75.2074,14.6342],[75.208,14.633],[75.2068,14.6306],[75.2083,14.6295],[75.2071,14.6272],[75.2086,14.6269],[75.2099,14.6282],[75.2098,14.6259],[75.2106,14.6234],[75.21,14.619],[75.2083,14.6164],[75.2072,14.6134],[75.2066,14.611],[75.2059,14.6088],[75.2057,14.6066],[75.2055,14.6028],[75.2053,14.5992],[75.202,14.5969],[75.1952,14.5977],[75.1912,14.5994],[75.1889,14.5995],[75.1882,14.5995],[75.1854,14.5999],[75.1843,14.5989],[75.1821,14.5939],[75.1828,14.5896],[75.1837,14.5862],[75.1862,14.5858],[75.1877,14.5854],[75.19,14.5849],[75.1917,14.5845],[75.1943,14.5836],[75.1965,14.5829],[75.1975,14.5785],[75.2012,14.5751],[75.206,14.5725],[75.2089,14.572],[75.2107,14.5735],[75.213,14.5765],[75.2144,14.5764],[75.2171,14.5776],[75.2183,14.5789],[75.219,14.5797],[75.2203,14.581],[75.2201,14.5825],[75.221,14.5839],[75.2233,14.5849],[75.2255,14.5848],[75.2272,14.5839],[75.2289,14.5825],[75.229,14.5803],[75.2309,14.5791],[75.2297,14.5771],[75.2287,14.5758],[75.2283,14.574],[75.2276,14.5735],[75.2272,14.572],[75.2267,14.5702],[75.226,14.5694],[75.2258,14.5682],[75.2258,14.5665],[75.2274,14.564],[75.2285,14.5622],[75.2295,14.5603],[75.2325,14.5578],[75.2346,14.5557],[75.2368,14.5568],[75.2398,14.5579],[75.24,14.5564],[75.2408,14.5553],[75.2417,14.5568],[75.2417,14.5573],[75.2424,14.559],[75.2424,14.5607],[75.2428,14.5621],[75.2433,14.564],[75.2433,14.5665],[75.2452,14.567],[75.2446,14.5703],[75.2444,14.5723],[75.2441,14.575],[75.2438,14.5771],[75.2467,14.5795],[75.2488,14.5802],[75.2586,14.5809],[75.2692,14.5739],[75.275,14.5698],[75.2757,14.5681],[75.2739,14.5669],[75.2758,14.5653],[75.2763,14.5642],[75.2805,14.5619],[75.2833,14.5607],[75.285,14.5613],[75.2857,14.5607],[75.289,14.5559],[75.2902,14.5541],[75.2902,14.551],[75.2923,14.5484],[75.2948,14.5468],[75.2941,14.5443],[75.2958,14.5435],[75.2973,14.5397],[75.2961,14.5381],[75.2946,14.5373],[75.2936,14.535],[75.2922,14.5339],[75.2914,14.5325],[75.2889,14.532],[75.2876,14.5327],[75.2866,14.531],[75.2854,14.53],[75.2846,14.5312],[75.2816,14.5324],[75.2801,14.5333],[75.2782,14.5343],[75.276,14.5333],[75.273,14.5311],[75.2712,14.5286],[75.2694,14.5277],[75.2697,14.5243],[75.2693,14.5228],[75.2691,14.5208],[75.2688,14.5187],[75.2708,14.5126],[75.2741,14.5109],[75.2775,14.5118],[75.2802,14.5115],[75.2815,14.5124],[75.2856,14.5142],[75.2911,14.5114],[75.2937,14.5111],[75.2958,14.5112],[75.3003,14.5108],[75.3018,14.511],[75.3045,14.5117],[75.309,14.5127],[75.3135,14.5129],[75.3146,14.5129],[75.3165,14.513],[75.3174,14.5133],[75.3201,14.5131],[75.3217,14.5123],[75.3246,14.5098],[75.3253,14.5073],[75.3252,14.5045],[75.3266,14.5013],[75.327,14.4984],[75.3288,14.4954],[75.3313,14.4936],[75.3331,14.4932],[75.3363,14.492],[75.3451,14.4863],[75.3461,14.4837],[75.3439,14.4794],[75.3412,14.4758],[75.341,14.4749],[75.3407,14.4719],[75.3408,14.4707],[75.3405,14.4683],[75.3426,14.4647],[75.3447,14.4627],[75.3456,14.4619],[75.3467,14.4594],[75.347,14.4578],[75.3463,14.456],[75.3435,14.4522],[75.3423,14.4456],[75.3425,14.443],[75.3419,14.4402],[75.34,14.4391],[75.3413,14.4358],[75.343,14.4353],[75.3476,14.4332],[75.3541,14.4319],[75.3554,14.429],[75.3585,14.4324],[75.3582,14.4338],[75.3581,14.4357],[75.3586,14.4373],[75.3601,14.4385],[75.3609,14.4397],[75.3626,14.4406],[75.3655,14.4413],[75.3683,14.4394],[75.3704,14.4382],[75.3721,14.4374],[75.3736,14.4366],[75.3757,14.4355],[75.3778,14.4346],[75.3803,14.4344],[75.3822,14.4325],[75.382,14.4285],[75.3818,14.4257],[75.3814,14.423],[75.3809,14.4207],[75.3803,14.4158],[75.3792,14.412],[75.3755,14.408],[75.3647,14.411],[75.3562,14.4061],[75.3528,14.3965],[75.3505,14.3881],[75.3561,14.3847],[75.3637,14.3805],[75.377,14.3702],[75.3854,14.369],[75.3879,14.3674],[75.3947,14.367],[75.4003,14.3624],[75.406,14.3572],[75.412,14.3529],[75.4233,14.3516],[75.4329,14.3451],[75.4422,14.3391],[75.4496,14.3335],[75.4551,14.3297],[75.4595,14.3266],[75.4734,14.3208],[75.4795,14.3248],[75.4798,14.3283],[75.4801,14.3301],[75.4799,14.3321],[75.4782,14.3376],[75.477,14.3414],[75.4767,14.3452],[75.4808,14.3445],[75.4814,14.3414],[75.4844,14.3397],[75.4889,14.3391],[75.4894,14.3454],[75.5008,14.3437],[75.5006,14.3424],[75.5007,14.3385],[75.501,14.3357],[75.5013,14.3317],[75.5016,14.3281],[75.5021,14.3235],[75.5047,14.3127],[75.5144,14.3035],[75.5183,14.2994],[75.5267,14.2914],[75.5353,14.2776],[75.5395,14.2775],[75.5457,14.2758],[75.5516,14.2739],[75.5614,14.2775],[75.5678,14.2765],[75.5769,14.277],[75.5826,14.278],[75.5832,14.2795],[75.5851,14.2829],[75.5872,14.287],[75.5894,14.2868],[75.6004,14.2925],[75.6061,14.2987],[75.6072,14.3023],[75.6084,14.3056],[75.6097,14.3092],[75.61,14.3114],[75.61,14.3134],[75.6109,14.3157],[75.6228,14.3152],[75.6286,14.3151],[75.6321,14.3148],[75.6349,14.3187],[75.6281,14.329],[75.6254,14.3355],[75.6227,14.3443],[75.6228,14.3493],[75.6233,14.3564],[75.6235,14.358],[75.6248,14.3633],[75.6311,14.3811],[75.6347,14.3883],[75.6356,14.3913],[75.6365,14.3944],[75.6371,14.3967],[75.6376,14.3988],[75.6382,14.4026],[75.6383,14.4034],[75.6389,14.4066],[75.6406,14.4135],[75.6438,14.4304],[75.6389,14.4319],[75.6344,14.4328],[75.6351,14.4346],[75.6358,14.4363],[75.6355,14.4373],[75.6359,14.4385],[75.6375,14.4417],[75.6354,14.4425],[75.6346,14.443],[75.633,14.4436],[75.6316,14.4452],[75.6308,14.4466],[75.6315,14.4499],[75.6326,14.4537],[75.6339,14.4578],[75.6351,14.4616],[75.6365,14.4663],[75.6399,14.4659],[75.6442,14.4652],[75.6472,14.4646],[75.6492,14.4643],[75.6515,14.464],[75.6533,14.4636],[75.6539,14.4633],[75.6551,14.4625],[75.6569,14.4613],[75.658,14.4598],[75.66,14.4599],[75.6614,14.4594],[75.6605,14.4564],[75.6606,14.4528],[75.6621,14.4515],[75.6851,14.4855],[75.689,14.492],[75.7017,14.4911],[75.7084,14.4753],[75.7205,14.4757],[75.729,14.4852],[75.7391,14.4983],[75.7425,14.5016],[75.7485,14.5076],[75.7547,14.513],[75.7636,14.5171],[75.7655,14.5177],[75.7704,14.5183],[75.7831,14.5158],[75.7992,14.5124],[75.7984,14.5206],[75.798,14.525],[75.7987,14.5388],[75.8076,14.55],[75.8089,14.5513],[75.8187,14.5627],[75.8192,14.5702],[75.815,14.5782],[75.8107,14.5881],[75.8079,14.5915],[75.8052,14.5964],[75.8049,14.6037],[75.8054,14.6085],[75.808,14.6161],[75.8121,14.6432],[75.8085,14.657]]]}},{"type":"Feature","properties":{"name":"Ballari","district_name":"Ballari"},"geometry":{"type":"MultiPolygon","coordinates":[[[[76.628,15.2279],[76.6274,15.2264],[76.6263,15.2238],[76.6256,15.2221],[76.625,15.2203],[76.6242,15.2182],[76.6234,15.2166],[76.622,15.214],[76.6189,15.2088],[76.6176,15.206],[76.6152,15.2003],[76.6102,15.1995],[76.6061,15.1992],[76.604,15.1963],[76.6011,15.195],[76.574,15.1874],[76.5642,15.19],[76.5624,15.1924],[76.5462,15.1911],[76.539,15.1867],[76.5264,15.1828],[76.4924,15.1709],[76.4531,15.2187],[76.4471,15.2212],[76.4416,15.2249],[76.4362,15.2288],[76.4189,15.228],[76.402,15.227],[76.405,15.2242],[76.4075,15.2263],[76.4081,15.2219],[76.4107,15.2223],[76.414,15.2184],[76.4177,15.2187],[76.42,15.2167],[76.4228,15.2116],[76.4226,15.2081],[76.4209,15.2062],[76.4178,15.2032],[76.3974,15.1903],[76.404,15.1813],[76.4109,15.1758],[76.4162,15.17],[76.4072,15.1632],[76.4061,15.1584],[76.4072,15.1549],[76.4116,15.1535],[76.4099,15.1489],[76.4121,15.1424],[76.4162,15.1405],[76.423,15.1387],[76.422,15.136],[76.4186,15.1358],[76.3975,15.126],[76.4044,15.1236],[76.4088,15.1226],[76.412,15.1212],[76.4159,15.1201],[76.4176,15.1208],[76.4267,15.1204],[76.4357,15.1244],[76.4399,15.1113],[76.4399,15.1063],[76.4429,15.1104],[76.4452,15.1054],[76.447,15.0971],[76.4493,15.0867],[76.4735,15.0497],[76.4616,15.0422],[76.4368,15.0409],[76.4153,15.0537],[76.3937,15.0529],[76.4033,15.0274],[76.3941,15.0225],[76.3886,15.0225],[76.3793,15.0231],[76.3791,15.0179],[76.379,15.0118],[76.3777,15.0072],[76.3741,15.0008],[76.3676,14.9953],[76.3633,14.9927],[76.3663,14.9853],[76.3768,14.9835],[76.3772,14.9812],[76.3768,14.978],[76.3763,14.9742],[76.376,14.9718],[76.3751,14.9685],[76.3746,14.9665],[76.3747,14.9631],[76.3749,14.958],[76.3807,14.9584],[76.3873,14.9576],[76.3943,14.9549],[76.396,14.9549],[76.399,14.9547],[76.3997,14.954],[76.4026,14.9525],[76.404,14.9519],[76.4059,14.9473],[76.4042,14.9446],[76.4027,14.9352],[76.3983,14.9329],[76.4004,14.9329],[76.401,14.9329],[76.4054,14.9336],[76.4166,14.9321],[76.4279,14.9318],[76.4387,14.9349],[76.4484,14.9294],[76.4557,14.927],[76.4641,14.9252],[76.4691,14.925],[76.4632,14.9234],[76.461,14.9221],[76.4578,14.9189],[76.4531,14.9143],[76.4542,14.9095],[76.4556,14.9041],[76.4589,14.8966],[76.4593,14.8872],[76.4638,14.8819],[76.4651,14.8772],[76.4689,14.8781],[76.4731,14.8827],[76.4751,14.8826],[76.4771,14.8791],[76.4761,14.8772],[76.4749,14.8719],[76.4753,14.869],[76.4765,14.8667],[76.4772,14.8647],[76.4793,14.8617],[76.48,14.8606],[76.4833,14.8598],[76.4949,14.8613],[76.4991,14.8654],[76.5035,14.8689],[76.5092,14.8694],[76.5123,14.8708],[76.5181,14.8713],[76.524,14.8695],[76.5268,14.8699],[76.5307,14.871],[76.5305,14.8744],[76.5411,14.8799],[76.5429,14.8812],[76.5559,14.8803],[76.5683,14.8749],[76.5732,14.865],[76.5808,14.8607],[76.5884,14.8611],[76.5941,14.8784],[76.595,14.8819],[76.6183,14.8839],[76.6328,14.8842],[76.6326,14.8887],[76.6352,14.8923],[76.6376,14.895],[76.6485,14.8965],[76.6648,14.8961],[76.6775,14.8948],[76.6774,14.9018],[76.6756,14.9121],[76.6702,14.9142],[76.6627,14.9258],[76.6625,14.9287],[76.6613,14.9338],[76.6604,14.938],[76.6595,14.9418],[76.6661,14.941],[76.675,14.9392],[76.6956,14.927],[76.7066,14.9311],[76.7132,14.9392],[76.7173,14.9585],[76.7169,14.9636],[76.7169,14.9688],[76.7161,14.9724],[76.7131,14.9737],[76.7099,14.9759],[76.7002,14.9774],[76.6979,14.978],[76.6881,14.9822],[76.6809,14.9921],[76.6791,14.9951],[76.6815,14.9961],[76.6807,14.9995],[76.6807,15.0023],[76.6799,15.0056],[76.6726,15.0129],[76.6722,15.0181],[76.6751,15.0211],[76.6757,15.0229],[76.6771,15.0238],[76.6819,15.0248],[76.6889,15.0233],[76.6861,15.0211],[76.6863,15.0185],[76.6937,15.0189],[76.7008,15.0162],[76.7042,15.0218],[76.7037,15.0242],[76.7025,15.0294],[76.703,15.031],[76.7058,15.0327],[76.71,15.0329],[76.7138,15.0338],[76.7175,15.0362],[76.7209,15.0343],[76.7237,15.0341],[76.7333,15.0307],[76.7359,15.0228],[76.7319,15.0163],[76.7282,15.0099],[76.7278,15.0015],[76.7281,14.9979],[76.7308,14.9945],[76.7322,14.9906],[76.7346,14.9868],[76.7363,14.9854],[76.743,14.9873],[76.7539,14.9842],[76.7573,14.9865],[76.7603,14.9894],[76.7665,14.9895],[76.7721,14.9906],[76.7754,14.9946],[76.7769,15.0002],[76.7786,15.0059],[76.7863,15.0066],[76.7895,15.0181],[76.7869,15.026],[76.786,15.0359],[76.7815,15.0426],[76.777,15.0529],[76.7739,15.0653],[76.7857,15.0805],[76.7942,15.0903],[76.8215,15.082],[76.8595,15.0633],[76.8634,15.0588],[76.8694,15.0531],[76.8746,15.0415],[76.8854,15.0343],[76.9174,15.0361],[76.94,15.0311],[76.9576,15.0247],[76.9634,15.0202],[76.9689,15.0172],[76.9824,15.0157],[76.988,15.0269],[76.9949,15.029],[76.9995,15.0305],[77.0031,15.0325],[77.0084,15.0337],[77.0201,15.0322],[77.03,15.0318],[77.0379,15.0313],[77.0491,15.033],[77.0491,15.0209],[77.0442,15.0092],[77.0527,15.0074],[77.0668,15.0056],[77.081,15.0056],[77.0829,15.0072],[77.0831,15.0128],[77.0845,15.018],[77.0841,15.0219],[77.0847,15.0278],[77.0897,15.0293],[77.0935,15.0345],[77.107,15.0339],[77.1139,15.0385],[77.1174,15.0454],[77.1201,15.0489],[77.1205,15.0533],[77.1236,15.0613],[77.1272,15.0701],[77.1288,15.0835],[77.1293,15.0886],[77.1299,15.0966],[77.1298,15.101],[77.1416,15.105],[77.1496,15.1113],[77.1551,15.1231],[77.1569,15.1315],[77.1565,15.1376],[77.1493,15.1401],[77.1384,15.1436],[77.1367,15.1481],[77.138,15.1539],[77.141,15.159],[77.1476,15.1584],[77.1512,15.1581],[77.1609,15.1578],[77.1627,15.1593],[77.1631,15.1629],[77.1641,15.1662],[77.1669,15.169],[77.1689,15.1746],[77.1667,15.1847],[77.1655,15.1903],[77.1625,15.1985],[77.1574,15.2054],[77.155,15.2127],[77.1515,15.2174],[77.1474,15.2247],[77.141,15.225],[77.1332,15.2262],[77.127,15.227],[77.1252,15.2305],[77.1277,15.2403],[77.1326,15.2418],[77.1377,15.2453],[77.1421,15.2511],[77.1478,15.2563],[77.1521,15.2563],[77.1589,15.2578],[77.164,15.2583],[77.1681,15.2603],[77.1679,15.2663],[77.16,15.2672],[77.1542,15.2711],[77.1475,15.2723],[77.1519,15.2781],[77.1516,15.286],[77.1455,15.2922],[77.1379,15.292],[77.1306,15.2934],[77.1221,15.2945],[77.1193,15.2941],[77.1181,15.2961],[77.1184,15.3011],[77.1183,15.3051],[77.1182,15.3086],[77.1187,15.3133],[77.1173,15.3157],[77.1171,15.3195],[77.1171,15.323],[77.1159,15.3257],[77.113,15.3286],[77.1125,15.3336],[77.1072,15.3337],[77.1013,15.3333],[77.0976,15.332],[77.0911,15.3303],[77.0873,15.3293],[77.0833,15.3282],[77.0786,15.327],[77.0757,15.326],[77.0741,15.3257],[77.0709,15.3264],[77.0673,15.327],[77.066,15.3342],[77.0639,15.3451],[77.0511,15.353],[77.0443,15.3778],[77.046,15.3908],[77.0346,15.3991],[77.0301,15.4095],[77.0329,15.4341],[77.0126,15.4477],[77.0038,15.4634],[77.0011,15.4688],[76.999,15.4736],[76.9948,15.4805],[76.9807,15.4875],[76.9752,15.4943],[76.976,15.5105],[76.9865,15.5085],[76.9966,15.5062],[77.0135,15.503],[77.0265,15.5014],[77.0311,15.5133],[77.0314,15.531],[77.0311,15.5388],[77.0302,15.5519],[77.0288,15.5638],[77.0262,15.5778],[77.0266,15.5844],[77.0282,15.5897],[77.0311,15.5988],[77.0321,15.6055],[77.0314,15.612],[77.0325,15.6199],[77.0305,15.6278],[77.0315,15.6351],[77.0371,15.6369],[77.048,15.6388],[77.0551,15.641],[77.0674,15.6446],[77.075,15.6492],[77.083,15.6588],[77.0878,15.6553],[77.093,15.6526],[77.0973,15.6496],[77.1017,15.646],[77.1059,15.6418],[77.1076,15.6399],[77.1088,15.6379],[77.1131,15.6346],[77.1204,15.6312],[77.1227,15.6365],[77.1234,15.6399],[77.1244,15.6447],[77.1256,15.6504],[77.1274,15.6587],[77.1262,15.6664],[77.1202,15.6676],[77.1211,15.6714],[77.1164,15.674],[77.113,15.6777],[77.1086,15.6818],[77.1014,15.6851],[77.0917,15.6916],[77.0835,15.6934],[77.0808,15.6976],[77.0842,15.7024],[77.0866,15.7101],[77.0815,15.7155],[77.0796,15.722],[77.0781,15.7276],[77.0716,15.7285],[77.0657,15.7289],[77.0601,15.7297],[77.0539,15.7302],[77.0492,15.73],[77.0492,15.7356],[77.0478,15.743],[77.0477,15.7466],[77.0476,15.75],[77.0475,15.7541],[77.0481,15.7562],[77.0551,15.7587],[77.0509,15.7647],[77.0568,15.7685],[77.0596,15.7819],[77.0657,15.7849],[77.0676,15.7942],[77.067,15.8002],[77.0642,15.8051],[77.0649,15.8124],[77.0653,15.8165],[77.0658,15.821],[77.0662,15.8246],[77.066,15.8274],[77.062,15.8303],[77.059,15.8305],[77.0539,15.8302],[77.0482,15.8279],[77.0412,15.8299],[77.0387,15.8324],[77.0376,15.83],[77.0341,15.8302],[77.0316,15.832],[77.0295,15.8342],[77.028,15.8361],[77.0233,15.8353],[77.0218,15.8311],[77.0121,15.8196],[76.9624,15.7734],[76.9567,15.7693],[76.9493,15.7652],[76.9447,15.7638],[76.9413,15.7624],[76.9389,15.7601],[76.9383,15.7582],[76.9381,15.7562],[76.9364,15.7539],[76.9351,15.7515],[76.9338,15.749],[76.9276,15.7352],[76.9263,15.7338],[76.9252,15.7325],[76.9241,15.7307],[76.9234,15.7287],[76.9226,15.7267],[76.9219,15.7243],[76.9211,15.7219],[76.9178,15.7107],[76.9128,15.6998],[76.9087,15.6935],[76.8955,15.6881],[76.8871,15.6844],[76.8807,15.6754],[76.8725,15.6663],[76.8661,15.6598],[76.863,15.6557],[76.859,15.6498],[76.8582,15.6442],[76.8488,15.6377],[76.8393,15.6292],[76.8326,15.6143],[76.8353,15.6016],[76.8317,15.5977],[76.8331,15.5913],[76.8336,15.5849],[76.8294,15.5701],[76.8236,15.5566],[76.8155,15.5511],[76.8113,15.5437],[76.8088,15.5362],[76.8068,15.529],[76.8094,15.5205],[76.8093,15.5135],[76.7993,15.5056],[76.79,15.4987],[76.7822,15.4933],[76.7647,15.4918],[76.75,15.4922],[76.7374,15.4914],[76.726,15.4929],[76.7139,15.49],[76.7073,15.4876],[76.7012,15.4836],[76.6961,15.4797],[76.6947,15.4766],[76.6919,15.475],[76.6889,15.4726],[76.6848,15.4692],[76.6818,15.4649],[76.6787,15.4592],[76.6779,15.4576],[76.6735,15.4526],[76.6619,15.4475],[76.6594,15.4491],[76.653,15.4473],[76.6476,15.445],[76.643,15.4443],[76.6385,15.4442],[76.6321,15.4444],[76.6176,15.444],[76.6064,15.4379],[76.597,15.427],[76.5945,15.4165],[76.5912,15.4123],[76.5871,15.41],[76.5797,15.4067],[76.5697,15.4018],[76.5615,15.3996],[76.5565,15.3977],[76.5526,15.3931],[76.5486,15.3866],[76.5412,15.3818],[76.544,15.3787],[76.5472,15.3752],[76.5538,15.3722],[76.5568,15.3692],[76.5579,15.3669],[76.5566,15.3656],[76.5534,15.3556],[76.5623,15.3473],[76.5671,15.3462],[76.5701,15.347],[76.5725,15.3474],[76.5752,15.3452],[76.5757,15.3478],[76.5784,15.3456],[76.5805,15.3409],[76.5841,15.3359],[76.5833,15.3337],[76.5868,15.3294],[76.5924,15.322],[76.5885,15.3179],[76.5823,15.3124],[76.5882,15.3103],[76.5944,15.3098],[76.5991,15.3114],[76.6018,15.3128],[76.6082,15.3141],[76.6132,15.3172],[76.6172,15.3158],[76.6185,15.3112],[76.6175,15.3029],[76.6146,15.3029],[76.6055,15.3053],[76.6065,15.3013],[76.5988,15.301],[76.5931,15.3005],[76.5874,15.2988],[76.5822,15.2913],[76.5918,15.2871],[76.5979,15.2858],[76.5924,15.2707],[76.5873,15.2619],[76.5865,15.2593],[76.607,15.2718],[76.617,15.2834],[76.617,15.2813],[76.635,15.2733],[76.6565,15.2647],[76.6411,15.2632],[76.6319,15.2585],[76.6357,15.252],[76.6422,15.2442],[76.626,15.2329],[76.6281,15.2282],[76.628,15.2279]]],[[[76.5687,15.3329],[76.5682,15.3307],[76.5687,15.3329]]]]}},{"type":"Feature","properties":{"name":"Chitradurga","district_name":"Chitradurga"},"geometry":{"type":"Polygon","coordinates":[[[76.8223,13.9994],[76.8304,14.0028],[76.8333,14.0032],[76.8351,14.0067],[76.8362,14.0112],[76.8364,14.0135],[76.8395,14.0183],[76.8476,14.0176],[76.8535,14.0167],[76.8571,14.0159],[76.8604,14.0146],[76.8612,14.0144],[76.8616,14.0144],[76.8644,14.0131],[76.8677,14.0116],[76.8711,14.01],[76.8738,14.0122],[76.8756,14.0155],[76.8759,14.0176],[76.876,14.019],[76.8794,14.0186],[76.8801,14.0203],[76.8806,14.024],[76.8821,14.0264],[76.8834,14.0306],[76.8844,14.0329],[76.8853,14.035],[76.886,14.037],[76.8868,14.0401],[76.8868,14.0434],[76.887,14.0466],[76.8938,14.0528],[76.8981,14.0567],[76.9003,14.0582],[76.9032,14.0602],[76.9068,14.0623],[76.91,14.0636],[76.9167,14.0608],[76.9198,14.0579],[76.9228,14.0566],[76.9235,14.061],[76.9243,14.0665],[76.9251,14.0698],[76.9269,14.0751],[76.9304,14.0794],[76.9344,14.083],[76.9379,14.0853],[76.9421,14.0885],[76.9461,14.0909],[76.9485,14.0921],[76.9501,14.109],[76.9437,14.1207],[76.9265,14.1351],[76.9122,14.1289],[76.8988,14.1353],[76.8949,14.1355],[76.8895,14.1356],[76.8891,14.1399],[76.8924,14.1566],[76.8929,14.1625],[76.9068,14.1679],[76.926,14.1707],[76.9414,14.1732],[76.9426,14.1801],[76.9448,14.1858],[76.9429,14.1892],[76.9428,14.1908],[76.9467,14.198],[76.9554,14.1892],[76.959,14.1858],[76.9607,14.1827],[76.969,14.1824],[76.9813,14.1787],[76.9872,14.1796],[76.9947,14.1788],[77.0044,14.1838],[77.0169,14.179],[77.0232,14.1795],[77.0238,14.1838],[77.0237,14.187],[77.0189,14.1905],[77.0098,14.1948],[77.0025,14.1989],[77.004,14.203],[77.0054,14.2058],[77.0059,14.2076],[77.0059,14.209],[77.0062,14.2104],[77.0063,14.215],[77.0063,14.2176],[77.006,14.2203],[77.0046,14.2206],[77.0028,14.2211],[77.0027,14.2217],[77.0007,14.2225],[77.0013,14.2247],[76.9992,14.2273],[77.0008,14.2294],[77.0038,14.231],[77.0054,14.2334],[77.0056,14.2358],[76.9909,14.2436],[76.9848,14.2474],[76.9565,14.2441],[76.9393,14.2462],[76.9385,14.2488],[76.938,14.251],[76.9374,14.2538],[76.9367,14.2565],[76.9355,14.2596],[76.9337,14.2626],[76.9313,14.2658],[76.9282,14.2695],[76.9248,14.2736],[76.9259,14.3151],[76.9205,14.3175],[76.9162,14.3193],[76.9119,14.3212],[76.9063,14.3232],[76.8997,14.3282],[76.8954,14.3351],[76.89,14.3426],[76.8856,14.3472],[76.8883,14.3769],[76.8901,14.396],[76.9087,14.414],[76.9229,14.4161],[76.9343,14.4086],[76.9427,14.3997],[76.9472,14.41],[76.9463,14.4259],[76.9463,14.4327],[76.9459,14.4447],[76.9463,14.4527],[76.9653,14.457],[76.9739,14.4727],[76.96,14.4866],[76.9418,14.4892],[76.927,14.4905],[76.9164,14.4902],[76.9053,14.4897],[76.8838,14.4793],[76.87,14.4747],[76.8641,14.4851],[76.8609,14.4972],[76.8569,14.5059],[76.8559,14.5087],[76.8459,14.5162],[76.8343,14.5214],[76.8307,14.5294],[76.8208,14.5296],[76.8044,14.5378],[76.7975,14.5492],[76.7912,14.5558],[76.7896,14.5619],[76.784,14.5781],[76.7826,14.591],[76.7725,14.5983],[76.7671,14.6191],[76.7726,14.6404],[76.7708,14.6753],[76.7864,14.6993],[76.7863,14.7053],[76.7882,14.7182],[76.7893,14.7704],[76.789,14.787],[76.8187,14.7927],[76.8327,14.7911],[76.8369,14.8028],[76.8483,14.8092],[76.849,14.8217],[76.8486,14.8415],[76.855,14.8474],[76.8546,14.8518],[76.8566,14.8651],[76.8525,14.8872],[76.8473,14.8963],[76.8521,14.8958],[76.8641,14.8992],[76.867,14.9208],[76.8697,14.938],[76.8676,14.9526],[76.8591,14.9692],[76.834,14.9568],[76.818,14.9692],[76.809,14.9693],[76.8008,14.9683],[76.7932,14.9695],[76.7904,14.9704],[76.7686,14.9747],[76.7664,14.9761],[76.7592,14.9885],[76.7558,14.9855],[76.7502,14.986],[76.7398,14.9868],[76.7343,14.9854],[76.7333,14.9872],[76.7314,14.9931],[76.7296,14.9963],[76.7285,15.0001],[76.728,15.0082],[76.7293,15.0117],[76.7342,15.0196],[76.7349,15.0268],[76.7327,15.032],[76.7232,15.0344],[76.7203,15.0342],[76.7152,15.0353],[76.7126,15.0332],[76.7079,15.0332],[76.7038,15.0331],[76.7027,15.0299],[76.7027,15.0272],[76.7039,15.0232],[76.7043,15.0213],[76.6962,15.018],[76.6931,15.0191],[76.6859,15.0189],[76.6861,15.022],[76.6884,15.0245],[76.6796,15.0248],[76.677,15.0237],[76.6757,15.0226],[76.6733,15.0199],[76.6724,15.0172],[76.6736,15.012],[76.6801,15.0052],[76.6809,15.0013],[76.6817,14.9983],[76.6795,14.996],[76.6798,14.9945],[76.6815,14.9908],[76.6882,14.9807],[76.6982,14.978],[76.7015,14.9774],[76.7118,14.9752],[76.7136,14.9733],[76.7162,14.9719],[76.7171,14.9673],[76.7167,14.9632],[76.7172,14.952],[76.7061,14.9426],[76.7022,14.9302],[76.6913,14.9289],[76.6705,14.9402],[76.6633,14.9415],[76.6597,14.9408],[76.6607,14.9366],[76.6616,14.9328],[76.6626,14.9283],[76.6648,14.9211],[76.6715,14.9137],[76.6775,14.91],[76.6773,14.8971],[76.6777,14.8924],[76.6981,14.8884],[76.7006,14.8861],[76.7036,14.8815],[76.708,14.8744],[76.7113,14.8692],[76.7134,14.8653],[76.7137,14.863],[76.7138,14.8606],[76.7141,14.8575],[76.7144,14.8554],[76.7149,14.8532],[76.7124,14.8423],[76.7195,14.8326],[76.7308,14.8287],[76.7352,14.8271],[76.7404,14.8256],[76.7414,14.8219],[76.7412,14.8196],[76.7411,14.8185],[76.7402,14.8178],[76.74,14.8152],[76.7359,14.8154],[76.7346,14.8132],[76.7308,14.8144],[76.7269,14.8154],[76.7242,14.8162],[76.7205,14.8171],[76.7166,14.8176],[76.7127,14.8174],[76.7084,14.8171],[76.7046,14.8173],[76.6985,14.815],[76.691,14.812],[76.6847,14.8091],[76.6817,14.8071],[76.6795,14.8026],[76.6775,14.7986],[76.6755,14.7943],[76.6687,14.7917],[76.6706,14.7906],[76.6735,14.7887],[76.6733,14.787],[76.6719,14.7866],[76.6692,14.7858],[76.6672,14.7818],[76.6663,14.7797],[76.6663,14.7765],[76.6652,14.7742],[76.6611,14.7723],[76.6599,14.7691],[76.659,14.7656],[76.6561,14.7599],[76.6554,14.7576],[76.6552,14.757],[76.6517,14.7575],[76.6487,14.7554],[76.6505,14.7505],[76.6511,14.7447],[76.6494,14.7396],[76.6499,14.738],[76.6498,14.734],[76.647,14.7299],[76.6507,14.7273],[76.6494,14.7234],[76.6484,14.7226],[76.6473,14.7193],[76.6444,14.7155],[76.6415,14.7123],[76.6369,14.7096],[76.6357,14.7063],[76.636,14.7038],[76.633,14.7028],[76.6299,14.7007],[76.6238,14.7016],[76.6219,14.6986],[76.6187,14.6956],[76.617,14.6925],[76.6126,14.6898],[76.6079,14.687],[76.609,14.6828],[76.6101,14.6801],[76.6104,14.6761],[76.6109,14.6717],[76.6061,14.6688],[76.6003,14.6697],[76.5982,14.6693],[76.5964,14.6614],[76.5988,14.6552],[76.5996,14.6523],[76.605,14.6508],[76.6098,14.6495],[76.6115,14.6468],[76.6095,14.6434],[76.6062,14.6381],[76.6042,14.635],[76.6,14.6321],[76.5983,14.6284],[76.6002,14.6244],[76.6007,14.6211],[76.5923,14.6196],[76.5862,14.6182],[76.5846,14.6156],[76.5831,14.6137],[76.5817,14.6121],[76.5793,14.6105],[76.5769,14.607],[76.5739,14.6011],[76.5734,14.5977],[76.5714,14.5943],[76.5687,14.5914],[76.5671,14.5867],[76.5583,14.5837],[76.555,14.5807],[76.5529,14.5801],[76.5506,14.5785],[76.5497,14.5754],[76.5449,14.5719],[76.5299,14.5611],[76.5234,14.562],[76.5105,14.5603],[76.5152,14.5511],[76.5165,14.5495],[76.5241,14.5524],[76.5331,14.5433],[76.5279,14.5336],[76.5133,14.5226],[76.5078,14.5161],[76.5057,14.5151],[76.501,14.5137],[76.494,14.5116],[76.4906,14.5098],[76.4872,14.5073],[76.4854,14.5057],[76.4816,14.505],[76.4743,14.503],[76.4698,14.5033],[76.4647,14.5047],[76.4609,14.5038],[76.4601,14.4994],[76.4596,14.4954],[76.4578,14.4909],[76.4572,14.4875],[76.4571,14.4836],[76.4572,14.48],[76.4566,14.4752],[76.4553,14.4703],[76.4561,14.4641],[76.4598,14.4535],[76.4596,14.4502],[76.4509,14.4495],[76.4448,14.4485],[76.4399,14.4478],[76.4365,14.4473],[76.4334,14.4475],[76.4317,14.4479],[76.4303,14.4482],[76.4292,14.4485],[76.4271,14.449],[76.4255,14.4493],[76.4239,14.4494],[76.4238,14.4478],[76.424,14.4441],[76.4242,14.4426],[76.4242,14.4408],[76.4241,14.4383],[76.4213,14.4383],[76.4146,14.4393],[76.4122,14.4382],[76.4109,14.4377],[76.4095,14.4369],[76.4077,14.4361],[76.4047,14.4363],[76.4013,14.4365],[76.3981,14.4363],[76.3959,14.4347],[76.3961,14.4329],[76.3944,14.4301],[76.393,14.43],[76.3935,14.4279],[76.3913,14.4275],[76.3896,14.4275],[76.3877,14.4272],[76.3851,14.4273],[76.3833,14.4263],[76.3845,14.423],[76.3839,14.4192],[76.3782,14.4177],[76.3762,14.4179],[76.3689,14.42],[76.3604,14.4196],[76.3533,14.4189],[76.3468,14.4166],[76.3383,14.4191],[76.3314,14.4089],[76.3253,14.4085],[76.3196,14.4084],[76.3168,14.4081],[76.3138,14.4083],[76.3079,14.4088],[76.3029,14.4088],[76.2992,14.4088],[76.295,14.4087],[76.2925,14.4086],[76.289,14.4076],[76.2861,14.4068],[76.2829,14.4051],[76.2778,14.4071],[76.2736,14.4095],[76.2734,14.4103],[76.2732,14.4115],[76.2732,14.4136],[76.2718,14.4151],[76.2717,14.4161],[76.2716,14.4171],[76.2713,14.4185],[76.2711,14.4188],[76.271,14.4193],[76.2707,14.42],[76.2701,14.4208],[76.269,14.4216],[76.2664,14.4231],[76.2642,14.425],[76.2645,14.4283],[76.2641,14.4354],[76.2604,14.444],[76.2529,14.4435],[76.2424,14.4479],[76.238,14.4503],[76.227,14.4459],[76.2194,14.4422],[76.2159,14.4456],[76.2119,14.4504],[76.2089,14.4554],[76.2082,14.4564],[76.2075,14.4567],[76.2059,14.4575],[76.2037,14.4585],[76.1988,14.4593],[76.1936,14.4596],[76.1895,14.4599],[76.1847,14.4606],[76.1837,14.4608],[76.1787,14.4617],[76.1742,14.4621],[76.1729,14.4569],[76.173,14.4526],[76.1733,14.4499],[76.1737,14.448],[76.1708,14.4475],[76.1665,14.4462],[76.1635,14.4451],[76.1593,14.4424],[76.1541,14.4385],[76.1504,14.4355],[76.1427,14.4305],[76.1415,14.4186],[76.1428,14.4113],[76.1507,14.4022],[76.1535,14.3928],[76.1538,14.3844],[76.1553,14.3777],[76.1507,14.3762],[76.151,14.371],[76.1511,14.3687],[76.1511,14.366],[76.1537,14.3633],[76.1554,14.3589],[76.1557,14.3567],[76.1556,14.3527],[76.1551,14.3505],[76.1556,14.3482],[76.1573,14.3366],[76.1583,14.3316],[76.1585,14.3287],[76.1575,14.326],[76.1567,14.3239],[76.1571,14.3211],[76.1552,14.3194],[76.1527,14.3184],[76.151,14.3192],[76.1485,14.3204],[76.1413,14.3217],[76.1355,14.3223],[76.1258,14.3233],[76.119,14.3238],[76.1154,14.3225],[76.1142,14.3214],[76.1116,14.3191],[76.1093,14.3153],[76.1088,14.3128],[76.1062,14.3109],[76.1063,14.3085],[76.1097,14.3019],[76.1164,14.2987],[76.1197,14.2927],[76.121,14.2885],[76.1173,14.2784],[76.1251,14.2824],[76.1301,14.2792],[76.1302,14.2728],[76.1323,14.2666],[76.1339,14.2641],[76.1315,14.2556],[76.1214,14.2521],[76.1177,14.2514],[76.1153,14.2511],[76.1104,14.2504],[76.108,14.25],[76.1045,14.2496],[76.1028,14.2495],[76.0998,14.249],[76.0991,14.249],[76.0961,14.2492],[76.0924,14.249],[76.0883,14.2488],[76.0854,14.2482],[76.0841,14.2478],[76.081,14.2475],[76.0795,14.2453],[76.0778,14.2427],[76.0775,14.2396],[76.0773,14.2378],[76.0762,14.2344],[76.0755,14.2325],[76.0739,14.2297],[76.0733,14.2281],[76.0677,14.2252],[76.061,14.2224],[76.0645,14.2136],[76.065,14.2097],[76.0656,14.2064],[76.0635,14.2055],[76.062,14.2035],[76.0597,14.2024],[76.0572,14.2006],[76.0567,14.1989],[76.0565,14.197],[76.0565,14.1965],[76.0564,14.196],[76.0564,14.1937],[76.0567,14.1895],[76.057,14.1864],[76.0573,14.1836],[76.0573,14.1813],[76.0608,14.1814],[76.0662,14.1814],[76.0656,14.1752],[76.0635,14.1677],[76.0637,14.1599],[76.0547,14.1574],[76.0495,14.1562],[76.0461,14.1541],[76.0466,14.1508],[76.0466,14.1496],[76.0442,14.1443],[76.0403,14.1433],[76.0379,14.1394],[76.0371,14.1379],[76.0358,14.1358],[76.0327,14.1343],[76.0329,14.1323],[76.0333,14.1277],[76.0335,14.125],[76.0321,14.1233],[76.0325,14.12],[76.0298,14.1205],[76.0278,14.1186],[76.0268,14.1164],[76.0255,14.1108],[76.0258,14.1023],[76.0255,14.1004],[76.0325,14.1],[76.0329,14.0957],[76.0363,14.0905],[76.0397,14.0934],[76.0498,14.0947],[76.0543,14.09],[76.0546,14.0882],[76.0544,14.0857],[76.0539,14.0787],[76.0553,14.0734],[76.0545,14.0682],[76.054,14.0644],[76.054,14.0625],[76.0531,14.0613],[76.0513,14.0565],[76.0498,14.054],[76.0495,14.0518],[76.0492,14.0493],[76.0485,14.0449],[76.0483,14.038],[76.0512,14.0339],[76.0503,14.0264],[76.0494,14.0219],[76.0486,14.0169],[76.0458,14.0127],[76.0449,14.0043],[76.0436,13.9948],[76.0431,13.9903],[76.0447,13.9858],[76.0498,13.9835],[76.0508,13.98],[76.0589,13.9801],[76.0674,13.9814],[76.0724,13.982],[76.0718,13.9778],[76.0702,13.9712],[76.069,13.9639],[76.0687,13.9592],[76.0686,13.9546],[76.0687,13.9532],[76.069,13.9509],[76.0679,13.9466],[76.0666,13.9433],[76.064,13.9413],[76.0592,13.9411],[76.0556,13.941],[76.055,13.941],[76.0548,13.941],[76.0524,13.9409],[76.047,13.9408],[76.0451,13.9418],[76.0387,13.9314],[76.0291,13.9161],[76.0334,13.8977],[76.0492,13.8959],[76.0537,13.8795],[76.0637,13.8792],[76.0704,13.8791],[76.0775,13.8785],[76.0806,13.877],[76.085,13.875],[76.0893,13.8703],[76.0919,13.8667],[76.0996,13.8643],[76.1021,13.8549],[76.1026,13.85],[76.1034,13.844],[76.1035,13.8415],[76.1036,13.8403],[76.1039,13.8379],[76.1058,13.8345],[76.1071,13.8322],[76.1068,13.8293],[76.1081,13.8274],[76.1093,13.8257],[76.1098,13.8245],[76.1109,13.8219],[76.1118,13.8209],[76.1138,13.8185],[76.1153,13.8149],[76.1205,13.8124],[76.1268,13.8129],[76.1297,13.8134],[76.1301,13.8105],[76.1302,13.8082],[76.1303,13.8055],[76.132,13.8002],[76.1327,13.7934],[76.1328,13.7895],[76.1335,13.7854],[76.1338,13.7849],[76.1349,13.7818],[76.1368,13.777],[76.1384,13.7732],[76.1385,13.7731],[76.1385,13.773],[76.1386,13.7729],[76.1386,13.7729],[76.1386,13.7727],[76.1387,13.7726],[76.139,13.772],[76.1395,13.7707],[76.1405,13.7684],[76.1423,13.7644],[76.1423,13.7642],[76.1426,13.7636],[76.1435,13.7612],[76.1446,13.7586],[76.1461,13.755],[76.1478,13.7504],[76.1478,13.7496],[76.1477,13.7483],[76.1477,13.7482],[76.1477,13.7472],[76.1476,13.7462],[76.1475,13.7449],[76.1475,13.7443],[76.1475,13.7438],[76.1481,13.7395],[76.1489,13.7329],[76.1523,13.7319],[76.1596,13.7306],[76.1677,13.7286],[76.17,13.7267],[76.1706,13.7254],[76.1709,13.7246],[76.1711,13.7232],[76.1713,13.7218],[76.1717,13.7197],[76.1745,13.7185],[76.1783,13.717],[76.184,13.716],[76.1907,13.7133],[76.1946,13.712],[76.1963,13.7122],[76.1978,13.7118],[76.2028,13.7121],[76.2073,13.7123],[76.2106,13.7119],[76.2133,13.7115],[76.2141,13.7115],[76.2152,13.7113],[76.2165,13.711],[76.2179,13.7107],[76.2196,13.7103],[76.2199,13.7065],[76.2201,13.7049],[76.2204,13.7017],[76.2206,13.6999],[76.2207,13.6985],[76.2208,13.6972],[76.2208,13.6946],[76.2208,13.6925],[76.2208,13.6913],[76.2208,13.6904],[76.221,13.6889],[76.2211,13.687],[76.2211,13.6843],[76.2233,13.6826],[76.2313,13.6813],[76.2325,13.6782],[76.2362,13.6765],[76.2397,13.6724],[76.241,13.6695],[76.2418,13.6676],[76.2461,13.6655],[76.2534,13.6629],[76.2565,13.66],[76.258,13.6583],[76.2595,13.6565],[76.26,13.656],[76.2608,13.655],[76.2617,13.654],[76.2628,13.6527],[76.263,13.6509],[76.2631,13.6495],[76.2671,13.649],[76.2719,13.6488],[76.2757,13.6489],[76.2803,13.649],[76.2821,13.6487],[76.2838,13.6479],[76.2851,13.6475],[76.2866,13.6474],[76.2866,13.6467],[76.286,13.6449],[76.2856,13.6424],[76.2838,13.6404],[76.2827,13.6375],[76.2799,13.6362],[76.2811,13.6324],[76.2806,13.6308],[76.2791,13.6269],[76.2795,13.6238],[76.2789,13.623],[76.2756,13.6204],[76.2762,13.6142],[76.2737,13.6089],[76.2745,13.6044],[76.277,13.6048],[76.2786,13.6071],[76.2818,13.6064],[76.2824,13.6044],[76.2844,13.6008],[76.2878,13.5952],[76.2903,13.5956],[76.292,13.5948],[76.2926,13.5935],[76.2934,13.5921],[76.2924,13.5904],[76.297,13.5902],[76.2984,13.59],[76.2998,13.5892],[76.3033,13.5889],[76.3045,13.5892],[76.3067,13.5913],[76.3091,13.5917],[76.3099,13.5918],[76.3105,13.5919],[76.3136,13.5924],[76.3175,13.5931],[76.3217,13.5938],[76.3247,13.594],[76.3317,13.5952],[76.3391,13.5827],[76.3399,13.5784],[76.3436,13.5762],[76.3535,13.5801],[76.3587,13.583],[76.3628,13.5864],[76.3693,13.5906],[76.3729,13.5921],[76.3757,13.5911],[76.3785,13.5892],[76.3795,13.5857],[76.3808,13.581],[76.3814,13.5778],[76.3843,13.5798],[76.3856,13.5809],[76.3877,13.5836],[76.3907,13.5877],[76.3926,13.5906],[76.3952,13.5904],[76.3973,13.5906],[76.3979,13.591],[76.3981,13.5945],[76.3995,13.5947],[76.3998,13.5939],[76.4031,13.592],[76.4055,13.5893],[76.4066,13.5869],[76.4079,13.5847],[76.4108,13.5794],[76.4152,13.5785],[76.4175,13.5785],[76.421,13.5794],[76.4242,13.5811],[76.4265,13.5864],[76.4293,13.5924],[76.4343,13.5939],[76.4361,13.5938],[76.4377,13.5934],[76.4386,13.5935],[76.4394,13.5941],[76.4407,13.594],[76.4426,13.5933],[76.4453,13.5926],[76.4474,13.5915],[76.4523,13.591],[76.4544,13.5909],[76.4551,13.5945],[76.4571,13.5968],[76.4593,13.5991],[76.4584,13.6027],[76.4568,13.6045],[76.4563,13.6104],[76.4562,13.6132],[76.458,13.6156],[76.4598,13.6183],[76.4611,13.6202],[76.4656,13.6201],[76.4688,13.6204],[76.4743,13.6209],[76.4799,13.6221],[76.489,13.6229],[76.4993,13.6227],[76.497,13.6285],[76.5066,13.6307],[76.5141,13.6334],[76.5176,13.6364],[76.5191,13.6418],[76.5345,13.6507],[76.5302,13.6592],[76.5297,13.6673],[76.5405,13.6639],[76.5458,13.6708],[76.5498,13.6773],[76.5533,13.6803],[76.5543,13.6821],[76.5574,13.6832],[76.5608,13.6839],[76.5627,13.6841],[76.568,13.6882],[76.5738,13.6869],[76.5764,13.6932],[76.5737,13.7113],[76.586,13.7188],[76.5935,13.72],[76.5966,13.7207],[76.5984,13.724],[76.6013,13.7253],[76.6049,13.7247],[76.6148,13.7272],[76.618,13.7325],[76.6244,13.7339],[76.6255,13.7312],[76.6283,13.7206],[76.632,13.7136],[76.6359,13.7141],[76.6387,13.7145],[76.6473,13.717],[76.6507,13.7178],[76.6589,13.7202],[76.6689,13.7196],[76.6728,13.7132],[76.6841,13.7028],[76.6921,13.7057],[76.6921,13.7259],[76.6921,13.7264],[76.6892,13.7288],[76.6878,13.746],[76.6896,13.7486],[76.6923,13.7532],[76.6962,13.7584],[76.6974,13.7679],[76.7056,13.7753],[76.7074,13.7805],[76.711,13.7841],[76.7148,13.7871],[76.7173,13.7954],[76.7241,13.7997],[76.7279,13.7969],[76.7277,13.7913],[76.7295,13.7891],[76.7299,13.7867],[76.7303,13.7845],[76.7327,13.7842],[76.7356,13.7841],[76.7376,13.7838],[76.7389,13.7837],[76.7402,13.7836],[76.7425,13.7835],[76.7445,13.7836],[76.7477,13.7835],[76.7496,13.7834],[76.7517,13.7832],[76.756,13.7829],[76.7592,13.7816],[76.7609,13.7817],[76.7621,13.7819],[76.7647,13.7824],[76.7657,13.7865],[76.7671,13.7922],[76.7693,13.7962],[76.7691,13.8026],[76.7672,13.8093],[76.7656,13.8138],[76.7646,13.819],[76.7661,13.8284],[76.7632,13.8346],[76.7548,13.8452],[76.7507,13.8522],[76.7442,13.8599],[76.7407,13.865],[76.7373,13.868],[76.7355,13.8709],[76.7352,13.8739],[76.7345,13.8753],[76.7339,13.8766],[76.7329,13.8781],[76.7319,13.88],[76.7309,13.881],[76.7288,13.8814],[76.7265,13.8851],[76.7249,13.8873],[76.7222,13.8924],[76.7216,13.8962],[76.7231,13.8988],[76.7278,13.9003],[76.7305,13.9012],[76.7318,13.9017],[76.7333,13.9023],[76.7352,13.903],[76.7362,13.9034],[76.7394,13.9041],[76.7441,13.9053],[76.747,13.906],[76.7527,13.907],[76.7511,13.9123],[76.75,13.9164],[76.7526,13.9195],[76.7553,13.9199],[76.7603,13.9212],[76.7642,13.9238],[76.7662,13.924],[76.769,13.924],[76.7712,13.924],[76.7765,13.9245],[76.7819,13.9237],[76.7852,13.9226],[76.7881,13.9218],[76.7908,13.9213],[76.7922,13.9208],[76.795,13.9193],[76.7972,13.9184],[76.7992,13.9171],[76.8014,13.9161],[76.8045,13.9157],[76.808,13.9152],[76.8106,13.9149],[76.8134,13.9153],[76.815,13.9186],[76.8143,13.9238],[76.814,13.9263],[76.8138,13.9302],[76.8139,13.9328],[76.8146,13.9364],[76.819,13.9369],[76.8208,13.9401],[76.8224,13.9503],[76.8302,13.9539],[76.8356,13.9583],[76.842,13.9625],[76.8494,13.9653],[76.8483,13.9696],[76.8485,13.9759],[76.8481,13.9811],[76.8438,13.9834],[76.8423,13.9843],[76.8409,13.9853],[76.8388,13.9872],[76.8361,13.9883],[76.8339,13.9893],[76.8314,13.9896],[76.8278,13.991],[76.8251,13.9928],[76.8233,13.9958],[76.8223,13.9994]]]}},{"type":"Feature","properties":{"name":"Davanagere","district_name":"Davanagere"},"geometry":{"type":"Polygon","coordinates":[[[76.4561,14.4726],[76.4571,14.4785],[76.4572,14.4815],[76.4571,14.4852],[76.4573,14.4895],[76.4591,14.4943],[76.46,14.498],[76.4607,14.5027],[76.4612,14.5048],[76.4692,14.5038],[76.4723,14.5022],[76.4783,14.5043],[76.4845,14.505],[76.4865,14.5067],[76.4884,14.5083],[76.4918,14.5105],[76.4974,14.5126],[76.5038,14.5146],[76.507,14.5157],[76.5084,14.5165],[76.5198,14.5239],[76.5329,14.5386],[76.5247,14.5514],[76.5238,14.5527],[76.516,14.5501],[76.5133,14.5539],[76.5053,14.5657],[76.4959,14.5679],[76.4888,14.5692],[76.4824,14.5707],[76.4728,14.5728],[76.4671,14.5736],[76.4644,14.574],[76.4588,14.5769],[76.4524,14.5783],[76.4398,14.5802],[76.4305,14.5808],[76.4247,14.5851],[76.4283,14.5903],[76.4297,14.5959],[76.4306,14.6003],[76.432,14.6043],[76.4318,14.6113],[76.4329,14.618],[76.4265,14.6213],[76.4214,14.6247],[76.4157,14.6227],[76.407,14.6237],[76.4017,14.6268],[76.3973,14.6271],[76.3929,14.6287],[76.392,14.6359],[76.3913,14.6407],[76.3904,14.6463],[76.3821,14.6477],[76.3751,14.6477],[76.3755,14.6553],[76.3744,14.6637],[76.3683,14.6641],[76.3617,14.665],[76.3548,14.6653],[76.3503,14.6655],[76.3437,14.6657],[76.3405,14.6742],[76.3388,14.6817],[76.3346,14.6878],[76.3296,14.689],[76.3249,14.6912],[76.318,14.6925],[76.3119,14.6873],[76.309,14.6882],[76.3046,14.6894],[76.301,14.6897],[76.2985,14.6883],[76.2961,14.6878],[76.2943,14.6873],[76.2928,14.6866],[76.2905,14.6856],[76.2874,14.6856],[76.2833,14.6855],[76.2784,14.6856],[76.275,14.6874],[76.2731,14.69],[76.2725,14.6937],[76.272,14.6957],[76.2648,14.6964],[76.2627,14.6964],[76.2596,14.6964],[76.2575,14.697],[76.257,14.7],[76.2528,14.6995],[76.2502,14.6986],[76.2487,14.6973],[76.2475,14.6958],[76.246,14.6932],[76.2451,14.6911],[76.2442,14.6889],[76.2436,14.687],[76.2427,14.685],[76.2411,14.6824],[76.2401,14.6804],[76.2391,14.6777],[76.2383,14.6743],[76.2372,14.6715],[76.2361,14.6685],[76.2356,14.6661],[76.2348,14.6628],[76.234,14.6603],[76.2331,14.6569],[76.2324,14.6533],[76.232,14.651],[76.2304,14.6493],[76.2272,14.6521],[76.2236,14.6552],[76.2202,14.6583],[76.2161,14.6635],[76.2124,14.6681],[76.2095,14.6714],[76.2051,14.6772],[76.2,14.68],[76.198,14.6804],[76.1935,14.6814],[76.193,14.6869],[76.1927,14.6914],[76.193,14.6939],[76.1935,14.6978],[76.1863,14.6994],[76.1774,14.702],[76.161,14.7032],[76.1553,14.7041],[76.1453,14.7052],[76.1428,14.703],[76.1396,14.7007],[76.1404,14.7029],[76.1331,14.7006],[76.128,14.7001],[76.1232,14.7],[76.1142,14.6934],[76.1095,14.6865],[76.1126,14.6807],[76.1097,14.6741],[76.1089,14.6713],[76.1091,14.6699],[76.1086,14.6673],[76.1084,14.6629],[76.1079,14.6607],[76.1134,14.6592],[76.1141,14.6573],[76.1183,14.6566],[76.1227,14.6504],[76.1293,14.6494],[76.1297,14.6449],[76.1297,14.6413],[76.1296,14.6382],[76.1306,14.6329],[76.1367,14.6296],[76.1404,14.6294],[76.1416,14.6264],[76.1445,14.6246],[76.1458,14.6168],[76.1401,14.6143],[76.1402,14.6069],[76.1394,14.6056],[76.1393,14.602],[76.1358,14.5966],[76.131,14.5937],[76.1315,14.5864],[76.1299,14.5841],[76.1274,14.5756],[76.1152,14.5657],[76.1203,14.5623],[76.1264,14.5538],[76.1307,14.5431],[76.1334,14.54],[76.1284,14.5335],[76.13,14.531],[76.1288,14.5272],[76.1229,14.5269],[76.1118,14.525],[76.1011,14.5238],[76.0903,14.5191],[76.0858,14.5145],[76.0711,14.5122],[76.0585,14.5082],[76.0541,14.506],[76.0511,14.5104],[76.0378,14.5194],[76.0366,14.5211],[76.034,14.5218],[76.0315,14.5218],[76.0299,14.5216],[76.0277,14.5244],[76.0232,14.5224],[76.0131,14.5206],[76.0073,14.5182],[76.0009,14.5179],[75.9926,14.5181],[75.9844,14.519],[75.9748,14.5198],[75.9691,14.5197],[75.9573,14.5211],[75.95,14.5226],[75.9477,14.528],[75.9445,14.5342],[75.9427,14.5411],[75.9422,14.5453],[75.9421,14.551],[75.941,14.5558],[75.9358,14.5607],[75.9286,14.5617],[75.9178,14.5639],[75.9105,14.5644],[75.911,14.5687],[75.9087,14.5742],[75.9014,14.576],[75.8883,14.5855],[75.8782,14.5918],[75.8683,14.594],[75.8664,14.6055],[75.867,14.6111],[75.8661,14.6162],[75.8647,14.6144],[75.8625,14.6146],[75.8591,14.6132],[75.8582,14.6087],[75.8551,14.6075],[75.8522,14.6086],[75.8485,14.6086],[75.8468,14.6075],[75.8463,14.6071],[75.8453,14.6072],[75.8446,14.6072],[75.8438,14.6069],[75.8414,14.6049],[75.8392,14.6073],[75.8355,14.6069],[75.8321,14.6074],[75.8307,14.6107],[75.8308,14.6162],[75.8357,14.6337],[75.8308,14.635],[75.8253,14.6322],[75.822,14.6329],[75.8197,14.6343],[75.8172,14.6357],[75.8105,14.6238],[75.8066,14.6134],[75.8054,14.6074],[75.8043,14.6015],[75.8056,14.595],[75.8095,14.5897],[75.8123,14.5848],[75.8177,14.5738],[75.8196,14.566],[75.8166,14.5599],[75.8086,14.5509],[75.805,14.5478],[75.7978,14.5339],[75.7982,14.5215],[75.7987,14.5185],[75.7922,14.5107],[75.782,14.5161],[75.7692,14.5182],[75.7648,14.5175],[75.7634,14.5171],[75.7512,14.511],[75.7453,14.5045],[75.7421,14.5011],[75.7335,14.4929],[75.726,14.4813],[75.7148,14.4729],[75.7058,14.4817],[75.6975,14.4932],[75.6859,14.4894],[75.6824,14.4842],[75.6616,14.452],[75.6605,14.4538],[75.6611,14.4572],[75.6612,14.4601],[75.6592,14.4595],[75.6576,14.4604],[75.6563,14.4617],[75.6543,14.4631],[75.6537,14.4635],[75.653,14.4636],[75.6507,14.4641],[75.6485,14.4644],[75.6463,14.4648],[75.6436,14.4653],[75.6382,14.4662],[75.6363,14.4655],[75.6346,14.4598],[75.6336,14.4567],[75.6323,14.4526],[75.6313,14.4489],[75.6307,14.4459],[75.6321,14.4444],[75.6333,14.4431],[75.6351,14.4429],[75.6354,14.4419],[75.6369,14.4399],[75.6354,14.4379],[75.6356,14.4373],[75.6358,14.4359],[75.6346,14.4339],[75.6357,14.4324],[75.6409,14.4316],[75.643,14.4278],[75.6404,14.4118],[75.6386,14.4051],[75.6383,14.4033],[75.6379,14.4017],[75.6374,14.3981],[75.6368,14.3956],[75.6361,14.3929],[75.6352,14.3899],[75.6338,14.3871],[75.6286,14.3743],[75.624,14.3597],[75.6235,14.3576],[75.6232,14.3551],[75.6226,14.348],[75.6229,14.3424],[75.6273,14.3313],[75.6312,14.328],[75.6347,14.3164],[75.6318,14.3148],[75.6257,14.3151],[75.6207,14.3151],[75.6107,14.3152],[75.61,14.3125],[75.6099,14.3108],[75.6096,14.3087],[75.6082,14.3051],[75.6067,14.3009],[75.6044,14.2951],[75.5994,14.2911],[75.5874,14.2888],[75.5864,14.2849],[75.5848,14.2822],[75.5832,14.2791],[75.5808,14.2774],[75.5743,14.2764],[75.5654,14.2766],[75.5599,14.2765],[75.549,14.2739],[75.5438,14.2764],[75.5369,14.2777],[75.53,14.2717],[75.5277,14.2542],[75.5274,14.2471],[75.5272,14.2446],[75.5273,14.2412],[75.5277,14.238],[75.5285,14.2344],[75.5287,14.2324],[75.5299,14.2294],[75.5296,14.2294],[75.5267,14.2276],[75.5275,14.2259],[75.5272,14.2211],[75.5277,14.2159],[75.5286,14.2142],[75.5284,14.2131],[75.5281,14.212],[75.5281,14.2093],[75.5281,14.2068],[75.5271,14.2056],[75.527,14.2046],[75.527,14.2038],[75.527,14.2031],[75.5259,14.203],[75.5246,14.2034],[75.524,14.2034],[75.5229,14.2028],[75.5217,14.2032],[75.5212,14.2028],[75.5205,14.2037],[75.519,14.2048],[75.5187,14.2066],[75.5168,14.2087],[75.5148,14.2106],[75.5118,14.214],[75.5076,14.2185],[75.5065,14.2186],[75.5029,14.2184],[75.4949,14.2166],[75.4755,14.2139],[75.4651,14.2101],[75.4541,14.2055],[75.4591,14.2002],[75.4687,14.194],[75.4708,14.1919],[75.4824,14.1788],[75.4693,14.174],[75.458,14.1703],[75.4426,14.162],[75.4353,14.1572],[75.4286,14.1527],[75.4241,14.1504],[75.4216,14.1465],[75.4166,14.1425],[75.4025,14.1289],[75.4003,14.126],[75.4243,14.11],[75.4394,14.101],[75.4483,14.0981],[75.4574,14.1],[75.4717,14.1022],[75.4758,14.1002],[75.4836,14.1014],[75.4891,14.1032],[75.4901,14.0998],[75.4926,14.0982],[75.4963,14.0984],[75.5021,14.0988],[75.5051,14.0989],[75.5105,14.1015],[75.5237,14.0941],[75.525,14.095],[75.5289,14.0953],[75.5307,14.096],[75.5296,14.097],[75.5315,14.0975],[75.5321,14.097],[75.532,14.0968],[75.5316,14.0967],[75.5318,14.0956],[75.5324,14.0946],[75.533,14.0945],[75.5326,14.0935],[75.5334,14.0919],[75.5331,14.091],[75.5349,14.0903],[75.5362,14.0888],[75.5369,14.0872],[75.5391,14.0848],[75.5395,14.0821],[75.544,14.0791],[75.5482,14.0771],[75.5589,14.0744],[75.5696,14.0668],[75.5803,14.0628],[75.5881,14.0608],[75.5997,14.0614],[75.6041,14.0577],[75.609,14.0592],[75.6106,14.0598],[75.6115,14.0621],[75.6132,14.0662],[75.6154,14.071],[75.618,14.077],[75.6306,14.0745],[75.6353,14.0802],[75.6437,14.0767],[75.647,14.0743],[75.656,14.0697],[75.6689,14.0679],[75.6795,14.0683],[75.69,14.0697],[75.6937,14.0719],[75.6967,14.0722],[75.7015,14.0724],[75.7042,14.0724],[75.7083,14.0724],[75.7132,14.0735],[75.7193,14.0746],[75.7253,14.0759],[75.727,14.0774],[75.7216,14.0837],[75.7243,14.0846],[75.7268,14.085],[75.7284,14.0856],[75.7318,14.0863],[75.7345,14.087],[75.7363,14.0871],[75.7381,14.0872],[75.7383,14.0915],[75.7385,14.0981],[75.7408,14.1016],[75.7431,14.1017],[75.7471,14.1019],[75.7485,14.102],[75.7514,14.1021],[75.7532,14.1029],[75.7539,14.1044],[75.7549,14.1065],[75.7547,14.1084],[75.7566,14.1103],[75.7584,14.1105],[75.7597,14.1105],[75.7614,14.1102],[75.7632,14.11],[75.7659,14.1095],[75.7679,14.1093],[75.7674,14.1063],[75.7682,14.1038],[75.7681,14.1016],[75.7789,14.1008],[75.7863,14.1013],[75.7993,14.1002],[75.8124,14.1035],[75.8135,14.0967],[75.816,14.0906],[75.8202,14.0819],[75.8204,14.0688],[75.8136,14.0501],[75.8029,14.0432],[75.7992,14.0328],[75.8009,14.0282],[75.8032,14.0231],[75.8087,14.024],[75.8176,14.0199],[75.8247,14.0148],[75.8247,14.0066],[75.8319,13.9879],[75.8322,13.9688],[75.8422,13.9481],[75.8486,13.9366],[75.8594,13.9153],[75.8697,13.9037],[75.8648,13.8726],[75.8723,13.8324],[75.8933,13.807],[75.9022,13.8125],[75.9201,13.8081],[75.9287,13.814],[75.9345,13.813],[75.9374,13.8128],[75.9413,13.813],[75.9444,13.8134],[75.9462,13.8139],[75.9473,13.8171],[75.9527,13.8162],[75.9518,13.8185],[75.9499,13.8209],[75.9503,13.8234],[75.9503,13.8251],[75.9493,13.8258],[75.9487,13.8271],[75.9478,13.8307],[75.9492,13.8323],[75.9517,13.8352],[75.9534,13.8365],[75.953,13.8369],[75.9544,13.8373],[75.9553,13.8387],[75.9557,13.8397],[75.9565,13.8396],[75.957,13.8401],[75.9585,13.8412],[75.9587,13.8423],[75.9594,13.8436],[75.9617,13.8452],[75.9689,13.8548],[75.9712,13.853],[75.9751,13.8525],[75.976,13.8508],[75.9831,13.8484],[75.999,13.8564],[76.003,13.8631],[76.0102,13.8653],[76.0164,13.8684],[76.0171,13.8648],[76.0181,13.8639],[76.0192,13.8633],[76.0201,13.8626],[76.0212,13.8623],[76.0221,13.8626],[76.0222,13.8633],[76.0227,13.8632],[76.0238,13.864],[76.0244,13.8648],[76.0254,13.8657],[76.0265,13.8668],[76.0264,13.8678],[76.0271,13.8679],[76.0297,13.8675],[76.0307,13.8677],[76.0312,13.8686],[76.0302,13.8705],[76.0286,13.8711],[76.0275,13.8719],[76.0273,13.8737],[76.0274,13.875],[76.0293,13.8751],[76.0303,13.8757],[76.0308,13.8775],[76.0317,13.88],[76.0332,13.8814],[76.0343,13.8929],[76.0285,13.8994],[76.033,13.9227],[76.0449,13.942],[76.0459,13.9412],[76.0491,13.9408],[76.0543,13.9409],[76.055,13.941],[76.0551,13.941],[76.0575,13.941],[76.0629,13.9412],[76.066,13.9414],[76.0671,13.9452],[76.0689,13.9485],[76.0688,13.9522],[76.0686,13.9542],[76.0686,13.9576],[76.0688,13.9601],[76.0693,13.9677],[76.071,13.974],[76.072,13.9793],[76.0723,13.9822],[76.0638,13.9808],[76.0513,13.9788],[76.05,13.9824],[76.047,13.9828],[76.0436,13.9873],[76.0432,13.9925],[76.0442,13.9992],[76.0455,14.0098],[76.048,14.0127],[76.049,14.019],[76.0496,14.023],[76.0511,14.0301],[76.051,14.0368],[76.0484,14.0393],[76.0488,14.0468],[76.0492,14.0498],[76.0497,14.0528],[76.0498,14.0547],[76.0516,14.0589],[76.0541,14.0617],[76.054,14.0635],[76.054,14.0652],[76.0552,14.0712],[76.0544,14.0754],[76.0537,14.0824],[76.0543,14.0862],[76.0548,14.0892],[76.0523,14.094],[76.0449,14.096],[76.0376,14.091],[76.0337,14.0925],[76.0344,14.0968],[76.0283,14.1002],[76.0256,14.1015],[76.0259,14.1079],[76.0263,14.1141],[76.0268,14.1181],[76.0282,14.1199],[76.0306,14.12],[76.0323,14.1212],[76.0325,14.1244],[76.0334,14.1262],[76.0332,14.129],[76.0328,14.1338],[76.0356,14.1355],[76.0368,14.1375],[76.0373,14.1384],[76.0388,14.141],[76.0438,14.1441],[76.0466,14.1478],[76.0466,14.1503],[76.0464,14.152],[76.0464,14.1556],[76.0532,14.157],[76.0598,14.1588],[76.0635,14.1623],[76.0653,14.1706],[76.065,14.1777],[76.0661,14.1815],[76.0575,14.1812],[76.0572,14.1827],[76.0571,14.1855],[76.0569,14.1873],[76.0564,14.1923],[76.0564,14.1945],[76.0565,14.1965],[76.0565,14.1967],[76.0566,14.1978],[76.0568,14.1994],[76.058,14.2026],[76.0602,14.2032],[76.0633,14.2042],[76.0643,14.2066],[76.0654,14.2081],[76.0646,14.2127],[76.0637,14.2167],[76.067,14.225],[76.0725,14.2266],[76.0735,14.2295],[76.0745,14.2305],[76.0758,14.2332],[76.077,14.237],[76.0774,14.238],[76.0776,14.241],[76.0791,14.2447],[76.0798,14.2469],[76.0826,14.2476],[76.0848,14.248],[76.0861,14.2483],[76.0894,14.2489],[76.0947,14.2492],[76.0979,14.2489],[76.0992,14.249],[76.101,14.2492],[76.1042,14.2497],[76.106,14.2498],[76.1087,14.2501],[76.1131,14.2507],[76.1166,14.2513],[76.119,14.2517],[76.1264,14.254],[76.1349,14.2617],[76.1328,14.2659],[76.1304,14.2688],[76.1303,14.2776],[76.13,14.2817],[76.1181,14.2782],[76.1191,14.2839],[76.1207,14.291],[76.1184,14.2952],[76.114,14.3012],[76.109,14.3051],[76.1061,14.3106],[76.1078,14.3116],[76.1092,14.3136],[76.1097,14.3174],[76.1121,14.3196],[76.1148,14.3219],[76.1168,14.3236],[76.1217,14.3238],[76.1345,14.3225],[76.1372,14.3221],[76.1476,14.3209],[76.1499,14.3198],[76.1521,14.3186],[76.154,14.3184],[76.1558,14.3199],[76.1565,14.3219],[76.1571,14.3251],[76.1581,14.3276],[76.1586,14.3302],[76.1579,14.3339],[76.1564,14.3435],[76.1553,14.3492],[76.1553,14.3519],[76.1558,14.3534],[76.1556,14.3579],[76.1544,14.3618],[76.1519,14.3642],[76.151,14.3677],[76.1511,14.3697],[76.1509,14.3733],[76.1543,14.3775],[76.1544,14.3813],[76.1539,14.3878],[76.1527,14.3984],[76.1466,14.4091],[76.1424,14.4131],[76.1371,14.4256],[76.1455,14.4321],[76.1521,14.4369],[76.1562,14.4401],[76.1605,14.4431],[76.1644,14.4459],[76.1693,14.4468],[76.1719,14.4477],[76.1734,14.4489],[76.1733,14.4505],[76.173,14.4547],[76.1728,14.4586],[76.1758,14.4624],[76.1816,14.4613],[76.1844,14.4607],[76.1866,14.4603],[76.1913,14.4597],[76.1972,14.4594],[76.2028,14.4588],[76.2048,14.458],[76.2068,14.4571],[76.2079,14.4566],[76.2086,14.4561],[76.2096,14.4539],[76.2148,14.4458],[76.2171,14.4439],[76.2226,14.4438],[76.2311,14.4476],[76.2386,14.4503],[76.2456,14.4451],[76.2572,14.4442],[76.2627,14.4407],[76.2648,14.4306],[76.2644,14.4264],[76.2657,14.4238],[76.2671,14.4227],[76.2696,14.4211],[76.2705,14.4204],[76.2709,14.4196],[76.2711,14.4191],[76.2712,14.4186],[76.2713,14.4182],[76.2717,14.4166],[76.2718,14.4154],[76.2719,14.4141],[76.2731,14.4121],[76.2733,14.411],[76.2735,14.4101],[76.274,14.4088],[76.2798,14.4059],[76.2851,14.4063],[76.2873,14.4071],[76.2908,14.4081],[76.293,14.4087],[76.2979,14.4088],[76.3007,14.4088],[76.3046,14.4089],[76.3099,14.4088],[76.3145,14.4082],[76.3182,14.4082],[76.3222,14.4083],[76.3295,14.4085],[76.3384,14.415],[76.3436,14.417],[76.3508,14.4174],[76.356,14.4194],[76.3643,14.4198],[76.3719,14.4191],[76.3779,14.4179],[76.3811,14.4197],[76.3848,14.4214],[76.3838,14.4242],[76.3845,14.4275],[76.386,14.4271],[76.3889,14.4276],[76.3903,14.4274],[76.3925,14.4277],[76.3933,14.4287],[76.3933,14.4304],[76.3954,14.4314],[76.3961,14.4335],[76.3961,14.4363],[76.3996,14.4364],[76.4029,14.4365],[76.4063,14.4361],[76.4086,14.4365],[76.4102,14.4373],[76.4114,14.4379],[76.4134,14.4388],[76.4177,14.439],[76.4233,14.4382],[76.4242,14.4393],[76.4243,14.4414],[76.4241,14.4435],[76.4239,14.445],[76.4239,14.4487],[76.4252,14.4494],[76.4266,14.4491],[76.4284,14.4487],[76.4298,14.4484],[76.431,14.4481],[76.4326,14.4477],[76.4349,14.4474],[76.4382,14.4475],[76.4416,14.448],[76.4476,14.4491],[76.4556,14.4503],[76.4599,14.4506],[76.4571,14.462],[76.4552,14.47],[76.4561,14.4726]]]}},{"type":"Feature","properties":{"name":"Shivamogga","district_name":"Shivamogga"},"geometry":{"type":"Polygon","coordinates":[[[74.9176,14.4307],[74.9265,14.4146],[74.9334,14.4047],[74.9337,14.4037],[74.9345,14.4035],[74.9353,14.4032],[74.9367,14.4021],[74.9379,14.4021],[74.9388,14.4012],[74.9411,14.4009],[74.9434,14.4016],[74.9448,14.4021],[74.9475,14.4005],[74.9492,14.3988],[74.9485,14.3966],[74.9492,14.3912],[74.9495,14.3867],[74.9501,14.3806],[74.9492,14.3763],[74.9463,14.3748],[74.9447,14.3735],[74.9428,14.3707],[74.9412,14.3686],[74.9402,14.3672],[74.9392,14.3609],[74.9413,14.3565],[74.9434,14.3549],[74.9459,14.3536],[74.9473,14.3535],[74.949,14.353],[74.9498,14.3511],[74.9502,14.3505],[74.9524,14.3514],[74.9536,14.3503],[74.9563,14.3474],[74.9576,14.3451],[74.9615,14.3416],[74.9744,14.3382],[74.9724,14.3265],[74.9725,14.321],[74.9771,14.3217],[74.972,14.3164],[74.9681,14.3167],[74.9638,14.3185],[74.9582,14.3239],[74.9566,14.3205],[74.9523,14.3185],[74.9482,14.3199],[74.9434,14.3186],[74.9388,14.3201],[74.9339,14.3205],[74.9312,14.3191],[74.9262,14.3197],[74.9205,14.3158],[74.9183,14.3116],[74.916,14.3081],[74.9137,14.3037],[74.9129,14.2982],[74.9061,14.2941],[74.9076,14.2899],[74.9085,14.2881],[74.908,14.2858],[74.9077,14.2848],[74.9083,14.2828],[74.9098,14.2789],[74.911,14.2773],[74.9152,14.2759],[74.9241,14.2781],[74.9281,14.2697],[74.9291,14.2653],[74.929,14.2644],[74.9327,14.2637],[74.9345,14.2629],[74.9352,14.2613],[74.9355,14.2596],[74.9355,14.258],[74.9364,14.257],[74.9367,14.2562],[74.9383,14.2562],[74.9381,14.2554],[74.9384,14.2544],[74.9371,14.2531],[74.9359,14.2516],[74.9364,14.2493],[74.9351,14.2459],[74.9358,14.244],[74.932,14.2421],[74.9306,14.2384],[74.9281,14.2365],[74.9283,14.2347],[74.9251,14.2327],[74.9227,14.2305],[74.921,14.2273],[74.917,14.2274],[74.9127,14.2284],[74.9085,14.2276],[74.9054,14.2301],[74.9034,14.2285],[74.9017,14.2281],[74.9003,14.2283],[74.8987,14.2281],[74.8975,14.2271],[74.8962,14.226],[74.8979,14.225],[74.8973,14.2238],[74.8964,14.2219],[74.897,14.2191],[74.8888,14.2154],[74.8879,14.2147],[74.8872,14.2146],[74.8791,14.2142],[74.8799,14.2198],[74.8763,14.2197],[74.8759,14.226],[74.8791,14.2293],[74.8809,14.2329],[74.8753,14.2381],[74.8709,14.2392],[74.8691,14.2353],[74.8684,14.2332],[74.8682,14.2299],[74.8694,14.2274],[74.8676,14.2231],[74.8672,14.2188],[74.8632,14.2178],[74.8601,14.2177],[74.8601,14.2163],[74.8596,14.2154],[74.8578,14.2125],[74.8559,14.2102],[74.8535,14.21],[74.8528,14.2109],[74.8505,14.2131],[74.8468,14.2175],[74.8458,14.2187],[74.8437,14.2211],[74.8408,14.2226],[74.8395,14.2229],[74.8376,14.2259],[74.8336,14.2288],[74.8253,14.2268],[74.8216,14.2268],[74.7989,14.2312],[74.7803,14.2377],[74.7586,14.2492],[74.733,14.2674],[74.7124,14.2348],[74.7251,14.1782],[74.7452,14.1587],[74.7491,14.1421],[74.7448,14.1463],[74.7456,14.1466],[74.7453,14.1481],[74.7435,14.1494],[74.7201,14.1552],[74.7007,14.1698],[74.6947,14.1732],[74.6693,14.1814],[74.6556,14.171],[74.6449,14.1681],[74.6298,14.1639],[74.628,14.1523],[74.6441,14.1404],[74.6438,14.1259],[74.646,14.1147],[74.6474,14.1044],[74.6603,14.0878],[74.6747,14.0653],[74.6726,14.0479],[74.677,14.0329],[74.6767,14.0295],[74.6765,14.0263],[74.6762,14.0234],[74.6754,14.0219],[74.6746,14.0201],[74.6738,14.0186],[74.6731,14.0171],[74.6724,14.0157],[74.6715,14.0136],[74.6705,14.0115],[74.6698,14.01],[74.6689,14.0082],[74.6679,14.0062],[74.667,14.0043],[74.6661,14.0025],[74.6649,14.0004],[74.6638,13.9985],[74.6629,13.9967],[74.662,13.9948],[74.6614,13.9916],[74.6616,13.9885],[74.6623,13.9869],[74.663,13.985],[74.6636,13.9836],[74.6648,13.981],[74.67,13.9695],[74.6734,13.9676],[74.6757,13.967],[74.6769,13.9654],[74.678,13.9633],[74.6778,13.9599],[74.6805,13.9572],[74.6887,13.9551],[74.6933,13.9501],[74.6943,13.9477],[74.6935,13.9449],[74.6901,13.9389],[74.6824,13.9359],[74.6868,13.9297],[74.6899,13.9266],[74.6936,13.9241],[74.6975,13.9236],[74.7008,13.9227],[74.7041,13.9227],[74.7071,13.9217],[74.7087,13.9189],[74.7111,13.9162],[74.7125,13.9137],[74.7149,13.9105],[74.7144,13.9089],[74.714,13.9074],[74.7122,13.9045],[74.714,13.9041],[74.7194,13.9048],[74.7245,13.9058],[74.7292,13.907],[74.7353,13.909],[74.7408,13.91],[74.746,13.9093],[74.7501,13.9073],[74.7539,13.9072],[74.7577,13.9072],[74.7596,13.9092],[74.7613,13.9108],[74.7634,13.9122],[74.7664,13.9123],[74.7689,13.9132],[74.7711,13.9138],[74.7901,13.9078],[74.8002,13.9084],[74.8178,13.9073],[74.8283,13.9018],[74.8378,13.8986],[74.8392,13.8951],[74.845,13.8904],[74.8481,13.887],[74.8515,13.8842],[74.8561,13.8793],[74.8586,13.8739],[74.8594,13.8701],[74.8623,13.8664],[74.8653,13.8619],[74.8684,13.858],[74.8704,13.8566],[74.8722,13.8563],[74.8766,13.8565],[74.8796,13.859],[74.8816,13.8656],[74.8882,13.867],[74.8994,13.863],[74.9096,13.861],[74.9127,13.8491],[74.9136,13.8398],[74.914,13.8304],[74.9128,13.8217],[74.9204,13.8119],[74.9309,13.7823],[74.9321,13.7759],[74.9503,13.7621],[74.9803,13.7467],[74.9957,13.7395],[74.9942,13.7305],[74.9923,13.7248],[74.9885,13.7196],[74.9889,13.7133],[74.9987,13.7108],[75.0031,13.7096],[75.0065,13.7086],[75.0102,13.7044],[75.0183,13.6988],[75.0196,13.6966],[75.0178,13.6941],[75.0145,13.694],[75.012,13.6917],[75.0089,13.6908],[75.0098,13.6883],[75.0089,13.6851],[75.0086,13.6793],[75.0115,13.6769],[75.0166,13.6773],[75.0217,13.6748],[75.0254,13.6718],[75.0237,13.6655],[75.0194,13.6631],[75.0099,13.6626],[75.0096,13.6573],[75.0086,13.6465],[75.012,13.6371],[75.0173,13.6296],[75.0268,13.6272],[75.0474,13.6161],[75.0579,13.6084],[75.0607,13.6019],[75.0617,13.5966],[75.0603,13.5943],[75.0568,13.5901],[75.0524,13.5874],[75.0458,13.5864],[75.0437,13.5817],[75.0411,13.5752],[75.0377,13.5709],[75.039,13.5663],[75.0429,13.5616],[75.0456,13.5539],[75.0526,13.5532],[75.0564,13.5421],[75.0604,13.5327],[75.0683,13.5327],[75.0611,13.5204],[75.0686,13.5293],[75.0719,13.5285],[75.0729,13.5261],[75.0777,13.5209],[75.0769,13.5144],[75.0776,13.508],[75.0785,13.496],[75.0851,13.4911],[75.0917,13.4905],[75.0984,13.4839],[75.104,13.4832],[75.1088,13.4781],[75.1129,13.4726],[75.1114,13.4639],[75.1148,13.4608],[75.1241,13.4623],[75.1279,13.4643],[75.1331,13.4628],[75.1354,13.4636],[75.1407,13.4634],[75.1379,13.4739],[75.1483,13.4793],[75.1601,13.4934],[75.163,13.4994],[75.1719,13.5035],[75.1788,13.5022],[75.1803,13.5032],[75.1834,13.5065],[75.1884,13.5091],[75.1979,13.5073],[75.2003,13.5095],[75.2029,13.5092],[75.2048,13.5134],[75.2108,13.518],[75.2035,13.5188],[75.2054,13.5206],[75.207,13.5248],[75.219,13.5248],[75.2247,13.5287],[75.2209,13.5348],[75.2235,13.5483],[75.2181,13.5519],[75.2181,13.5519],[75.2181,13.5519],[75.2181,13.5519],[75.2181,13.5519],[75.2181,13.5519],[75.2181,13.5519],[75.2181,13.5519],[75.2181,13.5519],[75.2181,13.5519],[75.2181,13.5519],[75.2182,13.5519],[75.2182,13.5519],[75.2182,13.5519],[75.2182,13.5519],[75.2182,13.5519],[75.2182,13.5519],[75.2182,13.5519],[75.2182,13.5519],[75.2182,13.552],[75.2182,13.552],[75.2182,13.552],[75.2182,13.552],[75.2182,13.552],[75.2182,13.552],[75.2182,13.552],[75.2182,13.552],[75.2182,13.552],[75.2182,13.552],[75.2182,13.552],[75.2182,13.552],[75.2182,13.552],[75.2182,13.5521],[75.2182,13.5521],[75.2182,13.5521],[75.2182,13.5521],[75.2182,13.5521],[75.2182,13.5521],[75.2182,13.5521],[75.2182,13.5521],[75.2182,13.5521],[75.2183,13.5521],[75.2188,13.5533],[75.2187,13.554],[75.2196,13.5553],[75.217,13.5557],[75.2218,13.5596],[75.2256,13.567],[75.2202,13.5724],[75.2125,13.5776],[75.2138,13.5874],[75.2171,13.5907],[75.2204,13.5941],[75.2218,13.5957],[75.2226,13.5963],[75.2249,13.6051],[75.2289,13.6046],[75.2306,13.6035],[75.2302,13.602],[75.2352,13.5993],[75.2366,13.6001],[75.2372,13.6022],[75.2403,13.6036],[75.2461,13.6026],[75.2517,13.5954],[75.2546,13.5903],[75.2553,13.5856],[75.2579,13.5825],[75.2683,13.5748],[75.2772,13.5648],[75.2789,13.5657],[75.279,13.571],[75.2799,13.5721],[75.2806,13.5722],[75.2808,13.5724],[75.2806,13.5732],[75.2826,13.5742],[75.2839,13.5743],[75.2844,13.5747],[75.2851,13.5752],[75.2865,13.575],[75.2875,13.5765],[75.2888,13.5764],[75.2897,13.5768],[75.2906,13.5786],[75.2979,13.5832],[75.3108,13.5878],[75.3233,13.5906],[75.3297,13.5858],[75.341,13.5858],[75.3442,13.5822],[75.3514,13.588],[75.3605,13.5946],[75.3677,13.6107],[75.3754,13.6219],[75.3795,13.6177],[75.3793,13.6168],[75.38,13.6136],[75.3876,13.6141],[75.3886,13.6182],[75.3871,13.6203],[75.3924,13.6248],[75.3976,13.629],[75.4064,13.6316],[75.4101,13.6473],[75.4133,13.6516],[75.408,13.6573],[75.406,13.6629],[75.4059,13.6709],[75.4029,13.6804],[75.3975,13.6891],[75.3961,13.6928],[75.395,13.694],[75.3934,13.6955],[75.3941,13.6997],[75.3938,13.7006],[75.393,13.7003],[75.3886,13.7003],[75.3828,13.7037],[75.3835,13.7097],[75.3906,13.7097],[75.4063,13.7061],[75.4251,13.7125],[75.4404,13.7188],[75.4571,13.7254],[75.4609,13.7347],[75.4698,13.7486],[75.4896,13.7605],[75.4871,13.7684],[75.5029,13.7625],[75.5085,13.7631],[75.5098,13.7569],[75.5134,13.7545],[75.5156,13.7536],[75.5185,13.753],[75.5212,13.7485],[75.5251,13.7391],[75.5448,13.7257],[75.5608,13.7292],[75.5675,13.7397],[75.5685,13.752],[75.5684,13.7535],[75.5722,13.7562],[75.5755,13.7562],[75.5795,13.7574],[75.5865,13.7594],[75.5915,13.7591],[75.6051,13.7607],[75.6086,13.7553],[75.6093,13.7474],[75.6122,13.744],[75.6256,13.7319],[75.6175,13.7224],[75.6188,13.71],[75.6206,13.705],[75.6277,13.7028],[75.6333,13.7016],[75.643,13.7049],[75.6498,13.7126],[75.6515,13.7182],[75.6652,13.7195],[75.6755,13.7256],[75.6685,13.7303],[75.6594,13.7409],[75.6613,13.749],[75.6676,13.7628],[75.6765,13.7514],[75.6889,13.7537],[75.6859,13.7669],[75.6968,13.7674],[75.7082,13.7659],[75.713,13.7719],[75.715,13.7717],[75.7324,13.7691],[75.743,13.7771],[75.7543,13.7814],[75.7652,13.7843],[75.7664,13.7894],[75.764,13.7911],[75.7623,13.7925],[75.7603,13.7947],[75.7674,13.7963],[75.774,13.7953],[75.7782,13.7911],[75.7895,13.7996],[75.8045,13.7949],[75.818,13.8102],[75.851,13.811],[75.8659,13.8106],[75.8758,13.8092],[75.8685,13.8401],[75.8673,13.8877],[75.8605,13.9128],[75.8551,13.9244],[75.8445,13.9441],[75.8419,13.9488],[75.8309,13.975],[75.8289,13.9967],[75.8251,14.008],[75.8245,14.0179],[75.8162,14.0203],[75.8063,14.0236],[75.8028,14.0236],[75.8003,14.0295],[75.8002,14.0371],[75.8129,14.0475],[75.8187,14.0589],[75.8227,14.074],[75.8182,14.0869],[75.8143,14.0936],[75.8131,14.1007],[75.8073,14.1013],[75.7951,14.1005],[75.7827,14.1012],[75.7724,14.1009],[75.7683,14.1027],[75.7676,14.1046],[75.7675,14.1073],[75.767,14.1094],[75.7649,14.1098],[75.7617,14.1101],[75.7611,14.1102],[75.7592,14.1106],[75.7575,14.1106],[75.7549,14.1088],[75.755,14.1074],[75.7544,14.1052],[75.7535,14.1036],[75.7529,14.102],[75.7503,14.1021],[75.7472,14.1019],[75.7438,14.1018],[75.7424,14.1017],[75.7394,14.1015],[75.7383,14.0936],[75.7383,14.0903],[75.7372,14.0871],[75.736,14.087],[75.7338,14.0866],[75.7292,14.0858],[75.7277,14.0853],[75.7255,14.0845],[75.7233,14.0843],[75.722,14.0826],[75.7266,14.0762],[75.7198,14.0747],[75.7174,14.074],[75.711,14.073],[75.7064,14.0722],[75.7026,14.0724],[75.6997,14.0722],[75.6961,14.0722],[75.6917,14.0709],[75.6871,14.069],[75.6709,14.0659],[75.6605,14.0684],[75.6492,14.0726],[75.6447,14.075],[75.6395,14.08],[75.6328,14.0793],[75.6205,14.0766],[75.6167,14.074],[75.6142,14.068],[75.6125,14.0636],[75.6111,14.0607],[75.6094,14.0601],[75.6052,14.0574],[75.6012,14.0589],[75.5932,14.063],[75.5846,14.0591],[75.5746,14.0646],[75.5641,14.0705],[75.5559,14.0771],[75.5473,14.0773],[75.541,14.0795],[75.5399,14.0844],[75.5377,14.0864],[75.5365,14.0878],[75.5354,14.0897],[75.5343,14.0902],[75.5333,14.0915],[75.5328,14.0928],[75.533,14.094],[75.5328,14.0945],[75.5323,14.095],[75.5315,14.096],[75.5322,14.0966],[75.5323,14.0968],[75.5319,14.0972],[75.5311,14.0976],[75.5303,14.0965],[75.5306,14.0952],[75.5283,14.0935],[75.5243,14.0937],[75.5182,14.0974],[75.5077,14.1005],[75.5039,14.099],[75.4984,14.0984],[75.4947,14.0985],[75.491,14.0978],[75.4895,14.1019],[75.4885,14.1031],[75.4771,14.0997],[75.4722,14.1019],[75.4638,14.1034],[75.455,14.0989],[75.4392,14.0985],[75.4355,14.1056],[75.399,14.1174],[75.401,14.1275],[75.4159,14.1419],[75.4206,14.1424],[75.4226,14.1496],[75.4244,14.1505],[75.4329,14.1539],[75.438,14.1599],[75.4488,14.1653],[75.4611,14.1721],[75.4835,14.1775],[75.4763,14.1856],[75.469,14.1938],[75.4606,14.199],[75.4548,14.2039],[75.4594,14.2077],[75.4736,14.2103],[75.4915,14.2161],[75.5012,14.2182],[75.5051,14.2185],[75.5073,14.2186],[75.5096,14.2154],[75.5119,14.2139],[75.5166,14.2087],[75.5177,14.2085],[75.5182,14.2055],[75.5196,14.2045],[75.5211,14.2029],[75.5213,14.2028],[75.5221,14.2031],[75.5237,14.2034],[75.5245,14.2035],[75.5251,14.2031],[75.5268,14.2031],[75.527,14.2032],[75.527,14.2042],[75.527,14.2049],[75.5276,14.2062],[75.5281,14.2081],[75.5282,14.211],[75.5281,14.2124],[75.5282,14.2135],[75.5281,14.2151],[75.5272,14.2183],[75.5277,14.2242],[75.5269,14.2265],[75.5285,14.2286],[75.5298,14.2292],[75.5292,14.23],[75.5286,14.2341],[75.5283,14.2355],[75.5274,14.2396],[75.5272,14.2436],[75.5273,14.2455],[75.5276,14.2514],[75.5285,14.2621],[75.5353,14.2776],[75.5267,14.2914],[75.5183,14.2994],[75.5144,14.3035],[75.5047,14.3127],[75.5021,14.3235],[75.5016,14.3281],[75.5013,14.3317],[75.501,14.3357],[75.5007,14.3385],[75.5006,14.3424],[75.5008,14.3437],[75.4894,14.3454],[75.4889,14.3391],[75.4844,14.3397],[75.4814,14.3414],[75.4808,14.3445],[75.4767,14.3452],[75.477,14.3414],[75.4782,14.3376],[75.4799,14.3321],[75.4801,14.3301],[75.4798,14.3283],[75.4795,14.3248],[75.4734,14.3208],[75.4595,14.3266],[75.4551,14.3297],[75.4496,14.3335],[75.4422,14.3391],[75.4329,14.3451],[75.4233,14.3516],[75.412,14.3529],[75.406,14.3572],[75.4003,14.3624],[75.3947,14.367],[75.3879,14.3674],[75.3854,14.369],[75.377,14.3702],[75.3637,14.3805],[75.3561,14.3847],[75.3505,14.3881],[75.3528,14.3965],[75.3562,14.4061],[75.3647,14.411],[75.3755,14.408],[75.3792,14.412],[75.3803,14.4158],[75.3809,14.4207],[75.3814,14.423],[75.3818,14.4257],[75.382,14.4285],[75.3822,14.4325],[75.3803,14.4344],[75.3778,14.4346],[75.3757,14.4355],[75.3736,14.4366],[75.3721,14.4374],[75.3704,14.4382],[75.3683,14.4394],[75.3655,14.4413],[75.3626,14.4406],[75.3609,14.4397],[75.3601,14.4385],[75.3586,14.4373],[75.3581,14.4357],[75.3582,14.4338],[75.3585,14.4324],[75.3554,14.429],[75.3541,14.4319],[75.3476,14.4332],[75.343,14.4353],[75.3413,14.4358],[75.34,14.4391],[75.3419,14.4402],[75.3425,14.443],[75.3423,14.4456],[75.3435,14.4522],[75.3463,14.456],[75.347,14.4578],[75.3467,14.4594],[75.3456,14.4619],[75.3447,14.4627],[75.3426,14.4647],[75.3405,14.4683],[75.3408,14.4707],[75.3407,14.4719],[75.341,14.4749],[75.3412,14.4758],[75.3439,14.4794],[75.3461,14.4837],[75.3451,14.4863],[75.3363,14.492],[75.3331,14.4932],[75.3313,14.4936],[75.3288,14.4954],[75.327,14.4984],[75.3266,14.5013],[75.3252,14.5045],[75.3253,14.5073],[75.3246,14.5098],[75.3217,14.5123],[75.3201,14.5131],[75.3174,14.5133],[75.3165,14.513],[75.3146,14.5129],[75.3135,14.5129],[75.309,14.5127],[75.3045,14.5117],[75.3018,14.511],[75.3003,14.5108],[75.2958,14.5112],[75.2937,14.5111],[75.2911,14.5114],[75.2856,14.5142],[75.2815,14.5124],[75.2802,14.5115],[75.2775,14.5118],[75.2741,14.5109],[75.2708,14.5126],[75.2688,14.5187],[75.2691,14.5208],[75.2693,14.5228],[75.2697,14.5243],[75.2694,14.5277],[75.2712,14.5286],[75.273,14.5311],[75.276,14.5333],[75.2782,14.5343],[75.2801,14.5333],[75.2816,14.5324],[75.2846,14.5312],[75.2854,14.53],[75.2866,14.531],[75.2876,14.5327],[75.2889,14.532],[75.2914,14.5325],[75.2922,14.5339],[75.2936,14.535],[75.2946,14.5373],[75.2961,14.5381],[75.2973,14.5397],[75.2958,14.5435],[75.2941,14.5443],[75.2948,14.5468],[75.2923,14.5484],[75.2902,14.551],[75.2902,14.5541],[75.289,14.5559],[75.2857,14.5607],[75.285,14.5613],[75.2833,14.5607],[75.2805,14.5619],[75.2763,14.5642],[75.2758,14.5653],[75.2739,14.5669],[75.2757,14.5681],[75.275,14.5698],[75.2692,14.5739],[75.2586,14.5809],[75.2488,14.5802],[75.2467,14.5795],[75.2438,14.5771],[75.2441,14.575],[75.2444,14.5723],[75.2446,14.5703],[75.2452,14.567],[75.2433,14.5665],[75.2433,14.564],[75.2428,14.5621],[75.2424,14.5607],[75.2424,14.559],[75.2417,14.5573],[75.2417,14.5568],[75.2408,14.5553],[75.24,14.5564],[75.2398,14.5579],[75.2368,14.5568],[75.2346,14.5557],[75.2325,14.5578],[75.2295,14.5603],[75.2285,14.5622],[75.2274,14.564],[75.2258,14.5665],[75.2258,14.5682],[75.226,14.5694],[75.2267,14.5702],[75.2272,14.572],[75.2276,14.5735],[75.2283,14.574],[75.2287,14.5758],[75.2297,14.5771],[75.2309,14.5791],[75.229,14.5803],[75.2289,14.5825],[75.2272,14.5839],[75.2255,14.5848],[75.2233,14.5849],[75.221,14.5839],[75.2201,14.5825],[75.2203,14.581],[75.219,14.5797],[75.2183,14.5789],[75.2171,14.5776],[75.2144,14.5764],[75.213,14.5765],[75.2107,14.5735],[75.2089,14.572],[75.206,14.5725],[75.2012,14.5751],[75.1975,14.5785],[75.1965,14.5829],[75.1943,14.5836],[75.1917,14.5845],[75.19,14.5849],[75.1877,14.5854],[75.1862,14.5858],[75.1837,14.5862],[75.1828,14.5896],[75.1821,14.5939],[75.1843,14.5989],[75.1854,14.5999],[75.1882,14.5995],[75.1889,14.5995],[75.1912,14.5994],[75.1952,14.5977],[75.202,14.5969],[75.2053,14.5992],[75.2055,14.6028],[75.2057,14.6066],[75.2059,14.6088],[75.2066,14.611],[75.2072,14.6134],[75.2083,14.6164],[75.21,14.619],[75.2106,14.6234],[75.2098,14.6259],[75.2099,14.6282],[75.2086,14.6269],[75.2071,14.6272],[75.2083,14.6295],[75.2068,14.6306],[75.208,14.633],[75.2074,14.6342],[75.2053,14.634],[75.2076,14.6355],[75.2065,14.6367],[75.2035,14.6373],[75.2016,14.6388],[75.2001,14.6356],[75.1994,14.6254],[75.1929,14.6238],[75.1729,14.6324],[75.1639,14.6296],[75.1651,14.6233],[75.1594,14.6171],[75.1521,14.6262],[75.146,14.6209],[75.1433,14.6226],[75.1431,14.6248],[75.1425,14.6267],[75.1427,14.6308],[75.142,14.6325],[75.1422,14.6339],[75.1355,14.633],[75.1291,14.631],[75.1246,14.6307],[75.1212,14.6332],[75.1178,14.6376],[75.1166,14.6396],[75.1106,14.6422],[75.1017,14.644],[75.0985,14.6527],[75.0874,14.6522],[75.0695,14.6518],[75.0683,14.6515],[75.0637,14.6507],[75.0603,14.6508],[75.0569,14.65],[75.0544,14.6495],[75.0505,14.6467],[75.0502,14.6428],[75.0479,14.6414],[75.0413,14.6392],[75.0397,14.6369],[75.0388,14.6347],[75.037,14.6333],[75.0347,14.6274],[75.0322,14.6234],[75.0272,14.6121],[75.0258,14.6077],[75.0241,14.6078],[75.0257,14.6052],[75.0231,14.6019],[75.0245,14.5984],[75.0255,14.5908],[75.0264,14.586],[75.0277,14.585],[75.027,14.5827],[75.026,14.5821],[75.0253,14.5813],[75.0239,14.5808],[75.0232,14.5784],[75.0255,14.5768],[75.0241,14.575],[75.0228,14.5754],[75.0226,14.5752],[75.0215,14.5749],[75.0206,14.5737],[75.0207,14.5724],[75.0218,14.5695],[75.0217,14.5678],[75.0223,14.566],[75.0235,14.5637],[75.0231,14.5617],[75.0242,14.5614],[75.0267,14.5609],[75.0346,14.5591],[75.0399,14.549],[75.0498,14.5465],[75.0586,14.5455],[75.06,14.5437],[75.0585,14.5423],[75.0572,14.5409],[75.055,14.5401],[75.0533,14.5387],[75.0532,14.5382],[75.0529,14.5367],[75.0527,14.5348],[75.0518,14.5339],[75.0499,14.5326],[75.0481,14.5323],[75.0464,14.5319],[75.0378,14.5288],[75.0413,14.5192],[75.0421,14.5151],[75.0416,14.511],[75.041,14.5076],[75.0408,14.5001],[75.0373,14.4998],[75.0345,14.5],[75.0315,14.5002],[75.0302,14.4998],[75.0293,14.4993],[75.0278,14.4991],[75.027,14.4989],[75.0254,14.4984],[75.0237,14.4975],[75.0192,14.4969],[75.0086,14.4895],[75.0069,14.4874],[75.0063,14.4821],[74.9994,14.4785],[74.9926,14.4742],[74.9914,14.4733],[74.9898,14.4723],[74.9887,14.4746],[74.9877,14.478],[74.9877,14.4808],[74.9846,14.4883],[74.9904,14.4918],[74.9906,14.4958],[74.986,14.5078],[74.9795,14.5131],[74.9758,14.5167],[74.9733,14.523],[74.9803,14.5259],[74.9786,14.5307],[74.978,14.5366],[74.9783,14.5419],[74.9779,14.547],[74.977,14.5498],[74.9728,14.5504],[74.969,14.5511],[74.9644,14.5512],[74.9569,14.5538],[74.9557,14.5512],[74.9458,14.5335],[74.944,14.5345],[74.9427,14.5341],[74.9435,14.5328],[74.9435,14.5311],[74.943,14.5306],[74.9421,14.5303],[74.9417,14.5278],[74.9406,14.5271],[74.939,14.5263],[74.9403,14.5247],[74.9397,14.5235],[74.9392,14.5231],[74.934,14.5213],[74.9282,14.5286],[74.919,14.5285],[74.908,14.5299],[74.9018,14.5241],[74.9024,14.5155],[74.8954,14.5078],[74.8942,14.5004],[74.8935,14.4993],[74.8909,14.4924],[74.8901,14.4895],[74.8903,14.4874],[74.8898,14.4831],[74.8934,14.4739],[74.8983,14.4737],[74.9044,14.4721],[74.9105,14.4699],[74.9133,14.4686],[74.9157,14.4672],[74.9184,14.4634],[74.9145,14.4593],[74.9011,14.463],[74.8885,14.4603],[74.8769,14.449],[74.874,14.4472],[74.874,14.4472],[74.8781,14.4403],[74.8807,14.4338],[74.8849,14.4296],[74.9044,14.4312],[74.9176,14.4307]]]}},{"type":"Feature","properties":{"name":"Udupi","district_name":"Udupi"},"geometry":{"type":"MultiPolygon","coordinates":[[[[74.678,13.9633],[74.6769,13.9654],[74.6757,13.967],[74.6734,13.9676],[74.67,13.9695],[74.6648,13.981],[74.6553,13.9735],[74.6543,13.9722],[74.6468,13.9602],[74.6497,13.9502],[74.6518,13.9455],[74.6424,13.9391],[74.6331,13.9409],[74.6311,13.944],[74.6206,13.9358],[74.6147,13.9417],[74.6,13.9356],[74.5968,13.932],[74.5961,13.9403],[74.5956,13.9418],[74.5952,13.9417],[74.5931,13.9384],[74.5918,13.934],[74.5909,13.932],[74.5893,13.9308],[74.5878,13.93],[74.5868,13.9294],[74.5822,13.9261],[74.5836,13.9249],[74.5878,13.917],[74.5933,13.8986],[74.5961,13.8868],[74.6016,13.8757],[74.6046,13.8713],[74.6055,13.8705],[74.6094,13.8589],[74.6118,13.8509],[74.6138,13.8433],[74.617,13.8322],[74.6174,13.8282],[74.6201,13.8205],[74.6214,13.8116],[74.6255,13.7951],[74.6349,13.7489],[74.6381,13.7324],[74.6422,13.7085],[74.6437,13.6957],[74.6469,13.679],[74.6586,13.6593],[74.6627,13.6548],[74.6676,13.6392],[74.6695,13.6243],[74.6715,13.6116],[74.6735,13.602],[74.6755,13.5875],[74.679,13.5676],[74.6836,13.5333],[74.6869,13.4988],[74.693,13.4697],[74.6923,13.4508],[74.6961,13.4179],[74.6968,13.4117],[74.6971,13.4072],[74.6961,13.3806],[74.6972,13.3725],[74.6986,13.3593],[74.699,13.356],[74.6995,13.3526],[74.7005,13.3492],[74.7004,13.3462],[74.6984,13.3437],[74.7158,13.3176],[74.7204,13.2872],[74.7235,13.2777],[74.7254,13.2719],[74.7279,13.2661],[74.7305,13.2559],[74.7363,13.2259],[74.7396,13.2127],[74.744,13.1959],[74.7469,13.1877],[74.7531,13.1686],[74.755,13.1613],[74.7568,13.1544],[74.7585,13.1485],[74.7612,13.1374],[74.7637,13.1287],[74.7671,13.115],[74.7702,13.0987],[74.7753,13.0771],[74.7795,13.0715],[74.7774,13.0788],[74.7782,13.0857],[74.7801,13.0944],[74.7789,13.0981],[74.7785,13.0984],[74.7774,13.1017],[74.7785,13.1036],[74.78,13.1044],[74.7826,13.1039],[74.784,13.1021],[74.7847,13.1003],[74.7882,13.0986],[74.7907,13.0969],[74.7933,13.0971],[74.794,13.0983],[74.794,13.0984],[74.7941,13.0984],[74.7941,13.0984],[74.7942,13.0986],[74.795,13.0994],[74.7956,13.1001],[74.7969,13.101],[74.7973,13.1014],[74.7971,13.1021],[74.7977,13.1028],[74.7978,13.1034],[74.7977,13.1037],[74.7978,13.1042],[74.7977,13.1048],[74.798,13.1056],[74.7984,13.1072],[74.7984,13.1079],[74.7985,13.1085],[74.7972,13.1101],[74.7958,13.1109],[74.7959,13.1105],[74.7956,13.11],[74.7948,13.1089],[74.7914,13.113],[74.7919,13.1173],[74.7947,13.118],[74.8022,13.1143],[74.8067,13.1159],[74.8085,13.1134],[74.8101,13.1135],[74.8119,13.1149],[74.8121,13.1172],[74.8128,13.1198],[74.8138,13.1217],[74.8152,13.123],[74.8188,13.1233],[74.8221,13.1238],[74.8222,13.1238],[74.8227,13.1239],[74.8227,13.1239],[74.8228,13.1241],[74.8231,13.1247],[74.8233,13.1254],[74.8234,13.1256],[74.8234,13.1256],[74.8236,13.1263],[74.8239,13.1271],[74.8243,13.1278],[74.8259,13.1293],[74.8276,13.1295],[74.8282,13.1294],[74.8285,13.1293],[74.8288,13.1293],[74.8291,13.1292],[74.8294,13.1292],[74.8299,13.1293],[74.8308,13.1295],[74.8328,13.1299],[74.8338,13.1298],[74.8337,13.129],[74.8345,13.1281],[74.8379,13.1291],[74.8444,13.1295],[74.8512,13.1261],[74.8567,13.1259],[74.8592,13.1274],[74.8606,13.1265],[74.8622,13.1264],[74.8626,13.1261],[74.8626,13.1261],[74.8626,13.1261],[74.8633,13.1247],[74.865,13.122],[74.8671,13.1215],[74.8702,13.1163],[74.8718,13.1119],[74.8735,13.1087],[74.8742,13.1061],[74.8741,13.1022],[74.8736,13.1001],[74.8743,13.0987],[74.8767,13.0961],[74.8796,13.095],[74.8832,13.0967],[74.886,13.098],[74.887,13.0984],[74.8873,13.0984],[74.8896,13.1007],[74.8959,13.1035],[74.9018,13.1062],[74.9051,13.1071],[74.9091,13.1081],[74.9114,13.1102],[74.9082,13.1104],[74.908,13.1113],[74.9086,13.112],[74.9136,13.1147],[74.9138,13.1157],[74.9133,13.1186],[74.9076,13.1211],[74.9078,13.1224],[74.9083,13.1242],[74.9094,13.127],[74.9095,13.1295],[74.9107,13.1306],[74.9118,13.1309],[74.9147,13.1319],[74.9196,13.1386],[74.9325,13.147],[74.9347,13.1443],[74.935,13.1422],[74.9363,13.1413],[74.9378,13.1414],[74.9396,13.1422],[74.9405,13.1426],[74.9416,13.1411],[74.9428,13.1404],[74.9415,13.1396],[74.9419,13.1377],[74.9421,13.1359],[74.9427,13.1354],[74.9433,13.1347],[74.9421,13.1332],[74.9402,13.1327],[74.9392,13.1314],[74.941,13.131],[74.9424,13.1283],[74.9448,13.1254],[74.9471,13.1225],[74.9485,13.12],[74.95,13.1195],[74.953,13.1182],[74.9548,13.1194],[74.9561,13.1202],[74.9593,13.12],[74.9601,13.1226],[74.9619,13.1231],[74.9648,13.1234],[74.9702,13.1256],[74.975,13.1276],[74.9792,13.1344],[74.9832,13.1409],[74.984,13.1439],[74.9883,13.1492],[74.9915,13.1504],[74.9945,13.1543],[74.9975,13.1521],[75.0008,13.1483],[75.0023,13.147],[75.0022,13.1462],[75.0065,13.1435],[75.0154,13.138],[75.0165,13.1349],[75.0177,13.1327],[75.0216,13.1347],[75.0256,13.137],[75.0265,13.1377],[75.0293,13.1379],[75.033,13.1408],[75.0365,13.143],[75.041,13.1405],[75.0437,13.139],[75.0576,13.1379],[75.0662,13.1404],[75.0648,13.1469],[75.0732,13.1489],[75.0796,13.152],[75.0808,13.1573],[75.0846,13.1584],[75.0908,13.1599],[75.0938,13.1617],[75.0974,13.1615],[75.1002,13.1599],[75.1003,13.1558],[75.1032,13.1536],[75.1032,13.151],[75.1057,13.1482],[75.1067,13.1482],[75.114,13.1502],[75.113,13.146],[75.1161,13.1421],[75.1191,13.1391],[75.1198,13.1352],[75.1214,13.1327],[75.124,13.1315],[75.1267,13.1307],[75.1282,13.1299],[75.1298,13.1325],[75.1315,13.1323],[75.1342,13.1327],[75.136,13.1332],[75.1374,13.1309],[75.1388,13.132],[75.1409,13.1318],[75.1426,13.1307],[75.1442,13.132],[75.1448,13.1284],[75.1441,13.1273],[75.145,13.1254],[75.1488,13.1236],[75.1529,13.1256],[75.1579,13.13],[75.1596,13.1303],[75.1603,13.1314],[75.1661,13.1367],[75.1816,13.1549],[75.1851,13.161],[75.2069,13.1583],[75.204,13.1763],[75.186,13.1831],[75.1646,13.2027],[75.1675,13.2073],[75.1665,13.2108],[75.1649,13.2137],[75.1629,13.2208],[75.1608,13.2291],[75.158,13.2372],[75.1575,13.2423],[75.154,13.2543],[75.1448,13.2763],[75.1377,13.2852],[75.1229,13.2776],[75.1075,13.2889],[75.1014,13.2983],[75.0983,13.3061],[75.095,13.3157],[75.0863,13.3277],[75.0806,13.3345],[75.0747,13.3417],[75.0838,13.3476],[75.0899,13.3607],[75.1028,13.3591],[75.1246,13.3663],[75.1242,13.3734],[75.1239,13.3789],[75.1277,13.3817],[75.1323,13.3819],[75.1372,13.3833],[75.1382,13.3861],[75.1417,13.3895],[75.1412,13.3991],[75.1423,13.4146],[75.1487,13.4235],[75.1476,13.4274],[75.1509,13.4311],[75.149,13.4369],[75.1516,13.4444],[75.1559,13.4528],[75.1456,13.457],[75.1401,13.4634],[75.135,13.4632],[75.1319,13.4631],[75.127,13.4644],[75.1229,13.4624],[75.1124,13.4627],[75.1123,13.4667],[75.112,13.4724],[75.1073,13.4798],[75.1019,13.4848],[75.0971,13.4845],[75.0913,13.4914],[75.0843,13.4897],[75.079,13.4983],[75.0771,13.5097],[75.0747,13.5147],[75.0783,13.5216],[75.0736,13.5272],[75.0714,13.5287],[75.0677,13.5271],[75.0651,13.5256],[75.0681,13.5334],[75.0537,13.5364],[75.0556,13.5441],[75.0509,13.554],[75.0453,13.5564],[75.0422,13.5634],[75.0386,13.5675],[75.0372,13.5724],[75.0417,13.5768],[75.0449,13.5832],[75.0478,13.5861],[75.0545,13.5877],[75.057,13.5907],[75.0607,13.5947],[75.062,13.5973],[75.0621,13.6042],[75.0575,13.6105],[75.0409,13.616],[75.0258,13.6281],[75.0142,13.6322],[75.0127,13.639],[75.0077,13.6535],[75.0083,13.6584],[75.0125,13.6659],[75.02,13.6627],[75.0257,13.6664],[75.0239,13.674],[75.0213,13.6751],[75.0151,13.6776],[75.0094,13.6769],[75.009,13.6807],[75.0099,13.6856],[75.0096,13.6893],[75.0079,13.6909],[75.0132,13.6927],[75.0154,13.694],[75.0187,13.6946],[75.0201,13.6972],[75.0163,13.6998],[75.0094,13.7048],[75.0051,13.7089],[75.0032,13.7107],[74.997,13.7112],[74.9875,13.7143],[74.9897,13.7211],[74.9926,13.7257],[74.9944,13.7325],[74.9963,13.7416],[74.9745,13.7529],[74.9398,13.7707],[74.9318,13.7759],[74.9318,13.7847],[74.9214,13.8196],[74.9128,13.824],[74.9146,13.8342],[74.9129,13.843],[74.9127,13.8504],[74.9077,13.8621],[74.8976,13.8644],[74.885,13.8673],[74.8796,13.864],[74.8779,13.8582],[74.8759,13.8561],[74.8715,13.8567],[74.8701,13.8568],[74.8677,13.8588],[74.8645,13.8632],[74.8618,13.867],[74.859,13.871],[74.858,13.8754],[74.8555,13.8805],[74.8502,13.8853],[74.8471,13.8876],[74.8446,13.8911],[74.8389,13.8958],[74.8355,13.8992],[74.8258,13.9035],[74.8155,13.9066],[74.7991,13.908],[74.7871,13.909],[74.7708,13.9138],[74.7683,13.9129],[74.7657,13.912],[74.7628,13.9121],[74.7608,13.9104],[74.7589,13.9086],[74.7568,13.9065],[74.7536,13.9073],[74.7491,13.9077],[74.7448,13.9098],[74.7392,13.91],[74.7339,13.9086],[74.7287,13.9072],[74.7224,13.9048],[74.718,13.9049],[74.7131,13.9043],[74.7135,13.9051],[74.7141,13.908],[74.7146,13.9093],[74.7147,13.9113],[74.7121,13.9143],[74.7103,13.917],[74.7082,13.92],[74.7058,13.922],[74.7035,13.9223],[74.7,13.9228],[74.6965,13.9239],[74.6921,13.9247],[74.689,13.9273],[74.684,13.9341],[74.6847,13.9387],[74.6935,13.9413],[74.6935,13.9458],[74.6942,13.9482],[74.6933,13.9503],[74.6873,13.9568],[74.6799,13.9574],[74.678,13.9603],[74.678,13.9633]]],[[[74.6926,13.3304],[74.6926,13.3321],[74.6915,13.3317],[74.6926,13.3304]]],[[[74.6891,13.3402],[74.6881,13.3392],[74.6886,13.3364],[74.6905,13.3366],[74.6908,13.3393],[74.6891,13.3402]]],[[[74.6847,13.346],[74.6839,13.3457],[74.6835,13.3444],[74.6849,13.3435],[74.6864,13.3422],[74.6879,13.3419],[74.6876,13.344],[74.6855,13.3462],[74.6847,13.346]]]]}},{"type":"Feature","properties":{"name":"Chikkamagaluru","district_name":"Chikkamagaluru"},"geometry":{"type":"Polygon","coordinates":[[[76.293,13.594],[76.2907,13.5959],[76.2891,13.5948],[76.2874,13.5978],[76.2817,13.602],[76.2825,13.6048],[76.2801,13.6061],[76.2767,13.6061],[76.2764,13.6037],[76.2731,13.6058],[76.2762,13.6118],[76.2758,13.6172],[76.2758,13.6224],[76.2793,13.6235],[76.2794,13.6253],[76.2792,13.6292],[76.2809,13.6314],[76.2806,13.634],[76.2808,13.637],[76.2836,13.639],[76.2848,13.6416],[76.2864,13.6434],[76.2859,13.6457],[76.287,13.6472],[76.2856,13.6474],[76.2845,13.6478],[76.282,13.648],[76.2821,13.6491],[76.2783,13.649],[76.2728,13.6488],[76.2679,13.6489],[76.2632,13.649],[76.263,13.6507],[76.2629,13.6518],[76.2624,13.6533],[76.2611,13.6547],[76.2605,13.6554],[76.2599,13.6561],[76.2586,13.6575],[76.2568,13.6597],[76.2545,13.6623],[76.2498,13.6643],[76.2444,13.6672],[76.2414,13.6686],[76.2406,13.6704],[76.2379,13.6748],[76.2343,13.678],[76.2321,13.6789],[76.2287,13.6798],[76.221,13.6832],[76.2211,13.6856],[76.2211,13.6879],[76.2209,13.6895],[76.2208,13.6907],[76.2208,13.692],[76.2209,13.6933],[76.2208,13.6959],[76.2208,13.6979],[76.2207,13.6994],[76.2205,13.7008],[76.2202,13.7031],[76.22,13.706],[76.2198,13.7076],[76.219,13.7105],[76.2171,13.7109],[76.216,13.7111],[76.2146,13.7114],[76.2137,13.7115],[76.2116,13.7117],[76.2092,13.7121],[76.2041,13.7122],[76.1989,13.712],[76.1971,13.7117],[76.1956,13.7122],[76.192,13.7127],[76.1876,13.7147],[76.1801,13.7163],[76.1759,13.718],[76.1732,13.7191],[76.1715,13.7204],[76.1712,13.7225],[76.171,13.724],[76.1708,13.7249],[76.1702,13.7262],[76.1697,13.728],[76.163,13.73],[76.1547,13.7313],[76.1504,13.7323],[76.1486,13.7358],[76.1475,13.7433],[76.1475,13.7438],[76.1475,13.7449],[76.1475,13.7452],[76.1476,13.747],[76.1477,13.7481],[76.1477,13.7483],[76.1477,13.7484],[76.1478,13.7502],[76.1478,13.7511],[76.1455,13.7565],[76.1437,13.7607],[76.1428,13.7631],[76.1424,13.7641],[76.1423,13.7643],[76.1417,13.7656],[76.1398,13.77],[76.1392,13.7715],[76.1388,13.7724],[76.1387,13.7727],[76.1386,13.7728],[76.1386,13.7729],[76.1386,13.773],[76.1385,13.773],[76.1385,13.7731],[76.1377,13.7749],[76.136,13.7788],[76.1344,13.7831],[76.1335,13.7853],[76.133,13.7886],[76.1327,13.7909],[76.1326,13.7947],[76.1309,13.8048],[76.1303,13.8069],[76.1301,13.8095],[76.1301,13.8119],[76.1295,13.8146],[76.122,13.8124],[76.1185,13.8124],[76.1144,13.8171],[76.1133,13.8195],[76.1114,13.8214],[76.1101,13.8235],[76.1096,13.8253],[76.1089,13.8262],[76.1073,13.8287],[76.1069,13.8306],[76.1065,13.8334],[76.1048,13.8363],[76.1038,13.8381],[76.1036,13.841],[76.1035,13.8419],[76.103,13.8472],[76.1023,13.8528],[76.1016,13.8586],[76.0979,13.8646],[76.0904,13.8682],[76.0875,13.8734],[76.0818,13.8765],[76.0798,13.8774],[76.0751,13.8793],[76.0681,13.8791],[76.0605,13.8793],[76.0539,13.8924],[76.0441,13.8976],[76.0335,13.8837],[76.0319,13.8811],[76.031,13.8783],[76.0304,13.8761],[76.0297,13.8748],[76.0283,13.875],[76.0273,13.874],[76.0274,13.873],[76.0283,13.8713],[76.03,13.871],[76.0309,13.869],[76.0308,13.8682],[76.0303,13.8674],[76.0275,13.8678],[76.0264,13.868],[76.0265,13.8672],[76.0258,13.8659],[76.0249,13.8647],[76.024,13.8642],[76.023,13.8633],[76.0223,13.8634],[76.0224,13.8629],[76.0214,13.8624],[76.0204,13.8624],[76.0196,13.8629],[76.0183,13.8638],[76.0172,13.8647],[76.0167,13.8666],[76.0153,13.8699],[76.0058,13.8666],[76.0016,13.8594],[75.9884,13.8478],[75.9786,13.8485],[75.975,13.8524],[75.9725,13.8528],[75.9693,13.8535],[75.9641,13.8461],[75.9608,13.8442],[75.9585,13.8427],[75.9581,13.8416],[75.958,13.8402],[75.9568,13.8398],[75.956,13.8399],[75.9555,13.8391],[75.955,13.8374],[75.9529,13.8369],[75.9534,13.8368],[75.9529,13.8356],[75.9501,13.8333],[75.9484,13.8314],[75.9484,13.8281],[75.9489,13.8259],[75.9497,13.8255],[75.9503,13.824],[75.9501,13.8218],[75.9505,13.8192],[75.9529,13.8174],[75.9483,13.8168],[75.9466,13.8154],[75.9447,13.8135],[75.9422,13.813],[75.9388,13.8127],[75.9353,13.8128],[75.9314,13.8143],[75.9217,13.8095],[75.902,13.8091],[75.8942,13.8111],[75.8771,13.8092],[75.872,13.8098],[75.8528,13.8109],[75.8251,13.8169],[75.8117,13.804],[75.7981,13.7956],[75.7822,13.7942],[75.7773,13.7933],[75.7722,13.796],[75.7638,13.7964],[75.7617,13.7924],[75.7632,13.792],[75.7649,13.7903],[75.7659,13.7884],[75.7647,13.7822],[75.7479,13.7801],[75.7427,13.7769],[75.7215,13.7714],[75.7144,13.7719],[75.7122,13.7679],[75.7012,13.7672],[75.6925,13.7675],[75.6827,13.7596],[75.6883,13.7518],[75.6753,13.759],[75.6642,13.7516],[75.6562,13.7477],[75.666,13.7374],[75.6758,13.7268],[75.674,13.722],[75.6608,13.7188],[75.6504,13.7157],[75.6458,13.7084],[75.6361,13.7021],[75.6299,13.704],[75.6242,13.7022],[75.6187,13.7082],[75.6206,13.7132],[75.6232,13.7291],[75.619,13.739],[75.6094,13.7461],[75.6089,13.7511],[75.6082,13.7598],[75.5976,13.76],[75.5873,13.7591],[75.5829,13.7575],[75.5776,13.7567],[75.5727,13.7559],[75.5703,13.7548],[75.5679,13.7535],[75.5676,13.746],[75.5689,13.7346],[75.5532,13.729],[75.5273,13.7337],[75.5204,13.7433],[75.5207,13.7522],[75.5171,13.7545],[75.5145,13.7538],[75.5105,13.7553],[75.5086,13.7597],[75.5071,13.7645],[75.4939,13.7625],[75.4861,13.7662],[75.4826,13.7563],[75.465,13.7441],[75.4587,13.7282],[75.4484,13.7222],[75.429,13.7152],[75.42,13.7065],[75.4027,13.7035],[75.3842,13.7104],[75.3805,13.7056],[75.3842,13.7044],[75.3927,13.7003],[75.3934,13.7005],[75.3939,13.7001],[75.3942,13.6979],[75.3935,13.6941],[75.3949,13.6933],[75.3973,13.691],[75.3979,13.6885],[75.4055,13.672],[75.406,13.6658],[75.4058,13.6596],[75.4132,13.6537],[75.4111,13.6487],[75.4109,13.6393],[75.4013,13.6276],[75.3933,13.6295],[75.3921,13.6244],[75.3887,13.6186],[75.3875,13.616],[75.3852,13.6126],[75.3779,13.6151],[75.3798,13.6175],[75.3771,13.6199],[75.3665,13.6206],[75.3701,13.5962],[75.3536,13.5932],[75.3493,13.5853],[75.3421,13.5844],[75.3317,13.5846],[75.3274,13.5912],[75.3151,13.5895],[75.3045,13.5843],[75.2973,13.5835],[75.2896,13.5775],[75.2893,13.5767],[75.2884,13.5757],[75.2873,13.5755],[75.2856,13.575],[75.2847,13.5748],[75.2841,13.5747],[75.2833,13.5743],[75.2818,13.5739],[75.2807,13.5731],[75.281,13.5722],[75.2803,13.5726],[75.2792,13.5719],[75.2787,13.5675],[75.2784,13.5646],[75.2708,13.568],[75.2644,13.5854],[75.2563,13.5834],[75.2547,13.589],[75.2544,13.5934],[75.2486,13.5964],[75.2445,13.6054],[75.2374,13.6023],[75.2368,13.6021],[75.236,13.5995],[75.232,13.5999],[75.2301,13.6027],[75.2293,13.604],[75.2256,13.6058],[75.221,13.6035],[75.2225,13.5961],[75.2207,13.5946],[75.2182,13.5915],[75.216,13.59],[75.2123,13.5808],[75.2135,13.577],[75.2232,13.5696],[75.2253,13.5663],[75.2161,13.5583],[75.2188,13.5558],[75.2192,13.5544],[75.2188,13.5537],[75.2183,13.5521],[75.2183,13.5521],[75.2182,13.5521],[75.2182,13.5521],[75.2182,13.5521],[75.2182,13.5521],[75.2182,13.5521],[75.2182,13.5521],[75.2182,13.5521],[75.2182,13.5521],[75.2182,13.552],[75.2182,13.552],[75.2182,13.552],[75.2182,13.552],[75.2182,13.552],[75.2182,13.552],[75.2182,13.552],[75.2182,13.552],[75.2182,13.552],[75.2182,13.552],[75.2182,13.552],[75.2182,13.552],[75.2182,13.552],[75.2182,13.5519],[75.2182,13.5519],[75.2182,13.5519],[75.2182,13.5519],[75.2182,13.5519],[75.2182,13.5519],[75.2182,13.5519],[75.2182,13.5519],[75.2181,13.5519],[75.2181,13.5519],[75.2181,13.5519],[75.2181,13.5519],[75.2181,13.5519],[75.2181,13.5519],[75.2181,13.5519],[75.2181,13.5519],[75.2181,13.5519],[75.2181,13.5519],[75.2181,13.5519],[75.2181,13.5519],[75.2217,13.541],[75.2235,13.5301],[75.2231,13.5259],[75.21,13.5261],[75.2061,13.5209],[75.2042,13.52],[75.2034,13.5186],[75.2069,13.5155],[75.2037,13.511],[75.2021,13.509],[75.1993,13.5098],[75.1952,13.5092],[75.1853,13.5075],[75.1808,13.5042],[75.1795,13.5034],[75.177,13.4988],[75.1701,13.5058],[75.1607,13.4974],[75.1564,13.4893],[75.1406,13.4783],[75.1386,13.4675],[75.1413,13.4595],[75.1522,13.4538],[75.1553,13.4504],[75.1492,13.4408],[75.1517,13.4343],[75.1501,13.43],[75.1472,13.4245],[75.1483,13.4218],[75.1415,13.409],[75.1412,13.3955],[75.1391,13.3886],[75.1375,13.3844],[75.1363,13.3825],[75.1293,13.3839],[75.1262,13.3806],[75.1237,13.3758],[75.1271,13.3715],[75.1183,13.3597],[75.0964,13.3573],[75.0859,13.3551],[75.08,13.3455],[75.0772,13.3387],[75.0831,13.3315],[75.0895,13.3222],[75.0946,13.3132],[75.1003,13.3029],[75.1031,13.296],[75.1145,13.2845],[75.134,13.282],[75.1399,13.2856],[75.1516,13.2634],[75.1561,13.2452],[75.1575,13.2406],[75.1599,13.2328],[75.1615,13.2257],[75.1641,13.2167],[75.1656,13.2122],[75.1674,13.2087],[75.1657,13.2051],[75.1653,13.1984],[75.1938,13.1807],[75.2078,13.1676],[75.2094,13.1513],[75.2219,13.1482],[75.2268,13.1459],[75.231,13.1403],[75.2398,13.1363],[75.25,13.1299],[75.2615,13.1246],[75.264,13.1249],[75.2673,13.1247],[75.2757,13.1307],[75.2785,13.1306],[75.2803,13.1259],[75.2821,13.1251],[75.2847,13.1239],[75.2905,13.1279],[75.2931,13.128],[75.2957,13.1271],[75.3013,13.1264],[75.3064,13.1272],[75.3107,13.133],[75.3134,13.1387],[75.3187,13.1408],[75.3186,13.149],[75.3201,13.1547],[75.3241,13.165],[75.327,13.1658],[75.3292,13.1646],[75.3305,13.1689],[75.3333,13.1718],[75.3356,13.1757],[75.3376,13.1765],[75.3384,13.1784],[75.3439,13.1798],[75.352,13.1844],[75.3556,13.1868],[75.3621,13.183],[75.3663,13.1819],[75.3728,13.1825],[75.385,13.177],[75.3887,13.1706],[75.3941,13.1661],[75.3979,13.1651],[75.4046,13.1595],[75.4085,13.1514],[75.4103,13.1312],[75.408,13.1147],[75.4122,13.1081],[75.4188,13.1075],[75.4268,13.1143],[75.4326,13.1192],[75.4348,13.1177],[75.4406,13.1149],[75.4424,13.1112],[75.4428,13.1078],[75.4478,13.1079],[75.4533,13.1099],[75.4569,13.1082],[75.4632,13.1037],[75.4672,13.1009],[75.4699,13.0987],[75.4666,13.0825],[75.4699,13.0772],[75.4731,13.0785],[75.478,13.0771],[75.4782,13.0787],[75.4784,13.0803],[75.4789,13.0821],[75.4798,13.0836],[75.4809,13.0847],[75.4829,13.0864],[75.4842,13.0874],[75.4859,13.0886],[75.4874,13.0897],[75.492,13.0889],[75.503,13.0752],[75.5191,13.0597],[75.5273,13.0475],[75.5209,13.0315],[75.5305,13.014],[75.5272,13.0019],[75.5258,12.9991],[75.5266,12.9957],[75.5236,12.9916],[75.5212,12.9891],[75.5207,12.987],[75.5018,12.9811],[75.5069,12.981],[75.5152,12.9728],[75.5199,12.9694],[75.5221,12.9687],[75.5267,12.9681],[75.5329,12.9621],[75.5339,12.9598],[75.5364,12.9599],[75.5422,12.9573],[75.5496,12.9532],[75.5518,12.9507],[75.5535,12.9427],[75.5527,12.9276],[75.5529,12.9221],[75.553,12.9172],[75.5519,12.9112],[75.5499,12.9084],[75.5577,12.9139],[75.5641,12.9224],[75.5713,12.9301],[75.5856,12.9406],[75.5928,12.9434],[75.5958,12.946],[75.6012,12.9552],[75.6025,12.9659],[75.6039,12.9694],[75.6057,12.9734],[75.6072,12.9751],[75.615,12.9875],[75.6183,12.9904],[75.6225,12.9967],[75.6244,13.002],[75.6309,13.0106],[75.6375,13.011],[75.6385,13.0141],[75.64,13.0199],[75.6412,13.025],[75.6425,13.0288],[75.6462,13.0319],[75.6477,13.0273],[75.6526,13.0283],[75.661,13.026],[75.6668,13.0302],[75.6731,13.0285],[75.6744,13.0249],[75.6749,13.025],[75.6749,13.026],[75.6749,13.0275],[75.6742,13.0288],[75.6739,13.0297],[75.6752,13.0301],[75.6778,13.0313],[75.6799,13.0311],[75.6827,13.0312],[75.6829,13.0325],[75.6826,13.0342],[75.6837,13.0358],[75.6845,13.0354],[75.6852,13.0349],[75.6864,13.0332],[75.688,13.0332],[75.6905,13.0335],[75.689,13.0374],[75.6894,13.0401],[75.6903,13.0417],[75.6911,13.0442],[75.6934,13.0448],[75.6955,13.046],[75.6957,13.0449],[75.6962,13.0397],[75.6992,13.0359],[75.7055,13.0358],[75.7112,13.036],[75.7174,13.0309],[75.7252,13.0321],[75.7239,13.0272],[75.7277,13.0238],[75.7297,13.0249],[75.7347,13.0274],[75.7405,13.0298],[75.7402,13.0339],[75.7403,13.0378],[75.7405,13.0395],[75.7407,13.0416],[75.7406,13.0458],[75.7396,13.0497],[75.7422,13.0564],[75.7412,13.0628],[75.7426,13.0711],[75.7357,13.0839],[75.731,13.0899],[75.7279,13.1041],[75.7342,13.1096],[75.7387,13.1105],[75.7389,13.1115],[75.7394,13.1125],[75.7402,13.114],[75.7397,13.1147],[75.7388,13.1148],[75.7379,13.1157],[75.7373,13.118],[75.7365,13.1199],[75.7363,13.1207],[75.7387,13.1241],[75.7421,13.1266],[75.7445,13.128],[75.7486,13.1305],[75.7519,13.1334],[75.7522,13.1353],[75.7525,13.1368],[75.7531,13.1398],[75.7517,13.1445],[75.7518,13.1455],[75.7494,13.1455],[75.7483,13.1469],[75.7467,13.1485],[75.7465,13.1491],[75.7449,13.1501],[75.7434,13.15],[75.7402,13.1486],[75.7392,13.15],[75.738,13.1516],[75.7359,13.1535],[75.7347,13.1585],[75.7301,13.1676],[75.7309,13.1695],[75.7306,13.1726],[75.7296,13.1754],[75.729,13.1788],[75.729,13.1804],[75.7281,13.1825],[75.7282,13.1832],[75.7302,13.1843],[75.7321,13.186],[75.7333,13.1884],[75.7337,13.1898],[75.7341,13.1921],[75.7377,13.199],[75.7415,13.2048],[75.7465,13.2069],[75.7502,13.2062],[75.7551,13.2151],[75.7589,13.218],[75.762,13.2159],[75.7651,13.214],[75.7679,13.2126],[75.7712,13.2132],[75.774,13.214],[75.7754,13.2164],[75.7776,13.2126],[75.7798,13.2102],[75.787,13.2125],[75.7905,13.2143],[75.7945,13.2141],[75.7976,13.2147],[75.8027,13.2161],[75.8063,13.2167],[75.8095,13.2207],[75.8097,13.2227],[75.8098,13.2236],[75.8095,13.2254],[75.8093,13.2261],[75.8093,13.2269],[75.8091,13.2278],[75.8092,13.2295],[75.8099,13.2309],[75.813,13.2307],[75.8128,13.2313],[75.8129,13.232],[75.8127,13.2321],[75.8125,13.2326],[75.8115,13.2335],[75.8098,13.2391],[75.809,13.2425],[75.8075,13.2499],[75.8085,13.2575],[75.8133,13.2596],[75.8141,13.2585],[75.8149,13.259],[75.816,13.2589],[75.817,13.2593],[75.8185,13.2592],[75.8199,13.2571],[75.8224,13.2558],[75.8243,13.2531],[75.8267,13.2539],[75.8303,13.257],[75.8345,13.2544],[75.8358,13.253],[75.8372,13.2518],[75.8386,13.2516],[75.8411,13.2519],[75.8429,13.2533],[75.8436,13.2545],[75.845,13.2552],[75.8473,13.256],[75.8497,13.2564],[75.8503,13.2567],[75.8519,13.2586],[75.8554,13.2584],[75.8577,13.2578],[75.8573,13.2568],[75.8555,13.2545],[75.8577,13.2539],[75.8602,13.2521],[75.8599,13.2493],[75.8597,13.2481],[75.8599,13.2463],[75.8599,13.2442],[75.8622,13.2431],[75.8609,13.2411],[75.8616,13.2403],[75.8627,13.2408],[75.8643,13.2417],[75.8692,13.245],[75.873,13.2494],[75.8744,13.2525],[75.8758,13.2553],[75.8773,13.26],[75.8799,13.2604],[75.8874,13.2615],[75.8977,13.2653],[75.9029,13.2614],[75.9069,13.2586],[75.9082,13.2599],[75.9112,13.2607],[75.9127,13.261],[75.914,13.2615],[75.9169,13.2599],[75.9324,13.2564],[75.9446,13.259],[75.9681,13.2624],[75.974,13.263],[75.9777,13.2648],[75.9816,13.2659],[75.9845,13.2662],[75.9845,13.2656],[75.9848,13.2639],[75.9886,13.2645],[75.9901,13.2602],[75.9915,13.2602],[76.0019,13.2607],[76.0084,13.2604],[76.013,13.2613],[76.015,13.2613],[76.0175,13.2578],[76.0176,13.254],[76.0179,13.25],[76.0217,13.2516],[76.0261,13.2505],[76.028,13.2503],[76.0319,13.2495],[76.0367,13.2496],[76.0372,13.2528],[76.0386,13.2572],[76.0391,13.2611],[76.0396,13.2656],[76.0413,13.2663],[76.0407,13.2676],[76.0418,13.271],[76.0407,13.2813],[76.0379,13.295],[76.0332,13.3017],[76.0336,13.3076],[76.0338,13.3138],[76.0345,13.3174],[76.0365,13.32],[76.0355,13.3207],[76.0321,13.3214],[76.0343,13.3331],[76.0337,13.3369],[76.0331,13.3393],[76.029,13.3455],[76.0323,13.3461],[76.0346,13.3512],[76.035,13.3523],[76.0359,13.3541],[76.0409,13.3638],[76.0411,13.3659],[76.0395,13.3673],[76.0393,13.3688],[76.0399,13.3704],[76.0405,13.3722],[76.0417,13.3742],[76.0482,13.3774],[76.0505,13.3788],[76.053,13.3795],[76.0559,13.3814],[76.062,13.3796],[76.0711,13.3768],[76.0763,13.3749],[76.0794,13.3738],[76.0834,13.3717],[76.0882,13.3736],[76.0873,13.3755],[76.0873,13.379],[76.0874,13.3823],[76.088,13.3852],[76.0892,13.3873],[76.089,13.3923],[76.0965,13.3931],[76.0994,13.392],[76.1067,13.3949],[76.1103,13.3964],[76.1109,13.3995],[76.1141,13.4007],[76.1187,13.401],[76.1288,13.4002],[76.1295,13.4027],[76.1318,13.4046],[76.1342,13.4056],[76.1371,13.4057],[76.1389,13.4067],[76.1396,13.4081],[76.1405,13.4098],[76.1397,13.411],[76.1389,13.4121],[76.1386,13.4129],[76.1389,13.4168],[76.1397,13.4187],[76.1409,13.4201],[76.1403,13.4215],[76.1393,13.4256],[76.1395,13.4291],[76.1401,13.4362],[76.1381,13.4398],[76.1365,13.4441],[76.1397,13.4445],[76.1414,13.4459],[76.1445,13.4472],[76.147,13.4487],[76.1484,13.4518],[76.1555,13.459],[76.1607,13.4634],[76.162,13.4695],[76.1635,13.4694],[76.1658,13.4697],[76.1735,13.4698],[76.1794,13.469],[76.1833,13.4689],[76.1891,13.4697],[76.1936,13.4661],[76.1931,13.4631],[76.1915,13.4586],[76.1889,13.4548],[76.1882,13.4523],[76.1913,13.4517],[76.1933,13.4504],[76.1943,13.4507],[76.1967,13.4505],[76.1997,13.4532],[76.1997,13.4553],[76.1994,13.4572],[76.1998,13.459],[76.1995,13.4624],[76.199,13.4643],[76.1981,13.4692],[76.2033,13.4691],[76.211,13.4678],[76.2239,13.4677],[76.232,13.4688],[76.233,13.472],[76.2333,13.4771],[76.2343,13.4805],[76.2295,13.4847],[76.2351,13.5028],[76.2419,13.5081],[76.2443,13.5082],[76.246,13.5082],[76.2478,13.5084],[76.2495,13.5088],[76.2521,13.5094],[76.2567,13.5106],[76.261,13.5115],[76.2623,13.5053],[76.2697,13.5064],[76.2754,13.5063],[76.2768,13.5057],[76.2782,13.5056],[76.2798,13.5056],[76.2801,13.505],[76.2823,13.5054],[76.2858,13.5054],[76.2925,13.5047],[76.2917,13.5118],[76.2925,13.518],[76.2925,13.5224],[76.2935,13.5258],[76.2937,13.5272],[76.2965,13.5248],[76.3004,13.5225],[76.3029,13.5237],[76.3064,13.5244],[76.308,13.5258],[76.312,13.5254],[76.3115,13.5274],[76.3125,13.5302],[76.3159,13.5319],[76.3163,13.5366],[76.3176,13.5391],[76.3207,13.5371],[76.3223,13.5348],[76.3239,13.5301],[76.327,13.525],[76.333,13.5195],[76.3386,13.5161],[76.3451,13.5138],[76.3481,13.5182],[76.3482,13.5211],[76.3493,13.5253],[76.3532,13.5258],[76.3543,13.5272],[76.3569,13.5278],[76.362,13.5302],[76.3623,13.5336],[76.3641,13.5452],[76.3664,13.5483],[76.3575,13.5626],[76.3481,13.5769],[76.3409,13.5774],[76.3395,13.5814],[76.3364,13.5883],[76.3305,13.5948],[76.3229,13.5939],[76.3203,13.5936],[76.3143,13.5925],[76.3116,13.592],[76.31,13.5918],[76.3096,13.5917],[76.3081,13.5915],[76.3047,13.5894],[76.3041,13.5889],[76.3009,13.5888],[76.2994,13.5899],[76.2974,13.5892],[76.2955,13.5902],[76.2937,13.5915],[76.2922,13.5924],[76.293,13.594],[76.293,13.594]]]}},{"type":"Feature","properties":{"name":"Tumakuru","district_name":"Tumakuru"},"geometry":{"type":"MultiPolygon","coordinates":[[[[77.2199,13.275],[77.2208,13.2803],[77.2219,13.2864],[77.2224,13.2885],[77.223,13.2907],[77.2228,13.2968],[77.2275,13.3086],[77.229,13.3141],[77.2294,13.3143],[77.2301,13.3145],[77.2315,13.3136],[77.2321,13.3134],[77.2324,13.3118],[77.2333,13.3108],[77.2342,13.3103],[77.2357,13.3107],[77.2376,13.3096],[77.2393,13.309],[77.2399,13.3077],[77.2405,13.3068],[77.2414,13.3058],[77.2419,13.3052],[77.2421,13.3032],[77.2465,13.3024],[77.2527,13.3027],[77.2546,13.3066],[77.2581,13.3092],[77.2635,13.3105],[77.267,13.3108],[77.2701,13.3107],[77.2694,13.3086],[77.2701,13.3055],[77.2719,13.3029],[77.2728,13.3018],[77.2742,13.2997],[77.2749,13.2985],[77.277,13.2976],[77.2822,13.297],[77.2811,13.3002],[77.2807,13.302],[77.2807,13.3031],[77.2809,13.3042],[77.2811,13.3056],[77.2812,13.3091],[77.2816,13.3108],[77.2835,13.3112],[77.2859,13.311],[77.2868,13.311],[77.2871,13.3111],[77.2902,13.3113],[77.2956,13.3105],[77.3006,13.3101],[77.3023,13.3104],[77.3045,13.3105],[77.3058,13.3101],[77.3075,13.31],[77.3094,13.3118],[77.3098,13.3141],[77.3101,13.3162],[77.3103,13.3166],[77.311,13.3183],[77.312,13.3207],[77.3147,13.3215],[77.3173,13.3227],[77.3212,13.3243],[77.3245,13.3266],[77.3283,13.3286],[77.3292,13.3298],[77.3301,13.3294],[77.3327,13.3289],[77.3355,13.3289],[77.3385,13.3288],[77.3387,13.3304],[77.3393,13.3342],[77.341,13.3356],[77.3422,13.3367],[77.343,13.3368],[77.3439,13.3386],[77.3448,13.3422],[77.3454,13.3448],[77.3455,13.3467],[77.3439,13.3499],[77.3425,13.351],[77.3416,13.3549],[77.3423,13.3582],[77.3427,13.3626],[77.3431,13.3644],[77.343,13.3662],[77.3439,13.3684],[77.3449,13.3709],[77.3433,13.3737],[77.3402,13.3745],[77.3409,13.379],[77.3424,13.384],[77.3436,13.3857],[77.3436,13.3885],[77.3437,13.3916],[77.3429,13.3941],[77.343,13.3977],[77.3419,13.4008],[77.3426,13.4022],[77.3429,13.403],[77.344,13.4054],[77.3447,13.407],[77.3452,13.4082],[77.3456,13.4091],[77.3459,13.411],[77.3463,13.413],[77.3468,13.4154],[77.3474,13.418],[77.3493,13.417],[77.3531,13.4152],[77.3562,13.4144],[77.3583,13.4145],[77.3618,13.4152],[77.3633,13.417],[77.3649,13.4257],[77.364,13.4282],[77.3637,13.4327],[77.3626,13.4361],[77.3585,13.438],[77.3552,13.4396],[77.3537,13.441],[77.3496,13.4446],[77.349,13.4462],[77.3492,13.4485],[77.3491,13.4525],[77.3489,13.4566],[77.3499,13.4574],[77.3536,13.4594],[77.3566,13.4621],[77.3656,13.4621],[77.367,13.4695],[77.3702,13.4702],[77.3711,13.4786],[77.3763,13.4858],[77.3785,13.493],[77.3836,13.4976],[77.3827,13.5025],[77.3828,13.5047],[77.3821,13.5121],[77.3817,13.5147],[77.3871,13.5186],[77.3909,13.522],[77.3915,13.5273],[77.3847,13.5375],[77.3819,13.5419],[77.3805,13.5446],[77.3797,13.5481],[77.384,13.5503],[77.3843,13.5521],[77.3836,13.557],[77.3834,13.5636],[77.3832,13.5686],[77.3831,13.5724],[77.383,13.575],[77.3811,13.5776],[77.3774,13.584],[77.374,13.5898],[77.3692,13.5886],[77.3639,13.5901],[77.3638,13.5952],[77.3628,13.6023],[77.3604,13.6131],[77.3618,13.622],[77.3654,13.6285],[77.367,13.6359],[77.3687,13.6411],[77.3725,13.6421],[77.3751,13.6423],[77.3773,13.6505],[77.3945,13.6656],[77.3967,13.6737],[77.4046,13.6762],[77.4167,13.6757],[77.4252,13.6751],[77.4302,13.6743],[77.4353,13.6733],[77.4353,13.6748],[77.4358,13.679],[77.4372,13.6838],[77.4415,13.6835],[77.4464,13.683],[77.4527,13.6822],[77.4541,13.6824],[77.455,13.6932],[77.4515,13.7111],[77.4637,13.723],[77.4666,13.7402],[77.4692,13.7555],[77.4635,13.7725],[77.4615,13.788],[77.4583,13.7931],[77.4649,13.8024],[77.4556,13.8077],[77.4428,13.8085],[77.4332,13.7961],[77.4275,13.8031],[77.4187,13.807],[77.4191,13.8113],[77.4261,13.8251],[77.432,13.8361],[77.4235,13.8414],[77.4021,13.8405],[77.3831,13.839],[77.3788,13.8493],[77.363,13.854],[77.3368,13.8327],[77.3245,13.8373],[77.3215,13.8478],[77.3212,13.8562],[77.2919,13.8525],[77.2705,13.848],[77.2561,13.8495],[77.2589,13.8624],[77.2547,13.8643],[77.247,13.8691],[77.2476,13.8807],[77.248,13.8976],[77.2427,13.9026],[77.2302,13.8986],[77.2301,13.8928],[77.2266,13.8823],[77.2235,13.8797],[77.2221,13.8738],[77.2155,13.8701],[77.2161,13.8777],[77.2168,13.8838],[77.2155,13.8857],[77.2117,13.885],[77.2099,13.884],[77.2102,13.8781],[77.2076,13.8747],[77.206,13.872],[77.1939,13.8651],[77.1862,13.8834],[77.186,13.8862],[77.1861,13.8925],[77.1887,13.9064],[77.1642,13.9114],[77.1687,13.889],[77.1686,13.8843],[77.1693,13.8795],[77.1697,13.8781],[77.1714,13.871],[77.1469,13.8677],[77.1346,13.8562],[77.1286,13.8556],[77.1323,13.8463],[77.1436,13.8464],[77.1485,13.8451],[77.1533,13.8365],[77.1689,13.8307],[77.1678,13.8208],[77.1612,13.8137],[77.1624,13.8083],[77.1622,13.8044],[77.1773,13.7833],[77.1765,13.7729],[77.1751,13.7684],[77.1734,13.7621],[77.1623,13.7637],[77.149,13.7659],[77.138,13.7594],[77.1293,13.7594],[77.1219,13.7617],[77.1181,13.7647],[77.1053,13.7676],[77.0937,13.7669],[77.0897,13.764],[77.0843,13.7567],[77.0843,13.7448],[77.0718,13.7451],[77.0631,13.7456],[77.0601,13.7509],[77.0591,13.7591],[77.0534,13.7618],[77.0508,13.7644],[77.05,13.7666],[77.0478,13.7694],[77.0437,13.7708],[77.0406,13.7782],[77.0234,13.7692],[77.0191,13.759],[77.017,13.7457],[77.0155,13.7385],[76.9975,13.7477],[76.993,13.7669],[76.9855,13.7887],[76.9879,13.7931],[76.9908,13.8069],[76.9885,13.8134],[76.9764,13.8179],[76.9839,13.8298],[76.9906,13.8386],[76.9959,13.8484],[77.0126,13.863],[77.018,13.8749],[77.0183,13.8856],[77.0229,13.895],[77.0219,13.9012],[77.0332,13.9055],[77.0448,13.9137],[77.0353,13.9374],[77.0246,13.9401],[77.0196,13.9468],[77.0043,13.9576],[76.9941,13.9642],[76.9968,13.9747],[76.9998,13.9881],[76.9932,13.9929],[76.9698,14.0087],[76.9577,14.012],[76.9501,14.0146],[76.9459,14.0208],[76.9457,14.0223],[76.9327,14.0329],[76.9311,14.0344],[76.9334,14.0445],[76.9363,14.0538],[76.9491,14.0536],[76.9719,14.0585],[76.9775,14.071],[76.9669,14.0873],[76.9485,14.0921],[76.9461,14.0909],[76.9421,14.0885],[76.9379,14.0853],[76.9344,14.083],[76.9304,14.0794],[76.9269,14.0751],[76.9251,14.0698],[76.9243,14.0665],[76.9235,14.061],[76.9228,14.0566],[76.9198,14.0579],[76.9167,14.0608],[76.91,14.0636],[76.9068,14.0623],[76.9032,14.0602],[76.9003,14.0582],[76.8981,14.0567],[76.8938,14.0528],[76.887,14.0466],[76.8868,14.0434],[76.8868,14.0401],[76.886,14.037],[76.8853,14.035],[76.8844,14.0329],[76.8834,14.0306],[76.8821,14.0264],[76.8806,14.024],[76.8801,14.0203],[76.8794,14.0186],[76.876,14.019],[76.8759,14.0176],[76.8756,14.0155],[76.8738,14.0122],[76.8711,14.01],[76.8677,14.0116],[76.8644,14.0131],[76.8616,14.0144],[76.8612,14.0144],[76.8604,14.0146],[76.8571,14.0159],[76.8535,14.0167],[76.8476,14.0176],[76.8395,14.0183],[76.8364,14.0135],[76.8362,14.0112],[76.8351,14.0067],[76.8333,14.0032],[76.8303,14.0028],[76.8224,13.9993],[76.8233,13.9942],[76.8261,13.9924],[76.8289,13.9903],[76.8325,13.9897],[76.8347,13.9888],[76.8367,13.9881],[76.8393,13.987],[76.841,13.9852],[76.843,13.9838],[76.8446,13.983],[76.849,13.9807],[76.8484,13.9742],[76.8484,13.9687],[76.8488,13.9647],[76.841,13.9618],[76.833,13.9563],[76.8289,13.9529],[76.8219,13.9463],[76.8194,13.9385],[76.8185,13.9368],[76.8141,13.9362],[76.8139,13.9325],[76.8138,13.929],[76.8141,13.9252],[76.8144,13.9231],[76.8153,13.9175],[76.813,13.9152],[76.8098,13.915],[76.8071,13.9155],[76.8038,13.9158],[76.8013,13.9162],[76.7984,13.9176],[76.7969,13.9186],[76.7948,13.9194],[76.7915,13.9211],[76.7908,13.9213],[76.787,13.922],[76.784,13.9231],[76.7801,13.9242],[76.7753,13.9246],[76.7712,13.924],[76.7688,13.924],[76.7655,13.9239],[76.7627,13.9215],[76.7599,13.9211],[76.7542,13.9196],[76.7522,13.9195],[76.7498,13.9161],[76.7517,13.9108],[76.751,13.9069],[76.7468,13.9059],[76.744,13.9051],[76.7378,13.9038],[76.736,13.9033],[76.7346,13.9028],[76.733,13.9021],[76.7315,13.9016],[76.7302,13.9011],[76.7264,13.8998],[76.7226,13.8986],[76.7211,13.8951],[76.7227,13.8907],[76.7251,13.887],[76.7271,13.8842],[76.7297,13.881],[76.7309,13.8813],[76.7324,13.8791],[76.7332,13.8776],[76.7341,13.8762],[76.7345,13.8753],[76.7352,13.8735],[76.7357,13.8704],[76.7392,13.8663],[76.7405,13.865],[76.746,13.8578],[76.7514,13.8511],[76.7566,13.8431],[76.7675,13.8353],[76.7648,13.8226],[76.7647,13.818],[76.7658,13.8126],[76.7689,13.8053],[76.7692,13.8015],[76.7677,13.7938],[76.7663,13.7897],[76.7655,13.7859],[76.7646,13.7823],[76.7614,13.7818],[76.7608,13.7817],[76.7584,13.782],[76.7557,13.7829],[76.7514,13.7832],[76.7493,13.7834],[76.7467,13.7835],[76.7439,13.7835],[76.7421,13.7835],[76.74,13.7836],[76.7386,13.7837],[76.7372,13.7838],[76.7345,13.7841],[76.7327,13.7842],[76.7301,13.7851],[76.7299,13.7869],[76.7294,13.7892],[76.7272,13.7922],[76.7275,13.7972],[76.7214,13.7986],[76.7168,13.7926],[76.7149,13.7857],[76.7097,13.7829],[76.7069,13.7783],[76.7023,13.7749],[76.6952,13.7644],[76.6958,13.7549],[76.691,13.752],[76.6893,13.748],[76.6846,13.732],[76.6898,13.7294],[76.692,13.7264],[76.6921,13.7259],[76.6915,13.6972],[76.6777,13.7],[76.6733,13.7181],[76.666,13.7205],[76.6574,13.7196],[76.649,13.7174],[76.6466,13.7167],[76.638,13.7144],[76.6354,13.714],[76.6314,13.7138],[76.6282,13.7209],[76.6252,13.732],[76.6228,13.7341],[76.6156,13.7307],[76.6127,13.7259],[76.6032,13.7253],[76.6,13.725],[76.5983,13.7239],[76.5964,13.7205],[76.5911,13.7195],[76.5858,13.7187],[76.5715,13.7078],[76.5766,13.6927],[76.5722,13.6878],[76.5672,13.687],[76.562,13.684],[76.5601,13.6837],[76.5561,13.6831],[76.5539,13.6818],[76.5529,13.6789],[76.5491,13.6759],[76.5446,13.6695],[76.5388,13.6636],[76.5291,13.6671],[76.5324,13.6556],[76.5315,13.6493],[76.5179,13.6389],[76.5165,13.634],[76.5123,13.6319],[76.5038,13.63],[76.4974,13.6276],[76.4965,13.623],[76.4877,13.6228],[76.4791,13.6219],[76.474,13.6209],[76.4674,13.6202],[76.4644,13.6201],[76.461,13.6201],[76.4595,13.6178],[76.4578,13.6154],[76.4561,13.6128],[76.4562,13.6098],[76.4567,13.6034],[76.4588,13.6004],[76.4587,13.5984],[76.456,13.5959],[76.4549,13.5937],[76.4538,13.5909],[76.452,13.591],[76.447,13.5918],[76.4447,13.5927],[76.442,13.5935],[76.4404,13.594],[76.4392,13.5939],[76.4383,13.5935],[76.4371,13.5936],[76.4357,13.5938],[76.4341,13.5938],[76.4278,13.5908],[76.4256,13.5828],[76.4242,13.581],[76.4192,13.5787],[76.4162,13.5785],[76.4148,13.5785],[76.4094,13.5801],[76.4077,13.5852],[76.4064,13.5872],[76.4052,13.5901],[76.4018,13.5922],[76.3997,13.5941],[76.399,13.5946],[76.398,13.5937],[76.3979,13.5909],[76.3965,13.5904],[76.3951,13.5903],[76.3923,13.5907],[76.3902,13.587],[76.3876,13.5834],[76.3854,13.5807],[76.3834,13.5791],[76.3813,13.5785],[76.3806,13.5818],[76.3792,13.5872],[76.3774,13.5899],[76.3746,13.5915],[76.3716,13.5917],[76.368,13.5899],[76.3618,13.5858],[76.3586,13.5828],[76.353,13.5792],[76.3641,13.5473],[76.3669,13.5481],[76.3792,13.541],[76.3856,13.5364],[76.3884,13.5344],[76.3948,13.5359],[76.3964,13.5326],[76.3977,13.5282],[76.4037,13.526],[76.4086,13.5255],[76.4144,13.5249],[76.4222,13.522],[76.417,13.514],[76.4113,13.5077],[76.4065,13.5056],[76.4035,13.5063],[76.401,13.506],[76.3983,13.5061],[76.3969,13.5021],[76.3963,13.4993],[76.3964,13.4961],[76.4012,13.4916],[76.4073,13.4858],[76.4152,13.4812],[76.4109,13.4714],[76.4078,13.4594],[76.418,13.4475],[76.4142,13.4422],[76.4115,13.4386],[76.4078,13.4337],[76.401,13.4233],[76.3974,13.4066],[76.3959,13.4017],[76.3922,13.3906],[76.3927,13.387],[76.3934,13.3792],[76.3854,13.3702],[76.3829,13.3668],[76.3825,13.3641],[76.3763,13.364],[76.3711,13.3632],[76.3659,13.3624],[76.3625,13.3625],[76.3543,13.362],[76.3466,13.3602],[76.346,13.3592],[76.3462,13.3547],[76.3465,13.3468],[76.348,13.3393],[76.3519,13.3335],[76.3515,13.3251],[76.3483,13.3092],[76.348,13.3055],[76.3489,13.2981],[76.3471,13.2975],[76.3515,13.2937],[76.3566,13.2876],[76.3572,13.2811],[76.3568,13.2771],[76.3574,13.276],[76.3566,13.273],[76.356,13.2698],[76.3557,13.2675],[76.3552,13.2644],[76.3556,13.2636],[76.3576,13.2626],[76.3582,13.2596],[76.3567,13.2513],[76.3598,13.25],[76.3644,13.2416],[76.3649,13.2387],[76.3662,13.2346],[76.3737,13.2337],[76.3761,13.2333],[76.3799,13.2318],[76.38,13.2249],[76.3799,13.2223],[76.379,13.2203],[76.3764,13.216],[76.3696,13.2127],[76.3696,13.2086],[76.3701,13.2054],[76.37,13.2001],[76.3735,13.1999],[76.3774,13.1999],[76.3806,13.1989],[76.3838,13.1983],[76.3868,13.1984],[76.3937,13.1961],[76.3938,13.1924],[76.4003,13.1911],[76.4127,13.1915],[76.4146,13.1888],[76.4186,13.1864],[76.4244,13.1835],[76.4271,13.1791],[76.4303,13.1718],[76.4373,13.1702],[76.442,13.1699],[76.4452,13.1684],[76.4467,13.1638],[76.4489,13.1599],[76.4506,13.1591],[76.4526,13.1568],[76.4547,13.1532],[76.4552,13.1508],[76.4574,13.151],[76.4632,13.1506],[76.4664,13.1508],[76.4732,13.1498],[76.4719,13.1449],[76.4703,13.1386],[76.4696,13.1309],[76.4695,13.1256],[76.4691,13.1181],[76.4695,13.1151],[76.4697,13.1135],[76.4699,13.1113],[76.4706,13.1065],[76.4719,13.1001],[76.4725,13.098],[76.4729,13.0964],[76.4724,13.093],[76.4757,13.0922],[76.4795,13.0913],[76.4837,13.0921],[76.4873,13.0933],[76.4882,13.0937],[76.4893,13.0938],[76.4909,13.0947],[76.4945,13.0945],[76.4952,13.0917],[76.4955,13.088],[76.4962,13.0861],[76.5057,13.0787],[76.507,13.0773],[76.5111,13.0719],[76.5156,13.069],[76.5205,13.0717],[76.5222,13.0755],[76.5226,13.0783],[76.5265,13.0784],[76.5301,13.0778],[76.5347,13.0767],[76.5442,13.0775],[76.5496,13.0773],[76.5521,13.0769],[76.5595,13.0747],[76.5642,13.0739],[76.5683,13.0745],[76.5723,13.0736],[76.5854,13.071],[76.589,13.0736],[76.591,13.0747],[76.5982,13.0736],[76.6078,13.0738],[76.6143,13.0683],[76.6158,13.0665],[76.6171,13.0645],[76.6182,13.0634],[76.6183,13.0625],[76.6186,13.0604],[76.6191,13.0584],[76.6195,13.0564],[76.6164,13.0543],[76.6081,13.0567],[76.6065,13.0553],[76.6059,13.054],[76.6051,13.0494],[76.6031,13.0412],[76.6058,13.0388],[76.6069,13.0377],[76.6076,13.0335],[76.6084,13.0287],[76.6073,13.0255],[76.6064,13.0231],[76.6051,13.0192],[76.6088,13.0103],[76.6289,13.0048],[76.6341,13.0066],[76.6456,13.0096],[76.6531,13.0077],[76.654,13.0092],[76.6571,13.0125],[76.6585,13.0158],[76.6582,13.0182],[76.6584,13.0199],[76.6598,13.0211],[76.6592,13.0241],[76.6611,13.0277],[76.6628,13.0312],[76.6643,13.0349],[76.6655,13.037],[76.6692,13.0473],[76.6706,13.0527],[76.6772,13.0528],[76.6797,13.0496],[76.6834,13.046],[76.688,13.0415],[76.6919,13.0382],[76.7019,13.0412],[76.715,13.0403],[76.7179,13.0405],[76.7181,13.0402],[76.728,13.0395],[76.7344,13.0386],[76.7396,13.0376],[76.7421,13.0371],[76.7481,13.0364],[76.7549,13.0368],[76.7574,13.0354],[76.7608,13.036],[76.7665,13.0352],[76.7753,13.033],[76.7828,13.0287],[76.7851,13.0184],[76.7872,13.0145],[76.7886,13.0145],[76.7948,13.0151],[76.7991,13.0142],[76.801,13.0134],[76.8036,13.0128],[76.8064,13.0121],[76.809,13.0126],[76.8108,13.0133],[76.8129,13.0136],[76.8155,13.0134],[76.816,13.0122],[76.8167,13.0099],[76.8185,13.0076],[76.8221,13.0042],[76.8252,13.0028],[76.8264,13.0025],[76.8291,13.0017],[76.8301,12.9971],[76.8399,12.9895],[76.8478,12.9815],[76.8508,12.9751],[76.8397,12.9737],[76.8418,12.966],[76.8408,12.9636],[76.8398,12.9587],[76.8398,12.9559],[76.8387,12.9523],[76.8378,12.9476],[76.837,12.9434],[76.8487,12.9439],[76.8493,12.9388],[76.8609,12.9358],[76.8623,12.9307],[76.8672,12.9296],[76.8772,12.932],[76.882,12.9336],[76.8892,12.934],[76.8969,12.921],[76.896,12.9207],[76.893,12.9196],[76.8884,12.9188],[76.8862,12.919],[76.8816,12.9206],[76.88,12.92],[76.8785,12.9191],[76.8739,12.9182],[76.8679,12.9186],[76.8646,12.9134],[76.8654,12.9057],[76.8707,12.8994],[76.8729,12.8975],[76.8819,12.8977],[76.8881,12.8946],[76.8922,12.882],[76.8935,12.8741],[76.8927,12.8621],[76.8914,12.8541],[76.8927,12.8482],[76.9003,12.8451],[76.9041,12.8374],[76.9091,12.8247],[76.9169,12.8189],[76.9199,12.8118],[76.9268,12.8019],[76.9383,12.8026],[76.9475,12.8018],[76.9563,12.802],[76.9678,12.8023],[76.974,12.8002],[76.9795,12.7912],[76.9918,12.7866],[76.997,12.7786],[77.0091,12.7799],[77.0068,12.7723],[77.0077,12.7709],[77.0083,12.7691],[77.0086,12.7675],[77.0085,12.7665],[77.0087,12.7652],[77.0118,12.7633],[77.016,12.7625],[77.0188,12.7622],[77.0222,12.763],[77.0249,12.7623],[77.026,12.7625],[77.0269,12.7649],[77.0299,12.7658],[77.0309,12.7666],[77.0331,12.7688],[77.0355,12.7695],[77.0439,12.7776],[77.0467,12.765],[77.0468,12.7597],[77.0481,12.7568],[77.0492,12.7519],[77.0493,12.748],[77.0552,12.7515],[77.0582,12.7526],[77.0601,12.7544],[77.0662,12.7575],[77.0682,12.7593],[77.0722,12.756],[77.074,12.7519],[77.0782,12.7466],[77.0791,12.7528],[77.0798,12.7591],[77.0851,12.7564],[77.086,12.7511],[77.0899,12.7512],[77.0918,12.7517],[77.0924,12.7559],[77.0918,12.7615],[77.0918,12.7647],[77.0942,12.7698],[77.0964,12.7738],[77.1012,12.7771],[77.1065,12.7798],[77.1077,12.7802],[77.1104,12.7774],[77.113,12.7767],[77.117,12.7758],[77.121,12.7748],[77.1269,12.7771],[77.1333,12.7807],[77.1354,12.7821],[77.1425,12.7825],[77.1469,12.7858],[77.1504,12.788],[77.1488,12.7969],[77.1451,12.8017],[77.1385,12.8109],[77.1384,12.8134],[77.141,12.8174],[77.1436,12.8202],[77.1478,12.8206],[77.1522,12.8223],[77.1535,12.8238],[77.1556,12.8258],[77.1572,12.8273],[77.1555,12.8288],[77.1527,12.8306],[77.1501,12.8304],[77.1508,12.8342],[77.1485,12.8374],[77.1485,12.8395],[77.1481,12.8409],[77.1493,12.843],[77.1495,12.8459],[77.1489,12.8467],[77.1471,12.8487],[77.1459,12.8493],[77.1449,12.851],[77.1424,12.8518],[77.1373,12.8544],[77.1358,12.8607],[77.1357,12.8607],[77.1338,12.8594],[77.1329,12.8634],[77.133,12.8656],[77.1333,12.869],[77.1334,12.8706],[77.1337,12.873],[77.1342,12.8764],[77.1345,12.8782],[77.1327,12.8791],[77.1325,12.8823],[77.1331,12.8883],[77.119,12.8843],[77.1072,12.8891],[77.108,12.893],[77.1141,12.8969],[77.1143,12.8967],[77.1143,12.8967],[77.1143,12.8967],[77.1143,12.8967],[77.1144,12.8967],[77.1144,12.8967],[77.1173,12.8972],[77.1183,12.8983],[77.1203,12.8995],[77.1235,12.8973],[77.1232,12.9012],[77.1244,12.9016],[77.1245,12.9016],[77.1274,12.8995],[77.1322,12.898],[77.1326,12.8985],[77.1333,12.8993],[77.1338,12.8997],[77.1346,12.9002],[77.1348,12.9004],[77.1364,12.9014],[77.136,12.9033],[77.1362,12.9045],[77.1369,12.9068],[77.1377,12.909],[77.1383,12.9103],[77.1386,12.9102],[77.1407,12.9154],[77.1415,12.9163],[77.1427,12.9162],[77.144,12.9172],[77.1459,12.9168],[77.1484,12.9162],[77.1502,12.9159],[77.1522,12.9164],[77.1531,12.9148],[77.1552,12.9142],[77.1569,12.914],[77.1578,12.9137],[77.1585,12.9154],[77.1596,12.9168],[77.16,12.9182],[77.1608,12.9194],[77.1616,12.92],[77.1622,12.9221],[77.163,12.923],[77.1635,12.9238],[77.1643,12.9263],[77.1647,12.9283],[77.1652,12.9288],[77.1642,12.9307],[77.1642,12.9314],[77.1637,12.9329],[77.1627,12.9342],[77.1615,12.9345],[77.1607,12.9374],[77.1587,12.9391],[77.1574,12.9414],[77.157,12.9421],[77.1573,12.9441],[77.1572,12.9453],[77.1568,12.9469],[77.1565,12.948],[77.156,12.9503],[77.1561,12.9519],[77.156,12.9535],[77.1564,12.9553],[77.1569,12.9575],[77.1541,12.9592],[77.1481,12.9624],[77.1427,12.9639],[77.1399,12.9661],[77.1373,12.9684],[77.1357,12.9706],[77.1352,12.9716],[77.1349,12.9721],[77.1339,12.973],[77.1331,12.9738],[77.1323,12.9749],[77.1313,12.9756],[77.1304,12.978],[77.1321,12.9808],[77.132,12.9833],[77.1328,12.9862],[77.1355,12.9853],[77.1382,12.9853],[77.1397,12.9848],[77.1422,12.9862],[77.1434,12.9863],[77.1447,12.9862],[77.1446,12.9873],[77.1421,12.9905],[77.1418,12.9913],[77.1416,12.9916],[77.1423,12.9916],[77.1422,12.992],[77.141,12.9925],[77.1402,12.9938],[77.1394,12.9944],[77.1378,12.9949],[77.1369,12.9955],[77.1356,12.9963],[77.1357,12.9966],[77.1363,12.9989],[77.1364,13.0007],[77.1362,13.002],[77.1337,13.0044],[77.1308,13.006],[77.1298,13.0061],[77.1264,13.0066],[77.1254,13.0066],[77.1245,13.0065],[77.1232,13.006],[77.1231,13.0054],[77.1233,13.0039],[77.1258,13.0022],[77.1266,13.0018],[77.1279,13.0009],[77.1294,12.9982],[77.1287,12.9962],[77.1289,12.9954],[77.1283,12.9954],[77.128,12.9954],[77.1271,12.9954],[77.1258,12.9953],[77.1251,12.9953],[77.1236,12.9952],[77.1224,12.9951],[77.1214,12.995],[77.1188,12.9951],[77.1164,12.9955],[77.1145,12.996],[77.1122,12.9956],[77.1109,12.9956],[77.1093,12.996],[77.1084,12.9963],[77.1075,12.9965],[77.1066,12.9966],[77.1063,12.9956],[77.1057,12.994],[77.1055,12.9934],[77.105,12.9936],[77.1044,12.9929],[77.1034,12.9928],[77.1032,12.9928],[77.1028,12.9931],[77.1025,12.9934],[77.1025,12.9935],[77.1024,12.9936],[77.1022,12.9938],[77.1018,12.9941],[77.1016,12.9942],[77.1014,12.9943],[77.1014,12.9943],[77.1013,12.9943],[77.1013,12.9944],[77.101,12.9946],[77.1005,12.995],[77.1003,12.9952],[77.0999,12.9961],[77.0993,12.9966],[77.099,12.9968],[77.0987,12.997],[77.0985,12.9971],[77.0985,12.9971],[77.0985,12.9971],[77.0984,12.9971],[77.0983,12.9973],[77.0982,12.9973],[77.0982,12.9973],[77.0982,12.9974],[77.0981,12.9975],[77.098,12.9976],[77.0979,12.9976],[77.0979,12.9977],[77.0978,12.9979],[77.0976,12.9982],[77.0976,12.9983],[77.0977,12.9984],[77.0979,12.9991],[77.0983,12.9992],[77.0985,12.9999],[77.0986,13.0002],[77.0989,13.0004],[77.0994,13.0005],[77.0998,13.0006],[77.1003,13.0006],[77.1005,13.0007],[77.1011,13.0009],[77.1011,13.0012],[77.1013,13.0018],[77.1014,13.0023],[77.1015,13.0024],[77.1015,13.0024],[77.1018,13.003],[77.1018,13.0033],[77.1019,13.0036],[77.1018,13.0038],[77.1018,13.004],[77.102,13.0045],[77.1021,13.0047],[77.1021,13.0049],[77.1024,13.0057],[77.1024,13.0059],[77.1026,13.0065],[77.1047,13.0077],[77.1077,13.0084],[77.1091,13.0085],[77.1121,13.0086],[77.1152,13.0093],[77.1171,13.0109],[77.1179,13.0123],[77.118,13.0136],[77.1181,13.014],[77.1181,13.0144],[77.1179,13.0145],[77.1167,13.0149],[77.1167,13.0149],[77.1166,13.0149],[77.1166,13.0149],[77.1165,13.0151],[77.1162,13.0153],[77.1161,13.0154],[77.116,13.0155],[77.1159,13.0155],[77.1158,13.0156],[77.1158,13.0157],[77.1157,13.0157],[77.1148,13.0165],[77.1138,13.0173],[77.1137,13.0174],[77.1137,13.0174],[77.1137,13.0174],[77.1136,13.0175],[77.1134,13.0176],[77.1128,13.0178],[77.112,13.0192],[77.1101,13.0213],[77.1098,13.0217],[77.1096,13.0221],[77.1095,13.0223],[77.1094,13.0224],[77.1094,13.0225],[77.1092,13.0224],[77.1083,13.0232],[77.1048,13.0248],[77.1013,13.0254],[77.0992,13.0257],[77.0984,13.0247],[77.098,13.0251],[77.0972,13.0254],[77.0969,13.0255],[77.0968,13.0255],[77.0968,13.0255],[77.0966,13.0254],[77.0965,13.0254],[77.0961,13.026],[77.0949,13.0267],[77.0938,13.0268],[77.0933,13.0269],[77.0931,13.027],[77.0931,13.027],[77.0931,13.027],[77.093,13.027],[77.0929,13.027],[77.0928,13.0271],[77.0929,13.0275],[77.093,13.0277],[77.0935,13.0291],[77.0938,13.0303],[77.092,13.03],[77.0917,13.03],[77.091,13.0299],[77.0901,13.0297],[77.0893,13.0301],[77.0854,13.0339],[77.0838,13.0367],[77.0821,13.0399],[77.0817,13.0398],[77.0807,13.0398],[77.078,13.0399],[77.0759,13.0398],[77.074,13.0397],[77.0715,13.0396],[77.0699,13.0403],[77.0726,13.0493],[77.0739,13.0547],[77.0752,13.0568],[77.0759,13.058],[77.077,13.0577],[77.0775,13.0577],[77.0773,13.0609],[77.0807,13.0625],[77.0795,13.0627],[77.0774,13.0625],[77.0765,13.0619],[77.0761,13.061],[77.0743,13.0605],[77.0735,13.0614],[77.0729,13.0664],[77.0702,13.0666],[77.0708,13.0679],[77.0733,13.0683],[77.0735,13.0689],[77.0739,13.0691],[77.075,13.0701],[77.0754,13.0717],[77.0775,13.0743],[77.0782,13.0756],[77.0792,13.0773],[77.0803,13.0802],[77.081,13.0833],[77.0815,13.0854],[77.0817,13.0875],[77.0813,13.0898],[77.0805,13.0922],[77.0803,13.0929],[77.0795,13.0946],[77.0776,13.0957],[77.0768,13.0973],[77.0761,13.1],[77.0748,13.1026],[77.0745,13.1046],[77.0745,13.1055],[77.074,13.1075],[77.0738,13.1098],[77.0733,13.1115],[77.0727,13.1138],[77.0722,13.1149],[77.0699,13.123],[77.0704,13.1292],[77.0736,13.1321],[77.0795,13.1321],[77.0825,13.136],[77.0892,13.136],[77.093,13.1396],[77.0944,13.1432],[77.0968,13.1458],[77.0974,13.146],[77.0983,13.1456],[77.1003,13.1454],[77.103,13.1449],[77.104,13.1457],[77.1051,13.1449],[77.1066,13.1445],[77.1078,13.1443],[77.1079,13.1423],[77.1079,13.142],[77.1084,13.1395],[77.1072,13.1386],[77.107,13.137],[77.107,13.1359],[77.109,13.1349],[77.1114,13.1336],[77.113,13.1326],[77.1157,13.1312],[77.1165,13.1324],[77.1168,13.1335],[77.1169,13.1343],[77.1169,13.1347],[77.1171,13.1356],[77.1172,13.1361],[77.1177,13.1391],[77.118,13.1407],[77.1179,13.1411],[77.1157,13.1423],[77.1162,13.1436],[77.1166,13.1451],[77.1175,13.1462],[77.1187,13.1467],[77.1189,13.1468],[77.1189,13.1468],[77.119,13.1471],[77.1191,13.1474],[77.1189,13.1475],[77.1187,13.148],[77.1189,13.1488],[77.1194,13.1501],[77.1198,13.1516],[77.12,13.1526],[77.1195,13.1549],[77.1194,13.1556],[77.1187,13.1579],[77.1187,13.1579],[77.1187,13.158],[77.1187,13.158],[77.1187,13.158],[77.1187,13.1581],[77.1187,13.1584],[77.1188,13.1599],[77.1188,13.1608],[77.1188,13.1622],[77.1188,13.163],[77.1197,13.1635],[77.12,13.1635],[77.1201,13.1635],[77.1205,13.1634],[77.1209,13.1634],[77.1222,13.1632],[77.1228,13.1633],[77.1246,13.1639],[77.1267,13.1635],[77.1269,13.1644],[77.1278,13.1644],[77.129,13.1648],[77.1303,13.1662],[77.1316,13.1665],[77.133,13.168],[77.1343,13.17],[77.1355,13.1705],[77.136,13.1713],[77.1364,13.1723],[77.1369,13.1736],[77.138,13.1766],[77.1382,13.177],[77.1383,13.1773],[77.1384,13.1775],[77.1384,13.1776],[77.1412,13.1757],[77.1413,13.1756],[77.1414,13.1755],[77.1425,13.1737],[77.1438,13.1733],[77.145,13.1734],[77.1454,13.1734],[77.147,13.1735],[77.1482,13.1736],[77.1484,13.1738],[77.1485,13.1741],[77.1485,13.1743],[77.1485,13.1743],[77.1485,13.1744],[77.1485,13.1744],[77.1486,13.1744],[77.1486,13.1745],[77.1486,13.1745],[77.1487,13.1749],[77.1494,13.1762],[77.1503,13.1788],[77.151,13.1815],[77.1516,13.1829],[77.1536,13.1882],[77.1536,13.1882],[77.1537,13.1883],[77.1537,13.1883],[77.1537,13.1884],[77.1538,13.1885],[77.1549,13.1905],[77.1553,13.1913],[77.1556,13.1924],[77.156,13.1932],[77.1565,13.1941],[77.1586,13.194],[77.1596,13.1943],[77.1604,13.1947],[77.1609,13.195],[77.1614,13.1954],[77.1625,13.1963],[77.1649,13.1966],[77.1649,13.1934],[77.1645,13.1898],[77.1654,13.188],[77.1668,13.1857],[77.1694,13.184],[77.1721,13.1851],[77.1745,13.186],[77.1761,13.186],[77.1794,13.1859],[77.18,13.1864],[77.1838,13.1861],[77.1896,13.1848],[77.191,13.1846],[77.1914,13.1842],[77.1926,13.183],[77.1952,13.181],[77.1988,13.182],[77.2027,13.1821],[77.2065,13.1884],[77.2069,13.1919],[77.2036,13.197],[77.203,13.1948],[77.2008,13.1951],[77.1986,13.1953],[77.1987,13.1971],[77.199,13.2007],[77.1942,13.2092],[77.1947,13.2167],[77.1934,13.2253],[77.1837,13.23],[77.184,13.2327],[77.1844,13.235],[77.1852,13.2381],[77.1897,13.2379],[77.1906,13.246],[77.1884,13.2492],[77.1871,13.252],[77.1866,13.2545],[77.1861,13.2559],[77.1851,13.2575],[77.1858,13.2606],[77.1863,13.2635],[77.1869,13.2665],[77.1871,13.2676],[77.1873,13.2686],[77.1874,13.2692],[77.1874,13.2694],[77.1876,13.2704],[77.1876,13.2712],[77.1877,13.2718],[77.1881,13.2731],[77.1882,13.2737],[77.1885,13.2749],[77.1887,13.2753],[77.1887,13.2757],[77.1897,13.2758],[77.1908,13.2755],[77.1913,13.2752],[77.1918,13.2743],[77.1929,13.2736],[77.1936,13.2732],[77.1935,13.2726],[77.1934,13.2718],[77.1931,13.2714],[77.1928,13.2709],[77.1932,13.2696],[77.1942,13.2688],[77.1962,13.2683],[77.1981,13.268],[77.199,13.2682],[77.2002,13.2674],[77.2015,13.2653],[77.205,13.2631],[77.2061,13.2627],[77.2073,13.2622],[77.2079,13.2622],[77.2198,13.263],[77.2222,13.2675],[77.2206,13.2712],[77.2199,13.2728],[77.2199,13.275]]],[[[77.0833,13.0715],[77.0816,13.0724],[77.0796,13.0688],[77.0811,13.0694],[77.0832,13.0713],[77.0833,13.0715]]],[[[77.1655,14.3418],[77.1555,14.3406],[77.1525,14.3405],[77.1462,14.3396],[77.1385,14.3393],[77.135,14.3357],[77.1356,14.3224],[77.133,14.3144],[77.1302,14.3064],[77.1265,14.301],[77.116,14.2929],[77.1157,14.2808],[77.112,14.2652],[77.1184,14.2437],[77.1154,14.2235],[77.0664,14.2307],[77.0543,14.2442],[77.0306,14.2441],[77.0136,14.2384],[77.0055,14.2345],[77.0051,14.2316],[77.0027,14.2297],[76.9989,14.229],[77.0003,14.226],[77.0008,14.223],[77.0018,14.222],[77.0027,14.2213],[77.0038,14.2207],[77.0052,14.2206],[77.0068,14.219],[77.0063,14.2153],[77.0065,14.2132],[77.006,14.2092],[77.0059,14.2087],[77.0056,14.2066],[77.0046,14.2037],[77.003,14.2009],[77.0042,14.1978],[77.0143,14.194],[77.021,14.1887],[77.0241,14.1866],[77.0236,14.1816],[77.0226,14.1772],[77.0221,14.1525],[77.0209,14.1446],[77.0208,14.1316],[77.026,14.1251],[77.0221,14.1191],[77.0236,14.115],[77.0181,14.1057],[77.0185,14.0939],[77.0244,14.0895],[77.029,14.0858],[77.0277,14.073],[77.0454,14.0567],[77.0559,14.0542],[77.0692,14.0521],[77.076,14.0483],[77.0899,14.0427],[77.1069,14.0453],[77.1302,14.0457],[77.1348,14.031],[77.141,14.0164],[77.1419,14.0134],[77.1416,14.0103],[77.1416,14.0075],[77.1422,14.0035],[77.1464,14.0021],[77.1504,14.0014],[77.154,14.0012],[77.158,14.0016],[77.1621,14.0012],[77.1674,14.0008],[77.1722,14.0009],[77.1728,14.0036],[77.1725,14.0066],[77.1716,14.01],[77.1829,14.0117],[77.1949,14.0097],[77.2006,14.0084],[77.2056,14.0084],[77.2115,14.0103],[77.2166,14.0114],[77.2221,14.014],[77.2258,14.0134],[77.2302,14.013],[77.2363,14.013],[77.2457,14.0127],[77.2607,14.0293],[77.2681,14.0325],[77.2744,14.0349],[77.279,14.0312],[77.2758,14.013],[77.2871,14.0165],[77.2982,14.0218],[77.3028,14.0288],[77.3087,14.0325],[77.3229,14.0229],[77.3326,14.0109],[77.3371,14.002],[77.3446,13.9948],[77.354,13.9922],[77.3596,13.9862],[77.3564,13.9809],[77.3521,13.9678],[77.3534,13.964],[77.3518,13.958],[77.3717,13.9536],[77.3655,13.947],[77.3574,13.9337],[77.3509,13.923],[77.3526,13.9137],[77.3662,13.9034],[77.3903,13.9064],[77.4,13.8956],[77.4026,13.8889],[77.4096,13.8946],[77.4225,13.9028],[77.4282,13.9059],[77.4296,13.9088],[77.432,13.9098],[77.4345,13.912],[77.4345,13.9153],[77.4336,13.9183],[77.4295,13.921],[77.4156,13.9266],[77.4116,13.9453],[77.4303,13.9451],[77.4376,13.9537],[77.4362,13.9584],[77.4374,13.9622],[77.4379,13.9669],[77.4398,13.9719],[77.4396,13.9769],[77.4359,13.9815],[77.4294,13.9826],[77.4269,13.9865],[77.4071,13.9837],[77.3866,13.9794],[77.3795,13.9896],[77.3868,14.003],[77.3893,14.0132],[77.3805,14.0174],[77.3698,14.0198],[77.3565,14.0236],[77.3441,14.0274],[77.3326,14.0345],[77.3348,14.0444],[77.3379,14.0534],[77.3463,14.0596],[77.3603,14.064],[77.3632,14.0721],[77.3698,14.0753],[77.3752,14.0791],[77.3776,14.0858],[77.3802,14.0932],[77.3809,14.0966],[77.3911,14.1025],[77.3945,14.1257],[77.3802,14.1227],[77.3668,14.1171],[77.3522,14.1062],[77.3481,14.107],[77.3498,14.1166],[77.3509,14.1272],[77.3567,14.13],[77.3646,14.1317],[77.3814,14.1389],[77.3846,14.1493],[77.3919,14.1598],[77.3978,14.167],[77.3976,14.1742],[77.4075,14.1727],[77.4227,14.1768],[77.4286,14.1714],[77.4419,14.172],[77.4489,14.1714],[77.4546,14.1704],[77.4595,14.1705],[77.4649,14.1714],[77.4718,14.165],[77.4853,14.1631],[77.5038,14.1577],[77.5141,14.1809],[77.5123,14.1875],[77.5029,14.2083],[77.4993,14.2155],[77.4965,14.22],[77.4951,14.2303],[77.4933,14.2351],[77.503,14.2588],[77.4982,14.2796],[77.4867,14.2827],[77.4767,14.2918],[77.4691,14.2865],[77.4581,14.2803],[77.4505,14.2827],[77.4458,14.2937],[77.4469,14.308],[77.4467,14.317],[77.4344,14.3144],[77.4287,14.3239],[77.4232,14.3293],[77.4071,14.3382],[77.3932,14.3348],[77.3833,14.3269],[77.3786,14.313],[77.3822,14.2989],[77.3856,14.2884],[77.3868,14.2819],[77.3899,14.2784],[77.3911,14.269],[77.4025,14.2665],[77.409,14.2518],[77.4093,14.2387],[77.4113,14.2319],[77.4169,14.2217],[77.4179,14.2091],[77.4018,14.2031],[77.3935,14.1992],[77.3834,14.2069],[77.3818,14.2232],[77.3663,14.2329],[77.3639,14.2507],[77.3614,14.2715],[77.3442,14.2774],[77.3264,14.2806],[77.304,14.2831],[77.2892,14.3063],[77.2873,14.3297],[77.2753,14.3347],[77.2587,14.3303],[77.2432,14.3174],[77.2185,14.3193],[77.1812,14.3303],[77.1652,14.3381],[77.1655,14.3418]]]]}},{"type":"Feature","properties":{"name":"Kolara","district_name":"Kolara"},"geometry":{"type":"Polygon","coordinates":[[[77.8675,12.8683],[77.8749,12.8672],[77.8792,12.8682],[77.8837,12.8699],[77.8883,12.8703],[77.8919,12.8722],[77.8948,12.8782],[77.9058,12.8785],[77.9135,12.8846],[77.9223,12.8851],[77.9285,12.8909],[77.9323,12.8888],[77.9361,12.884],[77.9327,12.8806],[77.9277,12.8803],[77.9282,12.8756],[77.933,12.8735],[77.9399,12.8723],[77.9421,12.8698],[77.9417,12.8675],[77.9397,12.867],[77.9365,12.8668],[77.936,12.8635],[77.9336,12.8621],[77.9307,12.8606],[77.9264,12.857],[77.9244,12.8508],[77.9207,12.8437],[77.9181,12.8404],[77.9183,12.8336],[77.9212,12.828],[77.9244,12.8306],[77.9273,12.8292],[77.9294,12.8269],[77.9333,12.8243],[77.9388,12.8236],[77.9413,12.8258],[77.9432,12.8325],[77.9463,12.8377],[77.9452,12.8405],[77.9426,12.844],[77.9401,12.8486],[77.9405,12.8534],[77.9422,12.8565],[77.9441,12.8575],[77.9448,12.8577],[77.9481,12.8569],[77.9509,12.8568],[77.9527,12.8561],[77.9512,12.8523],[77.9535,12.8512],[77.9561,12.8499],[77.9604,12.8493],[77.9646,12.8491],[77.9648,12.8443],[77.9626,12.8383],[77.965,12.833],[77.9713,12.8331],[77.98,12.8354],[77.9803,12.8293],[77.9836,12.8247],[77.9891,12.8221],[77.9903,12.8173],[77.9891,12.8103],[77.991,12.8083],[77.9943,12.8072],[77.9964,12.8073],[77.9987,12.8077],[78.0015,12.8073],[78.0049,12.808],[78.007,12.8074],[78.0086,12.8062],[78.0106,12.8059],[78.0125,12.8075],[78.0133,12.8091],[78.0146,12.8118],[78.0141,12.8146],[78.013,12.8177],[78.0096,12.8194],[78.0076,12.8203],[78.0037,12.8232],[78.0039,12.826],[78.0085,12.8281],[78.0149,12.8292],[78.0188,12.8317],[78.0186,12.8367],[78.0187,12.8403],[78.0195,12.8434],[78.0254,12.8425],[78.0289,12.8464],[78.0301,12.8491],[78.0236,12.8541],[78.0266,12.8575],[78.0311,12.8555],[78.0319,12.852],[78.037,12.852],[78.0418,12.85],[78.0467,12.8488],[78.0502,12.8494],[78.0544,12.8523],[78.0587,12.8501],[78.0595,12.8459],[78.0594,12.8436],[78.0657,12.842],[78.071,12.8415],[78.0738,12.8411],[78.0773,12.8386],[78.0763,12.8368],[78.0751,12.8333],[78.0789,12.8309],[78.0868,12.8272],[78.103,12.8091],[78.1035,12.8087],[78.1079,12.8044],[78.1151,12.8017],[78.1254,12.793],[78.1304,12.7867],[78.1365,12.7824],[78.1396,12.7813],[78.1496,12.7788],[78.1679,12.7707],[78.1684,12.7713],[78.1772,12.7762],[78.1927,12.774],[78.2016,12.7712],[78.218,12.766],[78.2235,12.7664],[78.2441,12.7851],[78.2477,12.805],[78.2519,12.8268],[78.2523,12.8391],[78.2517,12.8573],[78.2515,12.8602],[78.2514,12.8622],[78.2661,12.8632],[78.2758,12.8641],[78.2953,12.859],[78.3056,12.8586],[78.3148,12.8636],[78.3144,12.8739],[78.329,12.8742],[78.3371,12.8827],[78.3353,12.8889],[78.3307,12.8846],[78.3272,12.8845],[78.3242,12.8848],[78.322,12.8899],[78.3226,12.8978],[78.3267,12.9035],[78.335,12.9017],[78.3447,12.9126],[78.3472,12.9179],[78.3488,12.9236],[78.35,12.9292],[78.3534,12.9295],[78.3526,12.9331],[78.3518,12.9374],[78.3567,12.9384],[78.3607,12.9363],[78.3653,12.9304],[78.3723,12.9218],[78.377,12.9143],[78.3794,12.9129],[78.385,12.912],[78.3886,12.9066],[78.3962,12.907],[78.3987,12.9148],[78.4072,12.9104],[78.4126,12.9033],[78.4262,12.9026],[78.4345,12.9057],[78.4359,12.9101],[78.4414,12.9129],[78.4461,12.911],[78.4473,12.9054],[78.4446,12.9042],[78.4465,12.9004],[78.4479,12.8935],[78.4514,12.8889],[78.4624,12.8705],[78.4692,12.8995],[78.4627,12.9071],[78.4529,12.9168],[78.4422,12.9222],[78.4288,12.9309],[78.4258,12.9279],[78.4201,12.9228],[78.4165,12.9313],[78.4138,12.936],[78.4126,12.9422],[78.4142,12.9482],[78.4215,12.9506],[78.4221,12.9534],[78.4207,12.9569],[78.4271,12.9576],[78.4389,12.9638],[78.434,12.9715],[78.4335,12.9792],[78.4428,12.9792],[78.4622,12.9758],[78.4697,12.9817],[78.472,12.9862],[78.4734,12.9917],[78.469,12.998],[78.4633,13.0067],[78.4634,13.0206],[78.4612,13.0256],[78.4614,13.0337],[78.4683,13.0438],[78.4778,13.0516],[78.4988,13.0613],[78.5046,13.0616],[78.5157,13.0682],[78.5139,13.0726],[78.5129,13.0744],[78.5092,13.0802],[78.5093,13.0821],[78.5095,13.0832],[78.5097,13.0839],[78.5121,13.0933],[78.5154,13.0968],[78.5231,13.0986],[78.5273,13.1027],[78.5312,13.1058],[78.5335,13.1096],[78.5307,13.1115],[78.5236,13.1145],[78.5208,13.1194],[78.5185,13.1257],[78.5173,13.1299],[78.5194,13.1321],[78.5226,13.1305],[78.5243,13.1327],[78.5298,13.1403],[78.5372,13.1412],[78.5475,13.1481],[78.5418,13.1527],[78.5448,13.1571],[78.5451,13.158],[78.5466,13.1596],[78.5486,13.1615],[78.5586,13.1631],[78.5784,13.171],[78.5751,13.1818],[78.5721,13.1901],[78.5706,13.1908],[78.5685,13.1918],[78.567,13.1916],[78.5588,13.1898],[78.554,13.1891],[78.5502,13.195],[78.5508,13.1999],[78.5563,13.199],[78.5642,13.2004],[78.5685,13.2025],[78.5695,13.2058],[78.5692,13.2089],[78.5708,13.2124],[78.5745,13.2113],[78.5777,13.2125],[78.5764,13.219],[78.5668,13.2254],[78.5679,13.2303],[78.5707,13.2415],[78.5709,13.2435],[78.585,13.2605],[78.5877,13.2708],[78.5873,13.2771],[78.5786,13.2803],[78.5771,13.2895],[78.5746,13.2979],[78.5705,13.3062],[78.5642,13.3081],[78.5655,13.3027],[78.564,13.2944],[78.5621,13.2908],[78.5602,13.2884],[78.5575,13.2863],[78.5551,13.2832],[78.5522,13.2844],[78.5429,13.2884],[78.5381,13.2819],[78.5369,13.2755],[78.5307,13.2671],[78.5271,13.2699],[78.5216,13.2748],[78.5203,13.2814],[78.5162,13.2845],[78.5131,13.2907],[78.5055,13.2915],[78.4998,13.2975],[78.4801,13.3021],[78.4806,13.3057],[78.4821,13.3097],[78.4841,13.3157],[78.4841,13.3188],[78.4813,13.3212],[78.4775,13.3223],[78.4667,13.315],[78.4609,13.3131],[78.4537,13.31],[78.4434,13.3107],[78.4408,13.3218],[78.441,13.3279],[78.4318,13.3304],[78.4235,13.3286],[78.4214,13.3257],[78.4208,13.325],[78.416,13.3195],[78.4078,13.3167],[78.4063,13.3163],[78.4051,13.316],[78.4038,13.3158],[78.4001,13.3178],[78.3965,13.3213],[78.3958,13.3218],[78.3952,13.3222],[78.3944,13.3229],[78.3894,13.33],[78.3877,13.3318],[78.3777,13.3316],[78.3824,13.3411],[78.3864,13.3427],[78.3888,13.3387],[78.391,13.334],[78.4014,13.3323],[78.4072,13.339],[78.4088,13.3428],[78.4075,13.3463],[78.4033,13.3474],[78.399,13.3492],[78.3959,13.3505],[78.3955,13.3506],[78.3953,13.3528],[78.3883,13.3578],[78.3842,13.36],[78.3786,13.3628],[78.3724,13.3617],[78.369,13.3577],[78.3663,13.364],[78.3674,13.3686],[78.3737,13.3793],[78.3804,13.388],[78.382,13.3967],[78.3813,13.4061],[78.3785,13.4216],[78.377,13.432],[78.3758,13.4411],[78.3772,13.4434],[78.3736,13.4542],[78.3721,13.4639],[78.3762,13.4842],[78.3782,13.5019],[78.3817,13.5153],[78.388,13.5311],[78.3942,13.5408],[78.3957,13.5553],[78.3976,13.5594],[78.3992,13.5642],[78.4021,13.5692],[78.4037,13.5759],[78.4013,13.5803],[78.4017,13.5878],[78.3952,13.5887],[78.3889,13.5913],[78.3796,13.5921],[78.3709,13.5904],[78.3653,13.5895],[78.3594,13.5886],[78.3557,13.5876],[78.3509,13.5859],[78.3476,13.5891],[78.3384,13.5906],[78.2945,13.5902],[78.2764,13.5887],[78.2688,13.5874],[78.2618,13.5854],[78.2577,13.5866],[78.2414,13.5975],[78.2331,13.5941],[78.2295,13.5862],[78.2209,13.5918],[78.2097,13.5776],[78.1982,13.5668],[78.1971,13.5663],[78.2006,13.5636],[78.198,13.5545],[78.1941,13.5475],[78.1944,13.5463],[78.199,13.5444],[78.2009,13.5393],[78.2012,13.5344],[78.2015,13.5327],[78.2025,13.5319],[78.2033,13.5304],[78.2039,13.5282],[78.2042,13.5263],[78.2035,13.5238],[78.2,13.5217],[78.1884,13.5134],[78.1908,13.5126],[78.198,13.5126],[78.1992,13.506],[78.1999,13.4938],[78.2058,13.4788],[78.208,13.4767],[78.2096,13.4726],[78.2099,13.4718],[78.21,13.4709],[78.2098,13.4703],[78.2095,13.4687],[78.2059,13.4649],[78.2056,13.4587],[78.1973,13.4491],[78.1937,13.4471],[78.1926,13.4388],[78.1864,13.4345],[78.1869,13.4337],[78.1827,13.4312],[78.1826,13.4306],[78.1827,13.429],[78.1833,13.4273],[78.183,13.426],[78.1817,13.4231],[78.1816,13.4203],[78.1709,13.4152],[78.1649,13.4147],[78.1584,13.4145],[78.1488,13.409],[78.1415,13.4075],[78.14,13.4068],[78.1363,13.4055],[78.1348,13.3998],[78.1305,13.3917],[78.1295,13.3891],[78.1244,13.3857],[78.1224,13.3785],[78.1218,13.3766],[78.1235,13.3755],[78.1274,13.3748],[78.1314,13.3736],[78.1372,13.3752],[78.1437,13.3771],[78.1467,13.3738],[78.1463,13.3732],[78.1483,13.3662],[78.1456,13.3616],[78.1489,13.3609],[78.1501,13.3559],[78.1381,13.3517],[78.1335,13.3525],[78.1317,13.3527],[78.1313,13.3515],[78.1306,13.3491],[78.131,13.3431],[78.1321,13.3395],[78.1339,13.3326],[78.1274,13.3267],[78.1202,13.326],[78.1117,13.3208],[78.1163,13.317],[78.1188,13.3166],[78.121,13.3135],[78.1228,13.3105],[78.1229,13.3091],[78.1245,13.3083],[78.1263,13.3078],[78.132,13.3069],[78.1356,13.3038],[78.1365,13.2987],[78.1346,13.2909],[78.1335,13.2872],[78.1298,13.289],[78.1277,13.29],[78.126,13.292],[78.1226,13.2919],[78.1201,13.2953],[78.119,13.2975],[78.1161,13.2996],[78.1147,13.3005],[78.1106,13.3025],[78.1047,13.303],[78.1018,13.3044],[78.0999,13.3063],[78.0971,13.3089],[78.0945,13.3092],[78.0938,13.3092],[78.092,13.3096],[78.0919,13.3111],[78.0899,13.3077],[78.0896,13.3052],[78.0896,13.3038],[78.0884,13.3034],[78.0868,13.3021],[78.0839,13.302],[78.0824,13.3019],[78.0814,13.3021],[78.0808,13.3023],[78.0802,13.3027],[78.079,13.3021],[78.0782,13.3014],[78.0776,13.3009],[78.0772,13.3016],[78.0751,13.302],[78.0736,13.3015],[78.0731,13.3012],[78.0725,13.3012],[78.0695,13.3004],[78.0602,13.301],[78.0597,13.2991],[78.0586,13.2954],[78.0586,13.2933],[78.0562,13.2943],[78.0537,13.2946],[78.0518,13.2932],[78.0501,13.2874],[78.0487,13.2847],[78.0484,13.2833],[78.047,13.279],[78.0355,13.2812],[78.0298,13.284],[78.0238,13.283],[78.0196,13.2833],[78.0158,13.2833],[78.0137,13.2853],[78.0145,13.289],[78.012,13.2908],[78.0112,13.2951],[78.012,13.2964],[78.0119,13.299],[78.0118,13.3009],[78.0067,13.3025],[78.0033,13.3042],[78.0009,13.3056],[77.9958,13.3052],[77.9905,13.3046],[77.9893,13.3046],[77.9886,13.3035],[77.9881,13.3015],[77.988,13.3007],[77.9868,13.3008],[77.9863,13.301],[77.9861,13.3003],[77.9852,13.3006],[77.9851,13.2994],[77.985,13.2971],[77.9849,13.2938],[77.9846,13.2899],[77.9842,13.2862],[77.9813,13.2868],[77.9794,13.287],[77.9719,13.2845],[77.9674,13.2825],[77.9652,13.2828],[77.9619,13.2841],[77.9601,13.2834],[77.9596,13.2822],[77.9572,13.2804],[77.957,13.2787],[77.9572,13.2767],[77.9596,13.2708],[77.9587,13.2697],[77.9481,13.2701],[77.9455,13.2712],[77.9446,13.2698],[77.9427,13.2693],[77.942,13.2673],[77.9383,13.2677],[77.9378,13.2657],[77.9401,13.2622],[77.9417,13.2594],[77.9419,13.2579],[77.94,13.2541],[77.9384,13.2512],[77.9375,13.2511],[77.9344,13.2483],[77.9353,13.2461],[77.9407,13.2445],[77.9455,13.2438],[77.9461,13.2449],[77.9475,13.2491],[77.9481,13.2505],[77.9517,13.2499],[77.9562,13.2491],[77.9583,13.2478],[77.961,13.2461],[77.9646,13.2447],[77.9655,13.2434],[77.9655,13.2402],[77.9649,13.2379],[77.9643,13.2364],[77.9642,13.234],[77.9633,13.2318],[77.9614,13.2306],[77.9591,13.2289],[77.9579,13.228],[77.9565,13.2279],[77.956,13.2279],[77.9558,13.2266],[77.955,13.225],[77.9547,13.2238],[77.9543,13.2228],[77.952,13.2229],[77.9507,13.223],[77.9486,13.2195],[77.9463,13.2184],[77.9464,13.2173],[77.9468,13.2152],[77.9492,13.2139],[77.952,13.2146],[77.9518,13.2161],[77.9519,13.2179],[77.9534,13.2184],[77.9542,13.2184],[77.9551,13.2177],[77.9568,13.2185],[77.9578,13.217],[77.9575,13.2159],[77.9574,13.2148],[77.9566,13.2121],[77.9559,13.2096],[77.9543,13.2052],[77.9562,13.2007],[77.9595,13.2001],[77.9611,13.1984],[77.9609,13.1964],[77.9615,13.1937],[77.9631,13.1901],[77.9618,13.1867],[77.9614,13.1845],[77.9611,13.1829],[77.9598,13.183],[77.9588,13.1829],[77.9578,13.1812],[77.9574,13.1799],[77.9571,13.1779],[77.9568,13.1768],[77.9557,13.1763],[77.9554,13.1745],[77.9545,13.1716],[77.9552,13.1683],[77.9553,13.1644],[77.9589,13.1582],[77.9602,13.1514],[77.9564,13.1445],[77.9563,13.1365],[77.9558,13.1262],[77.9518,13.1263],[77.9481,13.1267],[77.9462,13.1234],[77.9443,13.1239],[77.9416,13.1245],[77.9379,13.1255],[77.9378,13.1248],[77.9376,13.1239],[77.9372,13.1214],[77.9365,13.1178],[77.9369,13.1127],[77.9368,13.1089],[77.9312,13.1096],[77.9266,13.1102],[77.9255,13.1113],[77.924,13.1133],[77.924,13.1157],[77.9231,13.1168],[77.9201,13.1171],[77.914,13.1166],[77.9125,13.1098],[77.9093,13.1084],[77.907,13.1059],[77.9018,13.1002],[77.9064,13.0959],[77.9089,13.0954],[77.912,13.0936],[77.915,13.0849],[77.9134,13.0813],[77.9151,13.0785],[77.9205,13.08],[77.9251,13.0819],[77.9274,13.0797],[77.9264,13.0755],[77.9274,13.0743],[77.9281,13.0744],[77.9291,13.0744],[77.9313,13.0742],[77.9322,13.0751],[77.9339,13.076],[77.9355,13.0762],[77.9367,13.0768],[77.9379,13.0777],[77.9393,13.081],[77.9407,13.0801],[77.9414,13.0769],[77.9414,13.0744],[77.9416,13.0691],[77.9388,13.0672],[77.9351,13.0674],[77.9307,13.068],[77.9282,13.0687],[77.9265,13.0674],[77.9257,13.0659],[77.925,13.0637],[77.9245,13.0629],[77.9236,13.062],[77.9227,13.0611],[77.9218,13.0595],[77.9217,13.0582],[77.9192,13.0536],[77.9177,13.051],[77.9149,13.0494],[77.9056,13.0502],[77.9052,13.0506],[77.8987,13.0531],[77.8956,13.0548],[77.894,13.0545],[77.8919,13.053],[77.8915,13.0509],[77.8904,13.0505],[77.8906,13.0481],[77.8912,13.0479],[77.8918,13.0476],[77.8947,13.0469],[77.8943,13.046],[77.8894,13.0453],[77.8889,13.0439],[77.8884,13.0412],[77.8876,13.0372],[77.893,13.0312],[77.8877,13.0199],[77.888,13.0178],[77.8866,13.0123],[77.8815,13.0072],[77.8769,13.0016],[77.8743,12.9989],[77.8725,12.9949],[77.8727,12.9919],[77.8716,12.9866],[77.871,12.9853],[77.8713,12.9811],[77.8712,12.9793],[77.8716,12.9783],[77.8705,12.9768],[77.8708,12.9766],[77.871,12.9759],[77.8715,12.974],[77.8695,12.9733],[77.8684,12.9729],[77.8645,12.9732],[77.8656,12.9697],[77.8649,12.9657],[77.8673,12.9641],[77.8694,12.9624],[77.8713,12.9605],[77.8699,12.9552],[77.8686,12.9531],[77.8682,12.9492],[77.87,12.947],[77.8718,12.946],[77.8732,12.9439],[77.8727,12.9426],[77.8724,12.9416],[77.8712,12.9389],[77.8675,12.9338],[77.8628,12.9354],[77.8577,12.9353],[77.8544,12.9329],[77.8505,12.9308],[77.8493,12.9286],[77.848,12.9271],[77.8464,12.9259],[77.8432,12.9255],[77.8415,12.9255],[77.8408,12.9245],[77.8406,12.9233],[77.841,12.9214],[77.8409,12.9199],[77.8415,12.9166],[77.8439,12.9155],[77.8462,12.9164],[77.8507,12.9158],[77.8527,12.9161],[77.8551,12.9167],[77.8564,12.9169],[77.8586,12.9166],[77.86,12.9135],[77.8587,12.9076],[77.8586,12.9043],[77.8571,12.9015],[77.8535,12.8959],[77.852,12.8905],[77.8527,12.8874],[77.8523,12.8859],[77.8529,12.8855],[77.8535,12.8845],[77.8534,12.8826],[77.8531,12.8794],[77.8531,12.8779],[77.853,12.8769],[77.8538,12.8767],[77.8548,12.8764],[77.8553,12.8763],[77.8571,12.8759],[77.8584,12.877],[77.8603,12.8777],[77.8648,12.8771],[77.867,12.8729],[77.8675,12.8683]]]}},{"type":"Feature","properties":{"name":"Bengaluru (Urban)","district_name":"Bengaluru (Urban)"},"geometry":{"type":"MultiPolygon","coordinates":[[[[77.6556,13.1994],[77.6505,13.1999],[77.6438,13.2005],[77.64,13.202],[77.6372,13.2033],[77.6345,13.2048],[77.6302,13.2058],[77.6228,13.2068],[77.6146,13.2027],[77.6118,13.2022],[77.605,13.2026],[77.6027,13.2005],[77.6008,13.1963],[77.5968,13.1945],[77.5863,13.1962],[77.5794,13.1977],[77.5785,13.1978],[77.5751,13.1983],[77.5726,13.1992],[77.5714,13.2001],[77.5699,13.2006],[77.568,13.2037],[77.5702,13.2075],[77.5709,13.2083],[77.5701,13.2112],[77.5698,13.2134],[77.5691,13.216],[77.5667,13.2163],[77.5644,13.2166],[77.5628,13.2173],[77.5613,13.218],[77.5587,13.2189],[77.5575,13.2202],[77.5582,13.2214],[77.5585,13.2228],[77.5576,13.2248],[77.5582,13.228],[77.5592,13.2304],[77.5586,13.2323],[77.557,13.2329],[77.5545,13.2335],[77.5522,13.2343],[77.5493,13.2316],[77.5437,13.2329],[77.5427,13.2288],[77.5405,13.2255],[77.5382,13.224],[77.5376,13.2214],[77.5372,13.2191],[77.5349,13.2194],[77.5328,13.2199],[77.5304,13.2205],[77.5277,13.221],[77.5273,13.2215],[77.5265,13.2208],[77.5252,13.2189],[77.525,13.2167],[77.5236,13.215],[77.5228,13.2137],[77.5222,13.213],[77.5221,13.2107],[77.522,13.2082],[77.5211,13.2069],[77.5213,13.2092],[77.521,13.211],[77.5195,13.2106],[77.5182,13.2094],[77.5186,13.2115],[77.5198,13.2127],[77.52,13.2145],[77.5186,13.2148],[77.5193,13.2167],[77.5185,13.218],[77.5183,13.2193],[77.5166,13.2216],[77.5115,13.2229],[77.5119,13.2261],[77.5078,13.2268],[77.5046,13.2248],[77.5022,13.2257],[77.4999,13.227],[77.495,13.2254],[77.4921,13.2245],[77.4875,13.2234],[77.4782,13.2226],[77.4752,13.2168],[77.4738,13.212],[77.4735,13.2072],[77.4786,13.2056],[77.4785,13.1985],[77.4774,13.1932],[77.4767,13.1892],[77.4759,13.1857],[77.4737,13.1822],[77.4685,13.1717],[77.4688,13.1635],[77.4639,13.1622],[77.4607,13.1605],[77.4571,13.1627],[77.4549,13.1634],[77.4536,13.1634],[77.4502,13.1645],[77.4454,13.1663],[77.44,13.1667],[77.4353,13.1661],[77.4322,13.1641],[77.431,13.1603],[77.429,13.1576],[77.4254,13.1512],[77.4234,13.1471],[77.4219,13.1448],[77.4205,13.1424],[77.4195,13.1396],[77.4176,13.1364],[77.4167,13.1349],[77.4158,13.1333],[77.4144,13.1305],[77.4129,13.127],[77.4109,13.1251],[77.4093,13.1234],[77.4081,13.1221],[77.4071,13.1216],[77.4061,13.1212],[77.4041,13.1211],[77.4035,13.121],[77.4036,13.1216],[77.404,13.1242],[77.4039,13.1264],[77.4039,13.1275],[77.4022,13.128],[77.3991,13.1264],[77.3982,13.1216],[77.398,13.1193],[77.3977,13.1178],[77.3974,13.1162],[77.3986,13.1158],[77.4006,13.1153],[77.4012,13.1115],[77.4017,13.1092],[77.4026,13.1087],[77.4047,13.1076],[77.4069,13.1066],[77.4097,13.1052],[77.4108,13.1046],[77.4132,13.1038],[77.4161,13.1033],[77.4176,13.1019],[77.4167,13.0992],[77.4173,13.0978],[77.4194,13.0971],[77.4198,13.0961],[77.4188,13.095],[77.4186,13.0941],[77.4172,13.091],[77.42,13.0895],[77.4219,13.0887],[77.4213,13.0856],[77.4221,13.084],[77.4238,13.0841],[77.427,13.0849],[77.4297,13.0838],[77.429,13.0808],[77.4276,13.0773],[77.427,13.0749],[77.4256,13.0702],[77.4248,13.0678],[77.4195,13.068],[77.4152,13.0714],[77.4084,13.0719],[77.4029,13.0712],[77.3985,13.0715],[77.3953,13.0698],[77.394,13.0692],[77.3892,13.0687],[77.3852,13.0674],[77.3837,13.0655],[77.383,13.0625],[77.3822,13.059],[77.3822,13.0558],[77.3848,13.0556],[77.3896,13.0554],[77.3919,13.0548],[77.3938,13.0515],[77.3919,13.0396],[77.392,13.0347],[77.3913,13.0316],[77.3906,13.028],[77.3898,13.0257],[77.3882,13.026],[77.3871,13.0265],[77.3843,13.0274],[77.3812,13.0272],[77.378,13.0285],[77.3768,13.0291],[77.3767,13.0265],[77.3776,13.0238],[77.3772,13.0215],[77.377,13.0198],[77.3768,13.0183],[77.3757,13.0166],[77.3708,13.0162],[77.3705,13.0123],[77.37,13.0087],[77.3724,13.005],[77.3721,13.0039],[77.371,12.9976],[77.3723,12.9948],[77.372,12.9922],[77.3617,12.9886],[77.3571,12.9865],[77.3537,12.9788],[77.3499,12.9743],[77.3388,12.9727],[77.3382,12.9733],[77.3376,12.9753],[77.3374,12.9784],[77.3349,12.9787],[77.3309,12.9781],[77.3304,12.9779],[77.3301,12.9777],[77.3292,12.9773],[77.3287,12.977],[77.3256,12.9729],[77.3263,12.9691],[77.3287,12.9666],[77.3301,12.9658],[77.3301,12.9633],[77.3319,12.9522],[77.3339,12.9494],[77.3353,12.9443],[77.3365,12.9324],[77.3398,12.9253],[77.3393,12.912],[77.3424,12.8942],[77.3379,12.8874],[77.3348,12.8876],[77.3321,12.8869],[77.3366,12.8831],[77.3361,12.88],[77.3369,12.8769],[77.3444,12.8765],[77.344,12.8712],[77.3484,12.8696],[77.3506,12.8697],[77.3522,12.8702],[77.353,12.8699],[77.3538,12.8698],[77.3542,12.8698],[77.3546,12.8698],[77.3549,12.8698],[77.3564,12.8698],[77.3586,12.8701],[77.3633,12.8703],[77.3663,12.8697],[77.3673,12.8658],[77.3686,12.8605],[77.3713,12.8564],[77.3727,12.8559],[77.3771,12.8555],[77.3793,12.8561],[77.3803,12.8573],[77.3826,12.8576],[77.3846,12.8588],[77.3872,12.8596],[77.3885,12.8597],[77.3915,12.8637],[77.3935,12.8666],[77.3955,12.8693],[77.4004,12.8661],[77.403,12.8715],[77.4114,12.8762],[77.4176,12.8715],[77.4267,12.875],[77.4282,12.8754],[77.4311,12.8743],[77.4305,12.8702],[77.4246,12.8701],[77.4189,12.8694],[77.4209,12.8665],[77.4212,12.8657],[77.422,12.864],[77.4245,12.8605],[77.4252,12.8596],[77.4261,12.8586],[77.4279,12.8574],[77.4293,12.8564],[77.4285,12.8535],[77.4315,12.8511],[77.4373,12.8499],[77.4351,12.8464],[77.4346,12.8422],[77.4341,12.8388],[77.4305,12.8396],[77.4229,12.8358],[77.4212,12.832],[77.4206,12.8261],[77.4281,12.8236],[77.4333,12.8233],[77.4345,12.818],[77.435,12.8148],[77.4364,12.8098],[77.4403,12.8099],[77.4438,12.8067],[77.4444,12.8087],[77.4462,12.8097],[77.4462,12.8143],[77.4482,12.8156],[77.4494,12.8187],[77.4518,12.8184],[77.4526,12.818],[77.4533,12.8175],[77.4542,12.8169],[77.4576,12.8128],[77.4611,12.8073],[77.4693,12.8107],[77.4763,12.8098],[77.4826,12.8025],[77.4797,12.7993],[77.4751,12.7987],[77.4704,12.7952],[77.4716,12.79],[77.4719,12.7886],[77.4743,12.787],[77.4783,12.7794],[77.4775,12.7748],[77.4768,12.7711],[77.4751,12.7662],[77.4754,12.7631],[77.4761,12.7599],[77.4748,12.7589],[77.4748,12.7577],[77.474,12.757],[77.4744,12.7563],[77.4784,12.7515],[77.485,12.7467],[77.4862,12.7431],[77.4875,12.7424],[77.4889,12.7423],[77.4931,12.74],[77.5027,12.7369],[77.5078,12.7374],[77.5125,12.7464],[77.5194,12.742],[77.5172,12.7357],[77.5297,12.7476],[77.532,12.7513],[77.5334,12.7546],[77.5359,12.7544],[77.5413,12.7516],[77.5454,12.7652],[77.5458,12.7679],[77.5517,12.7724],[77.5438,12.7758],[77.5494,12.7853],[77.5437,12.7931],[77.5421,12.7985],[77.5532,12.8001],[77.5543,12.7947],[77.5596,12.7878],[77.5575,12.7821],[77.5615,12.7624],[77.5717,12.7661],[77.5772,12.7859],[77.5871,12.784],[77.5933,12.7729],[77.5955,12.7652],[77.5984,12.7582],[77.596,12.7543],[77.5888,12.7507],[77.5803,12.7512],[77.5716,12.7445],[77.5701,12.734],[77.5667,12.7311],[77.5576,12.7309],[77.5591,12.7181],[77.5609,12.7097],[77.5661,12.7033],[77.5751,12.7036],[77.5784,12.7078],[77.582,12.7109],[77.5861,12.7141],[77.5909,12.7178],[77.5958,12.7202],[77.6036,12.7162],[77.6139,12.71],[77.6118,12.7021],[77.6007,12.6805],[77.5966,12.6707],[77.6036,12.6696],[77.6633,12.6833],[77.6714,12.681],[77.6759,12.6746],[77.677,12.6693],[77.6789,12.6619],[77.6896,12.6585],[77.6963,12.6607],[77.701,12.6606],[77.7044,12.6616],[77.7069,12.664],[77.7102,12.6662],[77.7118,12.6711],[77.7119,12.6785],[77.7146,12.6825],[77.7232,12.6794],[77.7234,12.6749],[77.7254,12.6709],[77.7312,12.6726],[77.7364,12.6724],[77.7408,12.6776],[77.7406,12.6859],[77.7357,12.6942],[77.7473,12.6996],[77.7607,12.6969],[77.7647,12.7029],[77.7659,12.7109],[77.7698,12.7136],[77.7711,12.7192],[77.7732,12.7226],[77.7722,12.7246],[77.7667,12.7258],[77.7615,12.7314],[77.763,12.7362],[77.77,12.7403],[77.778,12.7408],[77.784,12.7411],[77.7926,12.7485],[77.7941,12.7544],[77.7924,12.7592],[77.7836,12.7637],[77.7795,12.7679],[77.7832,12.7738],[77.7849,12.7771],[77.7867,12.7785],[77.7891,12.7812],[77.7927,12.7872],[77.7949,12.7919],[77.7979,12.7935],[77.8,12.7953],[77.8014,12.7963],[77.8039,12.7945],[77.8064,12.7944],[77.809,12.7968],[77.8076,12.7995],[77.8049,12.8016],[77.8016,12.8051],[77.8015,12.8126],[77.8047,12.8168],[77.8083,12.8253],[77.8072,12.832],[77.7977,12.8341],[77.7933,12.8398],[77.7943,12.8451],[77.7985,12.8507],[77.8051,12.8494],[77.8111,12.8525],[77.8154,12.8559],[77.8239,12.858],[77.8302,12.8621],[77.8369,12.8704],[77.8368,12.8718],[77.8349,12.8723],[77.8333,12.8738],[77.8319,12.8742],[77.8315,12.8784],[77.8314,12.8803],[77.8322,12.8818],[77.8309,12.8866],[77.8288,12.8905],[77.8254,12.8959],[77.824,12.8997],[77.8212,12.9024],[77.8217,12.9038],[77.8225,12.9068],[77.8212,12.9115],[77.8179,12.9137],[77.8174,12.9174],[77.8175,12.9219],[77.823,12.9214],[77.8257,12.9208],[77.8321,12.9229],[77.8318,12.9256],[77.8247,12.9274],[77.8219,12.9274],[77.8208,12.9255],[77.8193,12.925],[77.8163,12.9257],[77.8133,12.9299],[77.8097,12.9343],[77.8081,12.9323],[77.8064,12.9272],[77.8052,12.9244],[77.8038,12.9211],[77.8032,12.9194],[77.798,12.9206],[77.7966,12.9256],[77.795,12.9258],[77.7908,12.9265],[77.7883,12.9268],[77.7853,12.9272],[77.7827,12.9288],[77.7798,12.9303],[77.7784,12.9314],[77.7769,12.9321],[77.7774,12.9345],[77.776,12.9371],[77.7734,12.9401],[77.7693,12.9412],[77.7653,12.9434],[77.7655,12.9454],[77.7695,12.9486],[77.7727,12.9515],[77.7708,12.9536],[77.7696,12.9549],[77.7685,12.956],[77.7679,12.9578],[77.767,12.9593],[77.7672,12.9595],[77.7693,12.9617],[77.7705,12.9629],[77.7721,12.9659],[77.7742,12.9664],[77.7752,12.9669],[77.7767,12.9677],[77.7775,12.9681],[77.7787,12.9672],[77.7806,12.9671],[77.782,12.9662],[77.784,12.9679],[77.7835,12.97],[77.7808,12.9703],[77.7785,12.9709],[77.778,12.9733],[77.7764,12.9745],[77.7772,12.9765],[77.7785,12.9775],[77.7769,12.9787],[77.7747,12.9806],[77.7758,12.9825],[77.7766,12.9843],[77.7759,12.9868],[77.7762,12.9883],[77.7751,12.992],[77.7743,12.9938],[77.7746,12.9971],[77.7737,13.0018],[77.7748,13.003],[77.7739,13.0062],[77.7737,13.0106],[77.7725,13.0149],[77.7728,13.0172],[77.7734,13.0189],[77.7746,13.0199],[77.7748,13.0214],[77.775,13.0224],[77.7766,13.0233],[77.7771,13.0255],[77.7768,13.0259],[77.7773,13.0283],[77.7777,13.0294],[77.7781,13.0298],[77.7787,13.0307],[77.7792,13.0305],[77.7803,13.0325],[77.7812,13.0329],[77.7807,13.0345],[77.779,13.0356],[77.7786,13.0382],[77.7776,13.04],[77.776,13.0436],[77.7749,13.0453],[77.777,13.0465],[77.7756,13.0483],[77.773,13.0484],[77.7714,13.0484],[77.7703,13.0491],[77.7704,13.0502],[77.7704,13.0514],[77.7701,13.0542],[77.7699,13.055],[77.7698,13.0562],[77.7684,13.0563],[77.7672,13.0646],[77.765,13.0676],[77.7612,13.072],[77.7586,13.0736],[77.7589,13.0774],[77.7602,13.0814],[77.7664,13.0901],[77.7647,13.0983],[77.7658,13.1059],[77.7621,13.1124],[77.7589,13.1133],[77.7542,13.1135],[77.7517,13.1144],[77.7322,13.1143],[77.7323,13.1238],[77.7271,13.1259],[77.7291,13.1333],[77.732,13.1375],[77.7327,13.1392],[77.7336,13.1429],[77.7307,13.1453],[77.7285,13.1468],[77.7293,13.1511],[77.73,13.1555],[77.7322,13.1584],[77.7334,13.1598],[77.7319,13.1603],[77.7311,13.1608],[77.7295,13.1617],[77.7303,13.1643],[77.7289,13.1672],[77.7275,13.1689],[77.7292,13.1715],[77.7267,13.1762],[77.7274,13.179],[77.7286,13.1832],[77.7274,13.192],[77.7241,13.1934],[77.7118,13.194],[77.7055,13.1899],[77.7011,13.1901],[77.6999,13.1903],[77.6992,13.1916],[77.6955,13.1938],[77.6895,13.2029],[77.687,13.1953],[77.6825,13.1913],[77.6798,13.1909],[77.6757,13.1903],[77.6731,13.1907],[77.6712,13.1895],[77.671,13.1856],[77.6675,13.1855],[77.6619,13.1848],[77.6558,13.1971],[77.657,13.1993],[77.6556,13.1994]]],[[[77.5527,12.7949],[77.5526,12.7966],[77.5499,12.7954],[77.5526,12.7946],[77.5527,12.7949]]]]}},{"type":"Feature","properties":{"name":"Bengaluru (Rural)","district_name":"Bengaluru (Rural)"},"geometry":{"type":"Polygon","coordinates":[[[77.6563,13.1979],[77.6536,13.1887],[77.6666,13.1854],[77.6689,13.1853],[77.6712,13.1881],[77.6712,13.1917],[77.6754,13.1905],[77.6789,13.1908],[77.6812,13.1911],[77.6869,13.1938],[77.6869,13.2026],[77.6946,13.1946],[77.6985,13.1921],[77.6993,13.1908],[77.7006,13.1902],[77.7044,13.1898],[77.7091,13.1905],[77.7187,13.1949],[77.7266,13.1927],[77.7291,13.1851],[77.7278,13.18],[77.7269,13.1767],[77.7298,13.1722],[77.7273,13.1692],[77.7286,13.1678],[77.73,13.1657],[77.7293,13.1617],[77.7308,13.161],[77.7318,13.1603],[77.7334,13.1599],[77.7326,13.1585],[77.7311,13.1571],[77.7294,13.1522],[77.7286,13.1477],[77.7296,13.1455],[77.733,13.1447],[77.7331,13.1399],[77.7324,13.1384],[77.7301,13.1348],[77.725,13.1256],[77.7311,13.1243],[77.7329,13.1182],[77.7479,13.116],[77.7538,13.1139],[77.756,13.1136],[77.7616,13.1129],[77.7645,13.1084],[77.7646,13.1005],[77.7649,13.0947],[77.7656,13.0815],[77.7592,13.0776],[77.7584,13.0745],[77.7605,13.0725],[77.7629,13.0705],[77.7667,13.065],[77.7683,13.0567],[77.7691,13.0567],[77.7699,13.0557],[77.7705,13.0542],[77.7703,13.0521],[77.7705,13.0502],[77.7704,13.0494],[77.7706,13.0483],[77.7728,13.0485],[77.7745,13.0481],[77.7763,13.0476],[77.7748,13.0457],[77.7756,13.0443],[77.7773,13.0411],[77.778,13.0383],[77.7789,13.0364],[77.779,13.0348],[77.7813,13.0341],[77.7805,13.0326],[77.7797,13.0311],[77.7788,13.0307],[77.7788,13.0298],[77.7778,13.0298],[77.7775,13.0283],[77.777,13.0267],[77.777,13.0256],[77.7768,13.0238],[77.7763,13.0223],[77.7748,13.0216],[77.7747,13.0208],[77.7734,13.0193],[77.7729,13.0175],[77.7717,13.0152],[77.7741,13.0132],[77.7734,13.0074],[77.7757,13.0051],[77.7726,13.0029],[77.7745,12.9979],[77.7743,12.9948],[77.7741,12.9919],[77.7758,12.9898],[77.776,12.9872],[77.7768,12.9852],[77.7762,12.9831],[77.7752,12.9813],[77.7763,12.9794],[77.7782,12.9784],[77.7783,12.9765],[77.7762,12.975],[77.7775,12.9736],[77.779,12.9722],[77.7799,12.9701],[77.7829,12.9709],[77.7839,12.9683],[77.7831,12.9665],[77.7812,12.9669],[77.7788,12.9668],[77.7776,12.9681],[77.7769,12.9677],[77.7758,12.9672],[77.7745,12.9665],[77.7733,12.9661],[77.7706,12.9631],[77.77,12.9619],[77.7675,12.9602],[77.767,12.9596],[77.7674,12.9583],[77.7682,12.9568],[77.7689,12.9555],[77.7706,12.954],[77.7712,12.953],[77.7705,12.9494],[77.766,12.9459],[77.7654,12.9449],[77.7672,12.9418],[77.7718,12.9405],[77.7754,12.9387],[77.778,12.9357],[77.777,12.9332],[77.7783,12.932],[77.7789,12.9308],[77.7826,12.9289],[77.7837,12.9277],[77.7874,12.9268],[77.79,12.9267],[77.7935,12.9258],[77.7963,12.9256],[77.7986,12.9236],[77.7978,12.9187],[77.8036,12.9206],[77.8044,12.9225],[77.806,12.9263],[77.8074,12.9302],[77.8086,12.9336],[77.8118,12.9324],[77.8157,12.9274],[77.8183,12.9251],[77.8207,12.9253],[77.8217,12.927],[77.8243,12.9277],[77.8298,12.9261],[77.8326,12.9233],[77.8283,12.9198],[77.8232,12.9214],[77.8176,12.922],[77.8178,12.9192],[77.8175,12.9138],[77.8204,12.9127],[77.8216,12.9079],[77.8215,12.9051],[77.8215,12.903],[77.8232,12.9013],[77.8255,12.8971],[77.8283,12.8924],[77.8301,12.8881],[77.832,12.8834],[77.8317,12.8809],[77.8316,12.8787],[77.8316,12.8755],[77.8324,12.8744],[77.834,12.8732],[77.8359,12.8722],[77.8368,12.8706],[77.8427,12.8689],[77.8478,12.869],[77.8523,12.8663],[77.8572,12.869],[77.8657,12.868],[77.8671,12.8723],[77.8649,12.8772],[77.8608,12.8777],[77.8586,12.8773],[77.8571,12.8765],[77.8554,12.8762],[77.8549,12.8764],[77.854,12.8766],[77.8532,12.8767],[77.8531,12.8777],[77.8531,12.8791],[77.8533,12.8821],[77.8537,12.8844],[77.8531,12.8853],[77.8523,12.8858],[77.8528,12.8874],[77.8531,12.8892],[77.8529,12.895],[77.8564,12.9002],[77.8584,12.9039],[77.8587,12.9066],[77.8598,12.9122],[77.8592,12.9164],[77.8568,12.9168],[77.8553,12.9167],[77.8531,12.916],[77.8512,12.9157],[77.8464,12.9164],[77.8446,12.9162],[77.8417,12.916],[77.8409,12.9194],[77.841,12.9208],[77.8406,12.9233],[77.8407,12.924],[77.841,12.9255],[77.843,12.9254],[77.8453,12.9257],[77.848,12.9268],[77.8491,12.9282],[77.8504,12.9307],[77.8538,12.9325],[77.8576,12.9354],[77.862,12.9356],[77.8675,12.9338],[77.8701,12.9369],[77.8724,12.9415],[77.8727,12.9423],[77.873,12.9433],[77.872,12.946],[77.8702,12.9469],[77.8685,12.9488],[77.8682,12.9525],[77.8696,12.9546],[77.8712,12.9591],[77.8698,12.962],[77.8678,12.9638],[77.865,12.9657],[77.8658,12.9689],[77.8645,12.9732],[77.8673,12.9732],[77.8691,12.9732],[77.8715,12.9739],[77.872,12.9755],[77.871,12.9765],[77.8705,12.9767],[77.8716,12.9783],[77.8714,12.9794],[77.8712,12.9809],[77.8714,12.9837],[77.8706,12.9859],[77.8727,12.9917],[77.8726,12.9942],[77.8738,12.9979],[77.8768,13.0015],[77.8804,13.0066],[77.8864,13.0108],[77.8877,13.0167],[77.8874,13.019],[77.893,13.0312],[77.888,13.0371],[77.8881,13.0399],[77.8888,13.0431],[77.8892,13.0452],[77.8934,13.0459],[77.8949,13.0469],[77.8919,13.0476],[77.8913,13.0479],[77.8908,13.048],[77.8903,13.0505],[77.8915,13.0508],[77.8918,13.0526],[77.8937,13.0544],[77.895,13.055],[77.8985,13.0537],[77.903,13.0508],[77.9055,13.0504],[77.9146,13.0494],[77.9168,13.0509],[77.9191,13.0536],[77.9216,13.0574],[77.9217,13.0589],[77.9224,13.061],[77.9233,13.0617],[77.9244,13.0628],[77.9249,13.0635],[77.9255,13.0651],[77.9263,13.0669],[77.9275,13.0686],[77.9304,13.0683],[77.9333,13.0676],[77.9385,13.067],[77.9416,13.0691],[77.9414,13.0742],[77.9415,13.0764],[77.9411,13.0788],[77.9394,13.0819],[77.9382,13.0781],[77.9369,13.0773],[77.9357,13.0762],[77.9346,13.0763],[77.9326,13.0752],[77.9316,13.0742],[77.9293,13.0744],[77.9284,13.0744],[77.9277,13.0742],[77.9262,13.0751],[77.9273,13.0793],[77.9259,13.0819],[77.9215,13.0806],[77.9161,13.0785],[77.9131,13.0807],[77.9145,13.0837],[77.9131,13.0912],[77.9096,13.0952],[77.9064,13.0959],[77.9021,13.0995],[77.9069,13.1059],[77.9083,13.1081],[77.9123,13.1097],[77.9137,13.1132],[77.9186,13.1171],[77.9219,13.1169],[77.924,13.1158],[77.9239,13.1135],[77.9247,13.113],[77.9259,13.1102],[77.9298,13.1099],[77.9351,13.1086],[77.938,13.1114],[77.9364,13.1171],[77.937,13.1204],[77.9375,13.1235],[77.9378,13.1245],[77.9379,13.1255],[77.9409,13.1248],[77.9442,13.1239],[77.9462,13.1234],[77.948,13.1266],[77.9516,13.1264],[77.9552,13.1257],[77.9565,13.1355],[77.9551,13.1429],[77.9591,13.1494],[77.9575,13.1529],[77.9552,13.1637],[77.9553,13.168],[77.955,13.1705],[77.9554,13.174],[77.9557,13.1763],[77.9567,13.1765],[77.957,13.1777],[77.9573,13.1795],[77.9577,13.1805],[77.9587,13.1828],[77.9595,13.183],[77.961,13.1828],[77.9615,13.1842],[77.9618,13.1866],[77.963,13.1896],[77.9625,13.1926],[77.9608,13.1958],[77.961,13.1983],[77.9597,13.2],[77.9564,13.2007],[77.9544,13.2051],[77.9559,13.2095],[77.9566,13.212],[77.9574,13.2148],[77.9574,13.2159],[77.9579,13.2167],[77.9574,13.2184],[77.9551,13.2178],[77.9542,13.2179],[77.9534,13.2185],[77.952,13.2183],[77.9519,13.2166],[77.9518,13.215],[77.9495,13.2139],[77.9469,13.2147],[77.9465,13.2171],[77.9463,13.2183],[77.9478,13.2193],[77.9504,13.2223],[77.9516,13.2229],[77.9543,13.2226],[77.9546,13.2235],[77.9549,13.2245],[77.9557,13.2265],[77.9559,13.2277],[77.9562,13.228],[77.9576,13.2278],[77.9591,13.2288],[77.9609,13.2303],[77.9631,13.2316],[77.9642,13.2334],[77.9643,13.2356],[77.9645,13.2379],[77.9654,13.2396],[77.9655,13.2428],[77.9647,13.2447],[77.962,13.2456],[77.9584,13.2477],[77.9571,13.2486],[77.9525,13.2498],[77.9486,13.2503],[77.9477,13.2492],[77.9463,13.2456],[77.9456,13.244],[77.9412,13.2445],[77.9354,13.2456],[77.9328,13.2431],[77.9316,13.242],[77.9298,13.2395],[77.9278,13.2393],[77.9255,13.2395],[77.9238,13.2388],[77.9215,13.2392],[77.9183,13.2398],[77.9151,13.2377],[77.9153,13.2353],[77.9146,13.2329],[77.9106,13.2319],[77.9067,13.2325],[77.9021,13.2335],[77.8916,13.2357],[77.9,13.2411],[77.9053,13.2503],[77.9048,13.2538],[77.905,13.2543],[77.9031,13.2549],[77.8969,13.2566],[77.8904,13.2549],[77.8856,13.2505],[77.8834,13.2506],[77.8821,13.2509],[77.8804,13.2516],[77.8791,13.2509],[77.8751,13.245],[77.878,13.241],[77.8766,13.2343],[77.8744,13.2346],[77.8715,13.2351],[77.8703,13.2355],[77.868,13.2363],[77.8648,13.2377],[77.8615,13.2366],[77.8597,13.2324],[77.8588,13.2302],[77.8584,13.2292],[77.8578,13.2274],[77.8577,13.2245],[77.858,13.2217],[77.8589,13.2207],[77.8567,13.2196],[77.8533,13.2189],[77.8501,13.2188],[77.8492,13.2203],[77.8489,13.2214],[77.8498,13.2346],[77.8464,13.2417],[77.8332,13.2453],[77.8268,13.2486],[77.8239,13.2501],[77.8226,13.2505],[77.8218,13.251],[77.8191,13.2475],[77.8172,13.2455],[77.8164,13.2441],[77.8156,13.243],[77.8155,13.2419],[77.8144,13.2392],[77.8132,13.239],[77.8114,13.2403],[77.8093,13.2406],[77.8074,13.2414],[77.8064,13.2415],[77.8074,13.2441],[77.8083,13.2454],[77.8079,13.2467],[77.8089,13.2476],[77.8116,13.2474],[77.8122,13.2498],[77.8129,13.2506],[77.814,13.2517],[77.8159,13.2537],[77.8171,13.2553],[77.819,13.2547],[77.8218,13.2572],[77.8195,13.2588],[77.8176,13.2598],[77.8149,13.261],[77.81,13.2618],[77.8099,13.2641],[77.8109,13.2677],[77.8119,13.2709],[77.8123,13.273],[77.812,13.2761],[77.8121,13.2784],[77.8133,13.2822],[77.8151,13.2853],[77.8159,13.2885],[77.816,13.2894],[77.8164,13.2913],[77.8168,13.2941],[77.8172,13.2961],[77.8183,13.2959],[77.8196,13.2958],[77.8223,13.2958],[77.8225,13.2939],[77.8222,13.2912],[77.8233,13.2908],[77.8257,13.2902],[77.8293,13.29],[77.8285,13.2999],[77.823,13.3044],[77.8209,13.304],[77.8185,13.3034],[77.8168,13.3035],[77.8156,13.3037],[77.8148,13.3056],[77.8151,13.3092],[77.814,13.3091],[77.8127,13.3094],[77.812,13.3097],[77.8081,13.3107],[77.8051,13.3114],[77.8075,13.3143],[77.8093,13.3156],[77.811,13.3166],[77.8118,13.3165],[77.8135,13.3153],[77.8131,13.3143],[77.8127,13.3132],[77.8122,13.3124],[77.8131,13.3116],[77.8144,13.3102],[77.8155,13.3102],[77.8176,13.3109],[77.819,13.3137],[77.8222,13.3128],[77.8244,13.3164],[77.8249,13.3215],[77.8273,13.3248],[77.8244,13.3262],[77.8198,13.3285],[77.8187,13.3294],[77.8151,13.3312],[77.8109,13.3327],[77.8096,13.3355],[77.803,13.3383],[77.7945,13.342],[77.792,13.3454],[77.7912,13.3517],[77.7723,13.3569],[77.7549,13.3642],[77.7512,13.3626],[77.7483,13.3589],[77.7458,13.3602],[77.7443,13.3611],[77.7435,13.3608],[77.7431,13.3607],[77.7426,13.3604],[77.7418,13.3607],[77.741,13.3596],[77.742,13.3592],[77.7426,13.3587],[77.7437,13.3575],[77.7438,13.3562],[77.7447,13.3553],[77.7452,13.3546],[77.7435,13.3542],[77.7423,13.355],[77.7406,13.3562],[77.7398,13.3577],[77.7388,13.3586],[77.7383,13.3592],[77.7377,13.3598],[77.7377,13.36],[77.737,13.3607],[77.7364,13.3603],[77.7355,13.3605],[77.7361,13.3594],[77.7342,13.3602],[77.7322,13.3607],[77.7298,13.3608],[77.7297,13.3613],[77.7287,13.3624],[77.7284,13.3626],[77.7264,13.3629],[77.7272,13.3619],[77.7272,13.3616],[77.7263,13.3617],[77.7269,13.3614],[77.7279,13.3615],[77.7292,13.361],[77.7296,13.3598],[77.7294,13.3584],[77.7288,13.356],[77.7278,13.3529],[77.7264,13.3513],[77.7226,13.3516],[77.7159,13.3511],[77.7177,13.3533],[77.7178,13.3567],[77.7175,13.3588],[77.7171,13.3599],[77.7171,13.3622],[77.7172,13.363],[77.7163,13.3645],[77.7157,13.3649],[77.7134,13.3652],[77.711,13.3656],[77.7091,13.3655],[77.7104,13.3634],[77.7085,13.363],[77.7078,13.3614],[77.7055,13.3619],[77.705,13.3611],[77.6983,13.357],[77.6986,13.3532],[77.6988,13.3505],[77.6992,13.3478],[77.7036,13.3457],[77.7011,13.3401],[77.6994,13.3381],[77.6989,13.336],[77.6969,13.3376],[77.6959,13.3394],[77.6952,13.3404],[77.6923,13.3433],[77.6903,13.3443],[77.6888,13.3468],[77.6878,13.3484],[77.6874,13.3497],[77.6861,13.3503],[77.6847,13.3508],[77.683,13.3528],[77.682,13.3503],[77.6816,13.349],[77.681,13.3477],[77.6807,13.3463],[77.6801,13.3452],[77.6767,13.3456],[77.6672,13.3479],[77.6669,13.3502],[77.6617,13.353],[77.6563,13.3604],[77.6567,13.3628],[77.6565,13.3661],[77.6561,13.3692],[77.6597,13.3745],[77.6603,13.3783],[77.6588,13.3824],[77.6516,13.3861],[77.6539,13.3891],[77.6576,13.3945],[77.6576,13.3967],[77.6543,13.3978],[77.6525,13.3967],[77.6509,13.3955],[77.6505,13.3937],[77.6498,13.3929],[77.6494,13.3929],[77.6484,13.3924],[77.6473,13.3918],[77.646,13.3923],[77.6446,13.3926],[77.6438,13.3934],[77.6419,13.3934],[77.6413,13.3939],[77.6401,13.3936],[77.6394,13.3941],[77.6385,13.3938],[77.6382,13.3926],[77.6379,13.3884],[77.6376,13.3855],[77.6376,13.385],[77.6369,13.3853],[77.6354,13.3832],[77.6353,13.381],[77.6342,13.3798],[77.6336,13.3777],[77.6328,13.3755],[77.6293,13.3758],[77.6257,13.3758],[77.6222,13.3755],[77.6211,13.3778],[77.6219,13.3805],[77.6185,13.3839],[77.6149,13.3844],[77.6153,13.3904],[77.6199,13.4002],[77.6156,13.4014],[77.611,13.4046],[77.6068,13.4061],[77.6081,13.4016],[77.6061,13.3979],[77.5996,13.4053],[77.6005,13.4098],[77.599,13.4137],[77.6067,13.415],[77.6093,13.4148],[77.6159,13.4191],[77.6088,13.4237],[77.6059,13.4342],[77.6047,13.439],[77.6035,13.4414],[77.6024,13.4421],[77.6013,13.4407],[77.5989,13.4363],[77.5921,13.4362],[77.5893,13.4362],[77.59,13.4341],[77.5898,13.4323],[77.59,13.431],[77.5898,13.4283],[77.5911,13.4216],[77.5928,13.4204],[77.5908,13.4186],[77.5883,13.4192],[77.5868,13.4213],[77.5801,13.421],[77.5718,13.4202],[77.5624,13.4195],[77.5554,13.4185],[77.5508,13.4192],[77.5505,13.4273],[77.5457,13.4365],[77.5359,13.4312],[77.534,13.4309],[77.5265,13.4317],[77.5257,13.432],[77.5232,13.4317],[77.5195,13.433],[77.5189,13.4357],[77.5162,13.4402],[77.5164,13.4435],[77.5127,13.444],[77.5096,13.4444],[77.5064,13.4444],[77.5065,13.4563],[77.4991,13.4577],[77.4881,13.4617],[77.4852,13.4659],[77.4787,13.4664],[77.4765,13.4666],[77.4691,13.4677],[77.4617,13.4629],[77.4549,13.4686],[77.4512,13.4653],[77.4451,13.4619],[77.4397,13.4619],[77.4356,13.4633],[77.4342,13.465],[77.4348,13.4685],[77.4307,13.4699],[77.4255,13.4708],[77.4231,13.4717],[77.4245,13.4778],[77.4259,13.481],[77.4251,13.4828],[77.4218,13.4842],[77.4174,13.4838],[77.4164,13.4849],[77.4157,13.4863],[77.4154,13.4885],[77.4156,13.4904],[77.4157,13.4911],[77.411,13.4935],[77.4078,13.4959],[77.4045,13.4946],[77.4032,13.4943],[77.3996,13.493],[77.3959,13.4946],[77.3923,13.4963],[77.3849,13.4992],[77.3826,13.4967],[77.3771,13.4909],[77.3763,13.4845],[77.3713,13.4768],[77.3687,13.4699],[77.3668,13.4685],[77.3636,13.4621],[77.3561,13.4619],[77.3519,13.4584],[77.3493,13.4573],[77.349,13.4553],[77.3492,13.4507],[77.3492,13.448],[77.3491,13.4452],[77.3526,13.4422],[77.3542,13.4393],[77.3554,13.4395],[77.3596,13.4384],[77.3633,13.4346],[77.3635,13.4306],[77.3647,13.4272],[77.3642,13.4234],[77.363,13.4165],[77.3601,13.4148],[77.3575,13.4144],[77.356,13.4147],[77.352,13.4157],[77.3484,13.4174],[77.3472,13.4177],[77.3466,13.4145],[77.3461,13.4121],[77.3457,13.4101],[77.3455,13.4088],[77.3451,13.4079],[77.3444,13.4064],[77.3436,13.4046],[77.3427,13.4027],[77.3419,13.4017],[77.3418,13.3999],[77.3433,13.397],[77.3428,13.3933],[77.3437,13.3912],[77.3436,13.3879],[77.3436,13.3852],[77.3418,13.3821],[77.3408,13.3774],[77.3392,13.3743],[77.3451,13.3733],[77.3449,13.3707],[77.3429,13.3666],[77.3425,13.3655],[77.343,13.3628],[77.3424,13.3616],[77.342,13.3583],[77.3421,13.3537],[77.3427,13.3505],[77.3458,13.3495],[77.3454,13.3457],[77.3452,13.3443],[77.3444,13.3407],[77.3438,13.3376],[77.3429,13.3366],[77.3416,13.3361],[77.3406,13.3351],[77.3391,13.3331],[77.3386,13.3292],[77.3365,13.3288],[77.3345,13.3287],[77.3324,13.3292],[77.33,13.3302],[77.3288,13.3295],[77.3269,13.3279],[77.3242,13.3264],[77.3207,13.324],[77.3161,13.3221],[77.3138,13.3213],[77.3119,13.3203],[77.3108,13.3178],[77.3102,13.3162],[77.31,13.3155],[77.3096,13.3131],[77.3093,13.3115],[77.3073,13.31],[77.3055,13.3102],[77.3044,13.3104],[77.3009,13.3103],[77.2984,13.3103],[77.2944,13.3106],[77.2886,13.3112],[77.2869,13.311],[77.2867,13.311],[77.2852,13.3109],[77.283,13.3111],[77.2816,13.3106],[77.2812,13.3087],[77.2811,13.3052],[77.2807,13.3034],[77.2807,13.3028],[77.2807,13.302],[77.2817,13.2988],[77.2814,13.2971],[77.2757,13.2975],[77.2747,13.2988],[77.2737,13.3005],[77.2721,13.3027],[77.2714,13.3035],[77.2695,13.3078],[77.2692,13.3087],[77.2695,13.3109],[77.2654,13.3108],[77.2614,13.3102],[77.2568,13.309],[77.2533,13.3047],[77.2505,13.3023],[77.2449,13.303],[77.2418,13.3041],[77.2419,13.3055],[77.2413,13.3063],[77.2406,13.3073],[77.2398,13.3086],[77.2386,13.309],[77.2374,13.3103],[77.2354,13.3104],[77.2341,13.3105],[77.233,13.3111],[77.2326,13.3121],[77.2317,13.3136],[77.2307,13.314],[77.2298,13.3146],[77.2293,13.3141],[77.2288,13.3136],[77.2272,13.3069],[77.223,13.2928],[77.2226,13.2892],[77.2223,13.2878],[77.2218,13.2856],[77.2205,13.2786],[77.2197,13.2741],[77.2204,13.2715],[77.2219,13.2681],[77.2213,13.266],[77.2089,13.2619],[77.2075,13.2622],[77.2069,13.2624],[77.2056,13.2629],[77.2028,13.2646],[77.2004,13.2669],[77.1993,13.2683],[77.1984,13.2679],[77.1969,13.2683],[77.1949,13.2686],[77.1937,13.2691],[77.1931,13.2703],[77.1929,13.2712],[77.1933,13.2716],[77.1934,13.272],[77.1936,13.2729],[77.1932,13.2735],[77.1918,13.2741],[77.1916,13.2748],[77.191,13.2752],[77.19,13.2761],[77.1891,13.2757],[77.1885,13.2755],[77.1886,13.2752],[77.1884,13.2744],[77.1881,13.2733],[77.1878,13.272],[77.1877,13.2715],[77.1876,13.2707],[77.1875,13.2696],[77.1874,13.2693],[77.1873,13.2688],[77.1871,13.2679],[77.187,13.2672],[77.1866,13.2652],[77.186,13.2615],[77.1855,13.2589],[77.1848,13.2566],[77.1865,13.2551],[77.1867,13.2534],[77.1875,13.2506],[77.1892,13.2474],[77.191,13.2414],[77.1872,13.2381],[77.1842,13.2357],[77.184,13.2334],[77.1838,13.2316],[77.1868,13.2268],[77.1941,13.2192],[77.1945,13.2099],[77.1989,13.2035],[77.1989,13.1982],[77.1987,13.1957],[77.1998,13.1954],[77.2017,13.1944],[77.2036,13.1963],[77.2071,13.1948],[77.2068,13.1908],[77.2054,13.187],[77.2061,13.1806],[77.2073,13.1736],[77.2096,13.1721],[77.2117,13.1692],[77.2161,13.1653],[77.2134,13.1556],[77.2193,13.1488],[77.2216,13.1463],[77.2287,13.1453],[77.2317,13.1467],[77.2346,13.1466],[77.2406,13.1459],[77.2449,13.1502],[77.2462,13.1529],[77.25,13.1526],[77.2521,13.1533],[77.2543,13.1531],[77.2581,13.1529],[77.2607,13.1522],[77.2642,13.1519],[77.2667,13.1517],[77.2702,13.154],[77.2726,13.1539],[77.2742,13.1535],[77.2741,13.1498],[77.2744,13.1448],[77.2725,13.1418],[77.2694,13.1437],[77.2673,13.1383],[77.2671,13.1354],[77.2655,13.133],[77.265,13.1307],[77.2655,13.1297],[77.2661,13.1275],[77.2668,13.1261],[77.2652,13.1256],[77.2657,13.1229],[77.2668,13.1198],[77.2683,13.119],[77.2698,13.1188],[77.2707,13.1189],[77.2738,13.1187],[77.275,13.12],[77.2771,13.123],[77.2775,13.1252],[77.2787,13.1308],[77.2808,13.135],[77.2842,13.1337],[77.285,13.1312],[77.2864,13.1241],[77.2868,13.1229],[77.2875,13.1205],[77.291,13.1209],[77.2922,13.1136],[77.2928,13.1102],[77.2986,13.1087],[77.3006,13.1098],[77.303,13.1107],[77.3038,13.1106],[77.3067,13.109],[77.3104,13.1074],[77.3135,13.106],[77.3127,13.1011],[77.3119,13.0961],[77.3102,13.0902],[77.3097,13.0833],[77.3091,13.077],[77.3091,13.0719],[77.3088,13.0679],[77.3089,13.0657],[77.3091,13.0622],[77.3086,13.0569],[77.3096,13.0524],[77.3107,13.0471],[77.3114,13.0463],[77.3142,13.0475],[77.3221,13.049],[77.3264,13.0484],[77.3302,13.048],[77.3301,13.0446],[77.3309,13.0411],[77.33,13.0376],[77.3299,13.0333],[77.3301,13.0293],[77.3298,13.0262],[77.3275,13.0249],[77.3262,13.0236],[77.3258,13.0213],[77.3263,13.0183],[77.3264,13.0171],[77.3264,13.0163],[77.3267,13.0146],[77.3266,13.0122],[77.3275,13.0105],[77.3276,13.0085],[77.322,13.0061],[77.3216,13.0056],[77.3214,13.0044],[77.3222,13.0034],[77.3234,13.0001],[77.3249,12.9957],[77.3266,12.9897],[77.3288,12.9771],[77.3296,12.9775],[77.3303,12.9778],[77.3305,12.9779],[77.3325,12.9783],[77.336,12.9785],[77.3375,12.9774],[77.3377,12.9739],[77.3385,12.9727],[77.3421,12.9732],[77.3513,12.9758],[77.3546,12.9837],[77.3589,12.9879],[77.3659,12.9894],[77.3721,12.9929],[77.3712,12.9957],[77.3706,13.0005],[77.3725,13.0041],[77.3708,13.0058],[77.3705,13.0099],[77.371,13.0145],[77.3725,13.0164],[77.3767,13.0167],[77.377,13.0191],[77.3771,13.02],[77.3775,13.0229],[77.377,13.0255],[77.3766,13.0278],[77.3771,13.03],[77.3784,13.0276],[77.3822,13.0273],[77.3854,13.027],[77.3877,13.0261],[77.3889,13.026],[77.3908,13.0258],[77.391,13.0305],[77.3916,13.0333],[77.3921,13.0377],[77.3929,13.0458],[77.3923,13.0542],[77.3917,13.0553],[77.387,13.055],[77.3832,13.0557],[77.3822,13.0576],[77.3826,13.0611],[77.3835,13.0639],[77.3841,13.0668],[77.3868,13.0673],[77.3897,13.0693],[77.3946,13.0695],[77.3969,13.0699],[77.4004,13.0713],[77.4046,13.0714],[77.4116,13.0724],[77.4166,13.0691],[77.4208,13.0676],[77.425,13.0684],[77.4258,13.0708],[77.4273,13.076],[77.4282,13.0787],[77.4296,13.0825],[77.4282,13.0845],[77.4252,13.085],[77.4232,13.0838],[77.4212,13.0848],[77.4216,13.0869],[77.4217,13.0891],[77.4186,13.0901],[77.418,13.0929],[77.4188,13.0943],[77.4195,13.0955],[77.4201,13.0967],[77.4183,13.0975],[77.4165,13.0981],[77.4172,13.1006],[77.4179,13.1028],[77.4154,13.1034],[77.4126,13.1039],[77.4103,13.1049],[77.4088,13.1056],[77.4061,13.1068],[77.4038,13.1081],[77.402,13.1091],[77.4013,13.1094],[77.402,13.114],[77.4004,13.1154],[77.3975,13.1161],[77.3974,13.1162],[77.3978,13.1184],[77.3982,13.1203],[77.3986,13.1235],[77.3996,13.1276],[77.4037,13.1279],[77.4039,13.1271],[77.404,13.1255],[77.4039,13.1232],[77.4033,13.121],[77.4039,13.121],[77.4054,13.1213],[77.4067,13.1214],[77.4074,13.1218],[77.4086,13.1224],[77.4106,13.1247],[77.4127,13.1263],[77.4137,13.1294],[77.4148,13.1312],[77.416,13.1334],[77.4169,13.1352],[77.4183,13.1371],[77.4197,13.1405],[77.4211,13.1434],[77.4224,13.1455],[77.4241,13.1487],[77.4257,13.1519],[77.4296,13.1588],[77.4311,13.161],[77.4334,13.1658],[77.4375,13.1665],[77.4424,13.1667],[77.447,13.1659],[77.4518,13.1639],[77.4543,13.1634],[77.4554,13.1632],[77.4586,13.162],[77.461,13.1605],[77.4647,13.1623],[77.4684,13.1664],[77.4708,13.1783],[77.4749,13.1832],[77.4765,13.1877],[77.4772,13.1921],[77.4782,13.1954],[77.4786,13.2005],[77.4789,13.2069],[77.4737,13.2113],[77.4742,13.214],[77.477,13.2205],[77.4794,13.2241],[77.49,13.2239],[77.4931,13.2248],[77.4987,13.2269],[77.5013,13.2265],[77.5033,13.2255],[77.5053,13.2247],[77.5079,13.2271],[77.5119,13.2249],[77.5131,13.2225],[77.5174,13.2213],[77.5182,13.2187],[77.5188,13.2174],[77.5192,13.2154],[77.5185,13.2143],[77.5201,13.2141],[77.5194,13.2124],[77.5186,13.211],[77.5189,13.2093],[77.5196,13.2111],[77.5213,13.2101],[77.5217,13.2089],[77.5216,13.2075],[77.522,13.2092],[77.5225,13.2116],[77.5223,13.2134],[77.523,13.214],[77.5242,13.216],[77.5254,13.2175],[77.5255,13.2196],[77.5265,13.2216],[77.5271,13.2212],[77.5282,13.2209],[77.5313,13.2203],[77.5334,13.2197],[77.5362,13.2191],[77.5375,13.2207],[77.538,13.2232],[77.5387,13.2256],[77.5419,13.2271],[77.5432,13.231],[77.5448,13.2327],[77.5505,13.2331],[77.553,13.2336],[77.5556,13.2332],[77.5578,13.2326],[77.5595,13.2318],[77.5587,13.2292],[77.5581,13.2274],[77.5579,13.2234],[77.5586,13.2214],[77.558,13.2207],[77.5575,13.2197],[77.5604,13.2184],[77.5618,13.2177],[77.5637,13.217],[77.5651,13.2165],[77.5673,13.2163],[77.5696,13.2152],[77.5699,13.2123],[77.5704,13.2098],[77.5715,13.2073],[77.5688,13.2058],[77.5691,13.201],[77.57,13.2004],[77.5723,13.1998],[77.5738,13.1987],[77.5777,13.198],[77.5789,13.1979],[77.5813,13.1973],[77.5905,13.1949],[77.5999,13.1947],[77.6014,13.1975],[77.6033,13.2017],[77.607,13.2025],[77.6127,13.2021],[77.615,13.2045],[77.627,13.2062],[77.6323,13.205],[77.6376,13.2048],[77.6375,13.2027],[77.6416,13.2013],[77.6459,13.2003],[77.6534,13.1996],[77.6573,13.1986],[77.6563,13.1979]]]}},{"type":"Feature","properties":{"name":"Mandya","district_name":"Mandya"},"geometry":{"type":"MultiPolygon","coordinates":[[[[76.6735,13.0551],[76.6697,13.0489],[76.667,13.0387],[76.6647,13.0357],[76.663,13.0324],[76.6624,13.0296],[76.6597,13.0263],[76.6599,13.0224],[76.6592,13.0198],[76.6582,13.0186],[76.6585,13.0166],[76.6584,13.0141],[76.6559,13.0117],[76.6537,13.0087],[76.6506,13.0071],[76.6372,13.0082],[76.632,13.0039],[76.6318,13.0023],[76.6317,13.0006],[76.6313,12.9962],[76.6328,12.9929],[76.6345,12.9841],[76.6313,12.9811],[76.6311,12.9774],[76.6316,12.9734],[76.6293,12.9718],[76.6278,12.9707],[76.6213,12.9658],[76.6201,12.9654],[76.6109,12.9662],[76.6105,12.9606],[76.6112,12.9582],[76.6123,12.9579],[76.614,12.9566],[76.6171,12.9545],[76.6178,12.9498],[76.617,12.9421],[76.6155,12.9368],[76.608,12.9385],[76.6052,12.9362],[76.6041,12.931],[76.6032,12.926],[76.6004,12.9233],[76.5982,12.9225],[76.5971,12.9144],[76.5994,12.9055],[76.5994,12.9044],[76.5958,12.9002],[76.5936,12.8953],[76.5908,12.8898],[76.5932,12.8846],[76.5949,12.8795],[76.5905,12.8773],[76.5899,12.8766],[76.5869,12.8759],[76.5823,12.873],[76.58,12.8734],[76.5787,12.873],[76.5753,12.8637],[76.5768,12.8558],[76.5774,12.8529],[76.5772,12.8488],[76.577,12.8462],[76.5709,12.8459],[76.5628,12.8448],[76.5582,12.8459],[76.5537,12.8447],[76.5485,12.8419],[76.5408,12.8419],[76.534,12.8435],[76.5326,12.8426],[76.5247,12.8412],[76.5189,12.837],[76.5177,12.8334],[76.518,12.8322],[76.5182,12.8281],[76.5139,12.8249],[76.5126,12.8245],[76.5116,12.8235],[76.5096,12.8225],[76.5085,12.8224],[76.5072,12.8221],[76.4984,12.8155],[76.4971,12.8132],[76.4944,12.8105],[76.4933,12.8101],[76.4923,12.8086],[76.4917,12.8058],[76.4939,12.8054],[76.495,12.8026],[76.4942,12.8001],[76.4932,12.7964],[76.4924,12.7951],[76.4914,12.793],[76.492,12.7898],[76.4907,12.7879],[76.4915,12.7859],[76.4943,12.7815],[76.4964,12.78],[76.4981,12.7765],[76.4977,12.7707],[76.496,12.7688],[76.4948,12.7678],[76.4935,12.767],[76.493,12.7665],[76.4926,12.7666],[76.4898,12.7655],[76.4894,12.7671],[76.4889,12.7689],[76.4878,12.7724],[76.4881,12.7727],[76.4888,12.7727],[76.489,12.7727],[76.4896,12.7756],[76.4895,12.7791],[76.4894,12.7816],[76.4895,12.7847],[76.4865,12.7842],[76.4837,12.7834],[76.482,12.7822],[76.48,12.781],[76.4782,12.7793],[76.4767,12.7714],[76.4748,12.7707],[76.4719,12.7707],[76.4684,12.7719],[76.4674,12.7733],[76.4649,12.775],[76.4629,12.7756],[76.4619,12.776],[76.4601,12.776],[76.4566,12.7773],[76.4555,12.78],[76.4554,12.7804],[76.4559,12.7829],[76.4564,12.786],[76.4567,12.7879],[76.459,12.7884],[76.4614,12.7897],[76.4678,12.7934],[76.4695,12.7982],[76.4693,12.7992],[76.4685,12.8014],[76.4673,12.8034],[76.4665,12.8043],[76.4625,12.803],[76.4592,12.8023],[76.4568,12.8025],[76.457,12.8037],[76.457,12.8047],[76.4556,12.8074],[76.4543,12.8079],[76.4519,12.8089],[76.4509,12.8098],[76.4507,12.8111],[76.4507,12.8121],[76.4487,12.8132],[76.4464,12.816],[76.4448,12.8193],[76.436,12.8231],[76.4291,12.8241],[76.4239,12.8298],[76.4225,12.8348],[76.422,12.8377],[76.4208,12.8395],[76.4205,12.8426],[76.421,12.8441],[76.4231,12.8445],[76.4245,12.8452],[76.4258,12.8462],[76.4258,12.8486],[76.4266,12.8509],[76.4263,12.8553],[76.4254,12.8573],[76.4214,12.8578],[76.4193,12.8582],[76.4159,12.8636],[76.416,12.8648],[76.4149,12.8657],[76.4105,12.8649],[76.4071,12.8658],[76.4068,12.8655],[76.4076,12.8615],[76.4082,12.8598],[76.4084,12.8548],[76.4079,12.8509],[76.408,12.8478],[76.4073,12.8454],[76.4023,12.8454],[76.3985,12.8465],[76.3924,12.8456],[76.3887,12.8454],[76.387,12.8426],[76.3856,12.8353],[76.3822,12.8306],[76.3768,12.8281],[76.3748,12.8313],[76.3734,12.8298],[76.3712,12.8289],[76.3672,12.8228],[76.3669,12.8086],[76.3512,12.8087],[76.3301,12.8086],[76.3345,12.7888],[76.3497,12.7861],[76.348,12.7682],[76.3466,12.757],[76.3546,12.7509],[76.3563,12.7456],[76.3502,12.7427],[76.3465,12.743],[76.3449,12.7408],[76.3395,12.7331],[76.3442,12.7289],[76.3441,12.7247],[76.3455,12.7212],[76.3461,12.7186],[76.3472,12.7176],[76.3533,12.7116],[76.357,12.7105],[76.3621,12.7016],[76.3628,12.6973],[76.3619,12.6961],[76.3616,12.6942],[76.3616,12.6917],[76.3591,12.6887],[76.3542,12.685],[76.354,12.683],[76.3538,12.6801],[76.3534,12.677],[76.3535,12.6731],[76.354,12.6718],[76.3512,12.6687],[76.3456,12.6638],[76.3423,12.6589],[76.3446,12.6539],[76.3512,12.6508],[76.3516,12.6448],[76.3535,12.6392],[76.3588,12.6337],[76.3641,12.6267],[76.3635,12.6219],[76.3644,12.6185],[76.3644,12.6146],[76.3634,12.6103],[76.3676,12.6064],[76.3693,12.6038],[76.3698,12.6024],[76.3706,12.6008],[76.3715,12.5989],[76.3727,12.5939],[76.3765,12.5799],[76.3773,12.576],[76.3843,12.5742],[76.3882,12.5736],[76.3921,12.573],[76.3943,12.5727],[76.3957,12.5703],[76.395,12.5678],[76.3907,12.5646],[76.3872,12.5588],[76.3878,12.5556],[76.3889,12.5528],[76.3931,12.5517],[76.3957,12.5506],[76.396,12.5506],[76.3992,12.5517],[76.402,12.5526],[76.4039,12.5531],[76.4057,12.5543],[76.4071,12.5554],[76.4093,12.5565],[76.4111,12.557],[76.4121,12.5544],[76.4132,12.5521],[76.4148,12.549],[76.4153,12.547],[76.4163,12.5469],[76.4168,12.5463],[76.4204,12.5447],[76.4217,12.5446],[76.4245,12.5435],[76.426,12.543],[76.427,12.5424],[76.4263,12.5405],[76.4256,12.5384],[76.4235,12.5376],[76.4225,12.5356],[76.4221,12.5338],[76.4222,12.5318],[76.4255,12.5301],[76.4284,12.5273],[76.432,12.5244],[76.4367,12.5226],[76.4439,12.5085],[76.4502,12.504],[76.4509,12.4897],[76.4511,12.4873],[76.453,12.4861],[76.4549,12.4847],[76.4573,12.4815],[76.4665,12.4757],[76.4829,12.471],[76.4941,12.462],[76.5031,12.4516],[76.5113,12.4535],[76.5217,12.4489],[76.5264,12.4452],[76.5343,12.4416],[76.5421,12.4409],[76.5493,12.4392],[76.5557,12.4331],[76.5652,12.4259],[76.5685,12.4242],[76.5675,12.4182],[76.5673,12.4101],[76.5665,12.407],[76.5659,12.4012],[76.5606,12.4004],[76.5574,12.4008],[76.5572,12.4001],[76.5569,12.3995],[76.5565,12.3979],[76.5563,12.3971],[76.5558,12.3948],[76.5554,12.3927],[76.5545,12.3916],[76.5561,12.3909],[76.5568,12.3907],[76.5571,12.3906],[76.5584,12.3904],[76.559,12.3891],[76.5593,12.3876],[76.5616,12.3837],[76.5642,12.3828],[76.565,12.3825],[76.5654,12.3784],[76.5694,12.3736],[76.5713,12.3729],[76.5759,12.3725],[76.5782,12.3725],[76.5814,12.3738],[76.5833,12.3743],[76.5856,12.3751],[76.5872,12.3749],[76.5881,12.3715],[76.588,12.3701],[76.5901,12.3686],[76.5893,12.3636],[76.5938,12.3653],[76.5965,12.3675],[76.6013,12.3679],[76.6022,12.3677],[76.6034,12.3688],[76.6038,12.3692],[76.6069,12.369],[76.6087,12.3686],[76.6106,12.3685],[76.6122,12.3686],[76.6153,12.3685],[76.6182,12.3681],[76.625,12.3691],[76.6251,12.3711],[76.6277,12.3755],[76.6304,12.3791],[76.6318,12.381],[76.6336,12.3829],[76.6386,12.3838],[76.6396,12.3848],[76.6412,12.3857],[76.6413,12.3866],[76.6416,12.3876],[76.6415,12.389],[76.6422,12.3893],[76.6426,12.3902],[76.6419,12.3916],[76.6421,12.3931],[76.6424,12.395],[76.6447,12.3954],[76.6457,12.3957],[76.6466,12.3962],[76.6477,12.3972],[76.6486,12.3974],[76.6495,12.3973],[76.6503,12.3965],[76.6514,12.3961],[76.6521,12.3948],[76.6533,12.3953],[76.6551,12.3958],[76.6567,12.3951],[76.6579,12.3946],[76.6605,12.3905],[76.6617,12.3904],[76.6628,12.3877],[76.6634,12.3869],[76.6647,12.3865],[76.667,12.387],[76.6677,12.3885],[76.6688,12.3894],[76.6708,12.3898],[76.6712,12.3913],[76.6722,12.3915],[76.6751,12.391],[76.6783,12.3908],[76.6808,12.3914],[76.6828,12.3913],[76.6831,12.3895],[76.6825,12.3886],[76.682,12.3879],[76.6816,12.3869],[76.6821,12.3864],[76.6834,12.3844],[76.6857,12.3833],[76.6863,12.3826],[76.6852,12.3789],[76.6839,12.3756],[76.6824,12.3743],[76.6811,12.3721],[76.6806,12.3695],[76.682,12.368],[76.6839,12.3658],[76.6853,12.3659],[76.6882,12.3655],[76.688,12.3632],[76.6886,12.3628],[76.6907,12.3605],[76.6924,12.3591],[76.6939,12.3573],[76.6955,12.3558],[76.6967,12.3543],[76.6974,12.3529],[76.6985,12.351],[76.6992,12.3508],[76.7013,12.3513],[76.7042,12.352],[76.7067,12.3525],[76.7077,12.3532],[76.7094,12.3543],[76.7113,12.3553],[76.7124,12.356],[76.7133,12.3572],[76.7159,12.357],[76.7182,12.3567],[76.7179,12.3546],[76.7175,12.3532],[76.717,12.3522],[76.7189,12.3514],[76.7206,12.3504],[76.7231,12.3468],[76.7274,12.3447],[76.7299,12.3429],[76.7295,12.3412],[76.7297,12.3382],[76.7305,12.337],[76.7304,12.3357],[76.7306,12.3328],[76.7307,12.3288],[76.7312,12.3233],[76.7321,12.3157],[76.7338,12.3182],[76.7369,12.3226],[76.7431,12.319],[76.7432,12.3184],[76.7432,12.3164],[76.7438,12.3148],[76.7447,12.314],[76.7443,12.3111],[76.7438,12.3101],[76.7451,12.3096],[76.7461,12.3078],[76.7484,12.3078],[76.7503,12.3052],[76.7504,12.3042],[76.7508,12.3041],[76.7524,12.3019],[76.7534,12.3031],[76.7538,12.3037],[76.7558,12.3044],[76.7581,12.305],[76.759,12.3069],[76.7608,12.308],[76.7616,12.3085],[76.7624,12.3096],[76.764,12.3123],[76.7627,12.3154],[76.7632,12.3187],[76.7638,12.3225],[76.7642,12.3261],[76.7636,12.328],[76.7638,12.3306],[76.7634,12.3324],[76.762,12.3348],[76.762,12.3385],[76.7634,12.3408],[76.7654,12.3464],[76.7651,12.3499],[76.7662,12.3513],[76.7684,12.3513],[76.7701,12.3518],[76.7739,12.352],[76.7776,12.3528],[76.7794,12.3518],[76.7817,12.352],[76.7821,12.3494],[76.784,12.3475],[76.7865,12.3471],[76.7893,12.347],[76.791,12.3473],[76.7911,12.348],[76.7915,12.3491],[76.792,12.3495],[76.7929,12.3507],[76.7929,12.352],[76.7942,12.354],[76.7959,12.3544],[76.7978,12.3563],[76.7996,12.3575],[76.7979,12.3608],[76.7973,12.364],[76.8022,12.37],[76.806,12.363],[76.8111,12.3639],[76.8121,12.367],[76.8122,12.3684],[76.8125,12.3704],[76.8134,12.374],[76.8138,12.3746],[76.8139,12.3759],[76.8141,12.3775],[76.8142,12.3814],[76.8144,12.3836],[76.8145,12.3866],[76.815,12.3869],[76.8223,12.3874],[76.8234,12.3872],[76.8267,12.3871],[76.8288,12.3868],[76.834,12.385],[76.8343,12.3916],[76.8348,12.3929],[76.8346,12.3955],[76.832,12.3984],[76.8313,12.4002],[76.8324,12.4027],[76.8336,12.4021],[76.8347,12.402],[76.8373,12.402],[76.8396,12.4022],[76.8426,12.4021],[76.8443,12.4022],[76.847,12.4022],[76.8486,12.403],[76.8494,12.4038],[76.8504,12.4048],[76.8512,12.4056],[76.8534,12.4069],[76.8538,12.4087],[76.8545,12.409],[76.8565,12.408],[76.8582,12.4088],[76.8606,12.4094],[76.8613,12.4071],[76.8625,12.4021],[76.8646,12.4005],[76.8684,12.4003],[76.8721,12.3996],[76.8733,12.3999],[76.8757,12.4001],[76.8776,12.4001],[76.8796,12.4007],[76.8805,12.4016],[76.8801,12.4039],[76.8804,12.4056],[76.8877,12.4071],[76.8945,12.409],[76.8999,12.4094],[76.8996,12.4114],[76.8983,12.4149],[76.9001,12.4163],[76.9004,12.4181],[76.9009,12.4202],[76.903,12.4212],[76.9047,12.4218],[76.9064,12.4222],[76.905,12.4238],[76.9039,12.4268],[76.9041,12.429],[76.904,12.4298],[76.9045,12.4307],[76.9045,12.4341],[76.9067,12.4365],[76.9071,12.4376],[76.9093,12.4392],[76.9109,12.4396],[76.9149,12.4398],[76.9164,12.4392],[76.9176,12.4404],[76.9191,12.4413],[76.9209,12.4416],[76.9222,12.4415],[76.9235,12.4397],[76.9238,12.4388],[76.9245,12.437],[76.9248,12.4359],[76.925,12.4347],[76.9254,12.434],[76.9267,12.4315],[76.9274,12.4295],[76.9279,12.4282],[76.9282,12.4277],[76.9281,12.4263],[76.9282,12.4256],[76.9283,12.4246],[76.9287,12.4236],[76.9285,12.423],[76.9278,12.4223],[76.927,12.4212],[76.9264,12.4212],[76.9257,12.422],[76.9255,12.422],[76.9257,12.4208],[76.9258,12.42],[76.9258,12.4194],[76.9261,12.4184],[76.9268,12.418],[76.9277,12.4172],[76.928,12.4165],[76.928,12.4161],[76.9284,12.4158],[76.9292,12.4158],[76.9295,12.4156],[76.9303,12.4136],[76.9308,12.412],[76.9309,12.4117],[76.9312,12.4108],[76.9315,12.4094],[76.9323,12.4086],[76.9323,12.4076],[76.9333,12.407],[76.9339,12.4067],[76.9345,12.4057],[76.9348,12.4048],[76.9351,12.4042],[76.9352,12.4033],[76.9354,12.4029],[76.9358,12.4026],[76.9365,12.4026],[76.9367,12.402],[76.9367,12.4015],[76.9376,12.4008],[76.9372,12.3989],[76.9367,12.3964],[76.9369,12.3934],[76.9366,12.3903],[76.9366,12.3866],[76.9364,12.3853],[76.9369,12.3848],[76.9375,12.3839],[76.9378,12.383],[76.9376,12.3812],[76.937,12.3774],[76.9368,12.3743],[76.9371,12.3728],[76.9372,12.3704],[76.9362,12.3695],[76.9366,12.3668],[76.9372,12.3651],[76.9373,12.3639],[76.9377,12.3601],[76.9387,12.3544],[76.9389,12.3531],[76.9352,12.3531],[76.9311,12.3532],[76.9282,12.3531],[76.9239,12.3534],[76.9235,12.3509],[76.9236,12.3498],[76.9251,12.3465],[76.9263,12.3442],[76.9276,12.3425],[76.9284,12.3392],[76.9295,12.3391],[76.9308,12.3387],[76.9313,12.3385],[76.9309,12.3368],[76.9303,12.3352],[76.9289,12.3326],[76.9286,12.3318],[76.9284,12.3301],[76.9281,12.3281],[76.9225,12.3225],[76.9292,12.3226],[76.9354,12.3245],[76.9365,12.3257],[76.9398,12.3271],[76.9419,12.3286],[76.9439,12.3295],[76.9464,12.3306],[76.9491,12.3312],[76.9528,12.3307],[76.9534,12.3279],[76.9557,12.3273],[76.9577,12.3276],[76.9598,12.3304],[76.9601,12.3331],[76.9605,12.3355],[76.9602,12.3383],[76.9594,12.3393],[76.9594,12.3403],[76.9584,12.3415],[76.9574,12.3446],[76.9566,12.3473],[76.9566,12.3511],[76.9575,12.353],[76.9583,12.354],[76.9593,12.3546],[76.9634,12.3543],[76.9665,12.3538],[76.97,12.353],[76.9717,12.3543],[76.9766,12.3546],[76.9767,12.3518],[76.977,12.349],[76.9773,12.3439],[76.9773,12.3397],[76.9773,12.3362],[76.9777,12.3321],[76.9769,12.3288],[76.9815,12.3286],[76.9857,12.3323],[76.9871,12.3281],[76.9873,12.3198],[76.9885,12.3194],[76.9904,12.3175],[76.9908,12.3147],[76.9936,12.3142],[76.9968,12.3135],[76.9964,12.3108],[76.9957,12.3091],[76.995,12.3069],[76.9934,12.3028],[76.9912,12.3019],[76.988,12.3019],[76.9865,12.3021],[76.9823,12.3059],[76.9807,12.3064],[76.9806,12.3075],[76.9789,12.3074],[76.9771,12.306],[76.9766,12.3057],[76.9758,12.3033],[76.9746,12.3025],[76.9737,12.3003],[76.973,12.2981],[76.9722,12.2956],[76.9713,12.2912],[76.974,12.2904],[76.9776,12.2899],[76.9781,12.2896],[76.9805,12.2892],[76.9817,12.2881],[76.9835,12.2865],[76.9866,12.2869],[76.9901,12.2847],[76.9904,12.2788],[76.9909,12.2772],[76.9892,12.2757],[76.9893,12.2734],[76.9893,12.27],[76.9892,12.2685],[76.9891,12.2673],[76.9889,12.266],[76.9888,12.2645],[76.9887,12.2621],[76.9891,12.2612],[76.9893,12.261],[76.9892,12.2604],[76.9891,12.2588],[76.9891,12.258],[76.9891,12.2575],[76.9894,12.2568],[76.9899,12.2563],[76.9908,12.2548],[76.9923,12.2526],[76.9932,12.2523],[76.9941,12.2512],[76.9942,12.2509],[76.9942,12.2507],[76.9943,12.2502],[76.9943,12.2497],[76.9942,12.249],[76.9942,12.2478],[76.9945,12.2463],[76.9945,12.2454],[76.9945,12.2454],[76.9955,12.244],[76.9957,12.2425],[76.996,12.2419],[76.9962,12.2418],[76.9963,12.2418],[76.9962,12.2401],[77.0003,12.2403],[77.025,12.2372],[77.0342,12.2329],[77.0351,12.2326],[77.0359,12.2325],[77.0364,12.2335],[77.0376,12.2338],[77.0398,12.2333],[77.0432,12.2327],[77.049,12.2372],[77.0534,12.2386],[77.0556,12.2381],[77.0588,12.2362],[77.0606,12.2349],[77.0648,12.2327],[77.067,12.2334],[77.0687,12.2346],[77.0694,12.2374],[77.0725,12.2367],[77.0743,12.2364],[77.0779,12.2361],[77.0779,12.2345],[77.0779,12.233],[77.078,12.2322],[77.0779,12.2297],[77.0778,12.2273],[77.0777,12.2252],[77.0777,12.2239],[77.0775,12.2218],[77.0772,12.2194],[77.0788,12.2194],[77.0799,12.2215],[77.0816,12.2212],[77.084,12.2205],[77.0868,12.2194],[77.0884,12.2176],[77.0922,12.2196],[77.094,12.2195],[77.0967,12.2203],[77.0982,12.2201],[77.1021,12.22],[77.104,12.2199],[77.105,12.2199],[77.1051,12.22],[77.1052,12.2206],[77.1055,12.2224],[77.1055,12.2242],[77.1055,12.2248],[77.1055,12.226],[77.1056,12.2272],[77.1057,12.2287],[77.1059,12.2303],[77.1061,12.2313],[77.1062,12.2323],[77.1065,12.2335],[77.1066,12.2342],[77.1067,12.2349],[77.1067,12.2352],[77.1067,12.2357],[77.1068,12.2362],[77.1068,12.2367],[77.1069,12.2375],[77.107,12.2385],[77.107,12.2391],[77.107,12.2398],[77.107,12.2405],[77.1071,12.2409],[77.1072,12.2409],[77.1095,12.2408],[77.1117,12.2405],[77.1131,12.2409],[77.1156,12.2414],[77.1183,12.2414],[77.1198,12.2417],[77.1222,12.2422],[77.1263,12.243],[77.1401,12.2473],[77.1573,12.2556],[77.1689,12.2591],[77.168,12.2704],[77.1672,12.2818],[77.1694,12.2884],[77.1695,12.29],[77.1685,12.2935],[77.1694,12.2973],[77.1672,12.3056],[77.1664,12.3101],[77.1712,12.3096],[77.1779,12.3071],[77.1859,12.3067],[77.1971,12.3069],[77.2079,12.3064],[77.2189,12.3045],[77.2323,12.3064],[77.2398,12.3085],[77.2434,12.3076],[77.2697,12.3125],[77.3193,12.3047],[77.3241,12.3101],[77.3245,12.3282],[77.319,12.3788],[77.3001,12.3928],[77.2876,12.3932],[77.2842,12.4048],[77.2828,12.4067],[77.2834,12.4088],[77.2838,12.4093],[77.284,12.4113],[77.2828,12.4155],[77.2822,12.417],[77.2817,12.4198],[77.2824,12.4212],[77.2849,12.4211],[77.2858,12.4216],[77.2853,12.4226],[77.2852,12.424],[77.2851,12.4251],[77.2851,12.4262],[77.2852,12.4279],[77.2844,12.4287],[77.281,12.4288],[77.2794,12.4293],[77.2776,12.4293],[77.2753,12.4305],[77.2747,12.4306],[77.2729,12.4313],[77.2711,12.433],[77.2697,12.4342],[77.2719,12.4358],[77.2735,12.4368],[77.2741,12.4375],[77.2749,12.4395],[77.2745,12.4416],[77.2742,12.4434],[77.2731,12.4464],[77.2727,12.4485],[77.2714,12.4543],[77.2711,12.4561],[77.2703,12.4602],[77.268,12.4636],[77.2575,12.4636],[77.2548,12.4696],[77.249,12.47],[77.2468,12.4694],[77.2453,12.4698],[77.2437,12.4702],[77.2428,12.4711],[77.2397,12.4712],[77.2377,12.4712],[77.2363,12.4721],[77.2353,12.4727],[77.2351,12.4736],[77.236,12.4751],[77.2362,12.4779],[77.2352,12.479],[77.2359,12.4823],[77.2343,12.4833],[77.2334,12.484],[77.2312,12.4839],[77.23,12.4839],[77.2298,12.4818],[77.2301,12.4796],[77.2281,12.4798],[77.2271,12.4779],[77.2275,12.477],[77.2272,12.476],[77.2261,12.4749],[77.2257,12.4764],[77.226,12.4787],[77.2259,12.4809],[77.2262,12.4833],[77.226,12.4874],[77.2261,12.4894],[77.2287,12.4883],[77.2299,12.4879],[77.2304,12.4878],[77.2314,12.4872],[77.233,12.487],[77.2362,12.4867],[77.2364,12.4873],[77.2368,12.4881],[77.2374,12.4884],[77.2388,12.4886],[77.239,12.4902],[77.2387,12.4929],[77.2381,12.4954],[77.2373,12.5001],[77.2332,12.5012],[77.2294,12.5012],[77.2281,12.5014],[77.2271,12.5016],[77.2259,12.5018],[77.2253,12.502],[77.2242,12.5016],[77.2238,12.5002],[77.2232,12.4981],[77.2223,12.4949],[77.2222,12.4929],[77.2207,12.4919],[77.2176,12.4921],[77.2162,12.492],[77.2145,12.4899],[77.2143,12.488],[77.2136,12.4853],[77.2122,12.4849],[77.2103,12.4849],[77.2073,12.4849],[77.2053,12.4854],[77.2055,12.4893],[77.2053,12.491],[77.2034,12.4911],[77.1997,12.4885],[77.1979,12.4834],[77.1948,12.4836],[77.1926,12.4821],[77.1873,12.4819],[77.1817,12.4807],[77.1798,12.4798],[77.178,12.4791],[77.1759,12.4795],[77.1754,12.4814],[77.1746,12.483],[77.1717,12.4836],[77.1687,12.4831],[77.1655,12.4785],[77.1651,12.4776],[77.1648,12.4753],[77.1642,12.4751],[77.1614,12.4752],[77.1588,12.4755],[77.1574,12.4734],[77.1505,12.4648],[77.1404,12.4642],[77.1338,12.4767],[77.1256,12.4811],[77.1258,12.4823],[77.1251,12.4836],[77.1251,12.4853],[77.1252,12.4857],[77.125,12.4892],[77.1267,12.4901],[77.1276,12.4912],[77.1281,12.4924],[77.1285,12.4936],[77.1298,12.4961],[77.1309,12.4983],[77.1314,12.5013],[77.1315,12.5022],[77.132,12.5049],[77.132,12.5052],[77.1317,12.5066],[77.1326,12.5105],[77.1328,12.5142],[77.1317,12.5178],[77.1258,12.5252],[77.1251,12.5332],[77.1235,12.5367],[77.1216,12.5402],[77.119,12.5416],[77.1173,12.5424],[77.1151,12.5432],[77.1142,12.5508],[77.114,12.5529],[77.1139,12.5529],[77.1153,12.5543],[77.1175,12.5548],[77.1217,12.5546],[77.1271,12.5542],[77.1288,12.5586],[77.1288,12.5672],[77.1246,12.5725],[77.1191,12.5764],[77.1186,12.5799],[77.1179,12.5816],[77.1175,12.5853],[77.1153,12.5902],[77.1149,12.5948],[77.1148,12.5962],[77.1133,12.5968],[77.11,12.5973],[77.1094,12.6013],[77.1083,12.6079],[77.109,12.6091],[77.1095,12.6122],[77.1104,12.6134],[77.1113,12.6161],[77.1127,12.6162],[77.1135,12.6167],[77.1144,12.6168],[77.1161,12.6172],[77.1171,12.6174],[77.118,12.6175],[77.1192,12.6181],[77.1214,12.619],[77.1224,12.6202],[77.1218,12.6234],[77.1199,12.6254],[77.1191,12.627],[77.1175,12.6276],[77.1171,12.6283],[77.115,12.6285],[77.1135,12.6284],[77.1127,12.6284],[77.1116,12.6282],[77.1099,12.6281],[77.1087,12.6281],[77.1068,12.6279],[77.1053,12.6279],[77.1026,12.6287],[77.1009,12.6303],[77.0993,12.6507],[77.0993,12.6517],[77.0992,12.6552],[77.0991,12.6558],[77.0997,12.6674],[77.0996,12.6722],[77.0991,12.6732],[77.0962,12.6736],[77.0915,12.674],[77.0859,12.6748],[77.0812,12.6756],[77.0799,12.6759],[77.0785,12.677],[77.0767,12.6771],[77.0746,12.6781],[77.0742,12.6791],[77.0743,12.6804],[77.0744,12.6819],[77.0755,12.6823],[77.0745,12.6837],[77.0741,12.6873],[77.074,12.6889],[77.0742,12.6915],[77.0732,12.6921],[77.0732,12.6931],[77.0732,12.6951],[77.0733,12.6969],[77.0733,12.6986],[77.0734,12.6996],[77.0738,12.7015],[77.0737,12.7029],[77.0744,12.7055],[77.0753,12.7082],[77.076,12.7118],[77.0762,12.7129],[77.0772,12.7158],[77.0778,12.7189],[77.0785,12.7216],[77.0791,12.7219],[77.0794,12.7227],[77.08,12.7256],[77.0809,12.7283],[77.0815,12.7312],[77.0807,12.7331],[77.0815,12.7361],[77.0818,12.7381],[77.0804,12.7474],[77.076,12.7476],[77.0734,12.7531],[77.0708,12.7581],[77.0675,12.7591],[77.0624,12.7565],[77.0605,12.7527],[77.0571,12.7527],[77.0524,12.7496],[77.0498,12.7492],[77.0492,12.7544],[77.0478,12.7582],[77.0466,12.7626],[77.0456,12.7702],[77.0394,12.7739],[77.0335,12.7689],[77.032,12.7678],[77.0304,12.766],[77.0287,12.7655],[77.0266,12.7638],[77.0259,12.7626],[77.0243,12.7628],[77.0214,12.7629],[77.0181,12.762],[77.0138,12.7629],[77.0086,12.7644],[77.0087,12.7659],[77.0085,12.7666],[77.0084,12.7683],[77.008,12.7699],[77.0072,12.7713],[77.0069,12.7735],[77.0088,12.7808],[76.9953,12.7808],[76.9874,12.7893],[76.9751,12.7966],[76.9726,12.8016],[76.9622,12.8027],[76.9541,12.801],[76.9441,12.8041],[76.9353,12.7991],[76.9219,12.8059],[76.9174,12.8139],[76.9164,12.8192],[76.9065,12.8287],[76.9022,12.8407],[76.8974,12.8471],[76.8913,12.8501],[76.8922,12.8573],[76.892,12.8656],[76.8919,12.8781],[76.8899,12.8887],[76.8886,12.8972],[76.8779,12.8978],[76.8728,12.8994],[76.868,12.903],[76.8651,12.9102],[76.8649,12.9145],[76.8713,12.9187],[76.8756,12.9186],[76.8793,12.9191],[76.8807,12.9204],[76.8836,12.9207],[76.8864,12.9188],[76.8899,12.9188],[76.8954,12.9205],[76.8962,12.9207],[76.8937,12.925],[76.8861,12.934],[76.8787,12.9326],[76.8731,12.9313],[76.862,12.9283],[76.8626,12.9341],[76.8554,12.9381],[76.8491,12.9417],[76.8482,12.9438],[76.8356,12.9434],[76.8381,12.949],[76.8392,12.9537],[76.8394,12.957],[76.8406,12.9627],[76.8417,12.9654],[76.8404,12.9683],[76.8426,12.974],[76.8514,12.9788],[76.8442,12.9858],[76.836,12.992],[76.8263,12.999],[76.8291,13.0022],[76.8257,13.0027],[76.8236,13.0034],[76.8198,13.0051],[76.8176,13.0087],[76.8162,13.0108],[76.8158,13.0127],[76.8152,13.0135],[76.8116,13.0133],[76.8105,13.0129],[76.8076,13.0122],[76.8054,13.0124],[76.803,13.0129],[76.7999,13.014],[76.7984,13.0144],[76.7916,13.0152],[76.7878,13.0145],[76.7858,13.0149],[76.7838,13.0241],[76.7802,13.0313],[76.7715,13.0345],[76.7643,13.0355],[76.7586,13.0367],[76.7581,13.0374],[76.7519,13.0361],[76.7453,13.0368],[76.7417,13.0372],[76.7379,13.0379],[76.7305,13.0392],[76.7225,13.0399],[76.7181,13.0405],[76.7165,13.0404],[76.7095,13.0395],[76.6943,13.0372],[76.6899,13.0399],[76.6859,13.0448],[76.6815,13.0474],[76.6786,13.0511],[76.6755,13.0549],[76.6735,13.0551]]],[[[77.2905,12.3688],[77.2925,12.3686],[77.2905,12.3688]]],[[[77.3057,12.3619],[77.3082,12.3598],[77.308,12.3587],[77.3058,12.36],[77.3029,12.3571],[77.3031,12.3549],[77.3028,12.358],[77.3055,12.3608],[77.3057,12.3619]]],[[[77.2935,12.354],[77.2873,12.354],[77.2895,12.3617],[77.2936,12.3588],[77.2935,12.354]]],[[[77.3008,12.3199],[77.3044,12.3165],[77.3008,12.3199]]],[[[76.9805,12.2733],[76.977,12.2758],[76.9738,12.2765],[76.9712,12.2772],[76.9689,12.2774],[76.9691,12.2727],[76.9689,12.2608],[76.9705,12.2587],[76.9709,12.2574],[76.971,12.2564],[76.9719,12.2539],[76.9751,12.2539],[76.9762,12.2553],[76.9796,12.2559],[76.9823,12.2563],[76.9828,12.2584],[76.9843,12.2598],[76.9842,12.2607],[76.9847,12.2616],[76.9852,12.2625],[76.9856,12.2628],[76.9857,12.2636],[76.9858,12.2643],[76.9855,12.2646],[76.9855,12.2647],[76.9845,12.266],[76.9837,12.2663],[76.9835,12.2672],[76.9832,12.2683],[76.9824,12.27],[76.9817,12.2712],[76.9805,12.2731],[76.9805,12.2733]]],[[[76.911,12.384],[76.9103,12.3828],[76.9096,12.3806],[76.9093,12.3791],[76.9085,12.3771],[76.9076,12.3761],[76.9054,12.3759],[76.9017,12.3756],[76.9003,12.3744],[76.8989,12.3739],[76.8993,12.3723],[76.8989,12.3701],[76.8988,12.3678],[76.8986,12.3648],[76.8986,12.363],[76.8987,12.3615],[76.8982,12.3591],[76.8981,12.3572],[76.9005,12.3571],[76.9035,12.3573],[76.9061,12.3561],[76.9083,12.3563],[76.9114,12.3583],[76.9144,12.3586],[76.9167,12.3592],[76.9192,12.3593],[76.9201,12.3608],[76.9194,12.3624],[76.9182,12.3641],[76.9177,12.3674],[76.918,12.3685],[76.9183,12.3689],[76.9211,12.3734],[76.9224,12.375],[76.9228,12.3773],[76.9226,12.3793],[76.9227,12.3813],[76.9213,12.3821],[76.9183,12.3823],[76.914,12.3831],[76.911,12.384]]]]}},{"type":"Feature","properties":{"name":"Hassan","district_name":"Hassan"},"geometry":{"type":"Polygon","coordinates":[[[76.3036,12.6218],[76.3047,12.6252],[76.3059,12.6251],[76.3077,12.6238],[76.3092,12.6222],[76.3086,12.6205],[76.3088,12.6182],[76.3084,12.6173],[76.3077,12.6157],[76.3069,12.6141],[76.3064,12.6122],[76.3063,12.6104],[76.3064,12.6095],[76.3114,12.6104],[76.3163,12.6106],[76.3187,12.6113],[76.321,12.6122],[76.3236,12.611],[76.3258,12.61],[76.3272,12.6101],[76.3276,12.6118],[76.3279,12.6135],[76.3286,12.6143],[76.3288,12.6159],[76.3289,12.6188],[76.3284,12.6211],[76.3285,12.6234],[76.3284,12.6262],[76.3272,12.6288],[76.3228,12.6334],[76.323,12.6343],[76.3248,12.6358],[76.3258,12.6366],[76.3271,12.6373],[76.3277,12.6375],[76.3282,12.6382],[76.3283,12.6388],[76.3286,12.6393],[76.3288,12.6397],[76.3291,12.64],[76.3294,12.6403],[76.33,12.6407],[76.3304,12.6415],[76.3306,12.6419],[76.3315,12.642],[76.3324,12.6422],[76.3322,12.6433],[76.3335,12.6438],[76.3353,12.6444],[76.3385,12.6453],[76.3399,12.6524],[76.3425,12.6546],[76.3422,12.6594],[76.3458,12.6642],[76.3531,12.668],[76.3541,12.672],[76.3535,12.6741],[76.3534,12.6771],[76.3539,12.6812],[76.354,12.6834],[76.3543,12.685],[76.359,12.6903],[76.3616,12.6924],[76.3617,12.6943],[76.3619,12.6962],[76.3628,12.6975],[76.362,12.7049],[76.3559,12.7106],[76.3503,12.7138],[76.3467,12.7174],[76.3461,12.7192],[76.345,12.7221],[76.3442,12.7253],[76.3443,12.729],[76.3406,12.7347],[76.3447,12.7413],[76.3458,12.744],[76.3512,12.7421],[76.3575,12.7471],[76.3546,12.751],[76.3438,12.7598],[76.3501,12.7705],[76.3485,12.7868],[76.3332,12.7932],[76.3362,12.8124],[76.3544,12.8095],[76.3696,12.8098],[76.3691,12.8273],[76.3716,12.8293],[76.3739,12.8298],[76.3751,12.8314],[76.3778,12.8282],[76.3836,12.8324],[76.3865,12.8367],[76.3866,12.8428],[76.3907,12.8444],[76.393,12.8462],[76.3993,12.8468],[76.403,12.8462],[76.4073,12.8455],[76.4077,12.8478],[76.4079,12.8514],[76.4084,12.8558],[76.4082,12.8606],[76.4075,12.862],[76.4069,12.8657],[76.4072,12.8658],[76.4116,12.8647],[76.4154,12.8654],[76.4162,12.8648],[76.4158,12.8626],[76.4199,12.858],[76.4243,12.8576],[76.4256,12.8572],[76.4264,12.8552],[76.4266,12.8508],[76.4256,12.8467],[76.4257,12.8462],[76.4244,12.8451],[76.4225,12.8444],[76.4206,12.8434],[76.4205,12.8414],[76.4211,12.8392],[76.4221,12.8375],[76.4226,12.8334],[76.4239,12.8298],[76.4296,12.824],[76.4388,12.8225],[76.4444,12.8182],[76.4472,12.8146],[76.4493,12.8129],[76.4507,12.8119],[76.4508,12.8111],[76.4507,12.8097],[76.4523,12.8087],[76.455,12.8077],[76.4564,12.807],[76.457,12.8046],[76.457,12.8037],[76.4571,12.8024],[76.4595,12.8022],[76.4629,12.8041],[76.4667,12.8042],[76.4676,12.8028],[76.4691,12.8012],[76.4693,12.7991],[76.4695,12.7982],[76.4666,12.7931],[76.4611,12.7885],[76.4585,12.7885],[76.4567,12.7879],[76.4562,12.7853],[76.4558,12.7823],[76.4554,12.7803],[76.456,12.7799],[76.4569,12.7767],[76.4606,12.776],[76.462,12.776],[76.4631,12.7756],[76.4651,12.775],[76.4685,12.773],[76.4683,12.7718],[76.4736,12.7706],[76.4758,12.7713],[76.477,12.7714],[76.4782,12.7793],[76.4804,12.7813],[76.4822,12.7822],[76.4838,12.7835],[76.487,12.7841],[76.4895,12.7845],[76.4894,12.7815],[76.4895,12.7789],[76.4895,12.7749],[76.4889,12.7727],[76.4888,12.7727],[76.488,12.7727],[76.4878,12.7721],[76.4894,12.7688],[76.4894,12.7668],[76.4902,12.7653],[76.4928,12.7665],[76.4931,12.7666],[76.4936,12.7671],[76.4948,12.768],[76.4961,12.7688],[76.4977,12.7711],[76.4981,12.7769],[76.4963,12.7801],[76.4936,12.782],[76.4914,12.7862],[76.4906,12.788],[76.492,12.7899],[76.4921,12.7938],[76.4924,12.7952],[76.4935,12.7969],[76.4943,12.8006],[76.4951,12.803],[76.4926,12.8055],[76.4917,12.8061],[76.4926,12.8089],[76.4939,12.8109],[76.4945,12.8104],[76.4972,12.8133],[76.4997,12.8181],[76.5076,12.8221],[76.5086,12.8225],[76.5098,12.8228],[76.5118,12.8243],[76.5127,12.8245],[76.5143,12.8254],[76.5183,12.8296],[76.518,12.8323],[76.5177,12.8334],[76.5202,12.8403],[76.5273,12.8417],[76.5326,12.8426],[76.5344,12.8437],[76.5412,12.8419],[76.5487,12.842],[76.5545,12.8453],[76.5587,12.8457],[76.5659,12.8448],[76.5733,12.8471],[76.5771,12.8462],[76.5773,12.8495],[76.5774,12.8536],[76.5768,12.8562],[76.5752,12.8642],[76.5787,12.8731],[76.5801,12.8734],[76.5836,12.8733],[76.5871,12.8758],[76.59,12.8766],[76.5911,12.8776],[76.5959,12.8802],[76.5909,12.8879],[76.5908,12.8899],[76.5938,12.8957],[76.5964,12.9007],[76.5995,12.9045],[76.5991,12.9056],[76.5971,12.9148],[76.5994,12.9234],[76.6009,12.9232],[76.6034,12.9271],[76.6048,12.9335],[76.6056,12.9383],[76.6092,12.9383],[76.6156,12.9368],[76.6173,12.9435],[76.6177,12.95],[76.6154,12.955],[76.6138,12.9566],[76.6118,12.9579],[76.6109,12.9594],[76.6104,12.9608],[76.6144,12.9657],[76.6203,12.9654],[76.6226,12.9664],[76.6282,12.971],[76.6295,12.9721],[76.6317,12.9746],[76.6311,12.9783],[76.6314,12.9813],[76.6343,12.9846],[76.6324,12.993],[76.6311,12.9963],[76.6317,13.0008],[76.6318,13.0025],[76.632,13.004],[76.622,13.0074],[76.6046,13.0179],[76.6059,13.0218],[76.607,13.0247],[76.6078,13.0269],[76.6088,13.0302],[76.6077,13.037],[76.6064,13.0382],[76.6044,13.0401],[76.6047,13.0478],[76.6053,13.0525],[76.6062,13.0548],[76.6069,13.0565],[76.6104,13.0561],[76.6193,13.054],[76.6193,13.0578],[76.6187,13.0592],[76.6184,13.0622],[76.6182,13.063],[76.6181,13.064],[76.6164,13.0656],[76.6153,13.0671],[76.6094,13.0724],[76.602,13.0734],[76.5952,13.0743],[76.5902,13.0744],[76.5861,13.0713],[76.5751,13.073],[76.5685,13.0747],[76.5666,13.0743],[76.5622,13.0737],[76.5569,13.0756],[76.5513,13.0772],[76.5456,13.0775],[76.5391,13.0774],[76.5325,13.0772],[76.5282,13.0788],[76.524,13.0785],[76.5223,13.076],[76.5214,13.0727],[76.5186,13.0709],[76.5118,13.0709],[76.5084,13.076],[76.5063,13.0778],[76.5011,13.0817],[76.4957,13.0872],[76.4952,13.0904],[76.4951,13.0944],[76.4926,13.0947],[76.49,13.0944],[76.4891,13.0937],[76.4879,13.0935],[76.4854,13.0926],[76.4809,13.0913],[76.478,13.0916],[76.4736,13.0927],[76.473,13.0961],[76.4727,13.0972],[76.4722,13.0991],[76.471,13.1039],[76.4703,13.1094],[76.4698,13.1126],[76.4696,13.1144],[76.4693,13.1163],[76.4701,13.1209],[76.4696,13.1297],[76.4697,13.1331],[76.4714,13.1434],[76.4732,13.1495],[76.4709,13.1501],[76.4643,13.1509],[76.4601,13.15],[76.4554,13.151],[76.4549,13.1522],[76.4533,13.155],[76.4513,13.1582],[76.4503,13.1596],[76.4483,13.1621],[76.4455,13.1667],[76.4451,13.1693],[76.4391,13.1706],[76.4325,13.1713],[76.4281,13.1745],[76.4259,13.1828],[76.4225,13.1848],[76.4154,13.1883],[76.4138,13.1899],[76.4064,13.1923],[76.3938,13.1919],[76.3938,13.1937],[76.3886,13.1985],[76.3838,13.1985],[76.3809,13.1983],[76.3786,13.1992],[76.376,13.2003],[76.3726,13.1998],[76.3701,13.2036],[76.3698,13.2079],[76.3693,13.21],[76.3743,13.215],[76.3781,13.2187],[76.3796,13.2215],[76.3802,13.2235],[76.3799,13.2289],[76.3772,13.2329],[76.3751,13.2335],[76.37,13.2342],[76.3647,13.2375],[76.3644,13.2412],[76.3619,13.2496],[76.3567,13.2504],[76.3578,13.2562],[76.3576,13.2619],[76.3562,13.2632],[76.3551,13.2639],[76.3555,13.2666],[76.3558,13.2687],[76.3564,13.272],[76.3572,13.2747],[76.3569,13.2766],[76.3571,13.2791],[76.3572,13.2857],[76.3536,13.2911],[76.3491,13.2958],[76.3494,13.2967],[76.3477,13.302],[76.3481,13.3074],[76.349,13.3181],[76.3524,13.3307],[76.3489,13.3366],[76.3465,13.3463],[76.3465,13.3478],[76.3461,13.3562],[76.346,13.3598],[76.3484,13.3611],[76.3618,13.3625],[76.3644,13.3624],[76.3682,13.3625],[76.3735,13.3639],[76.3788,13.364],[76.3834,13.3653],[76.3836,13.3711],[76.3914,13.3766],[76.3928,13.3854],[76.3926,13.3889],[76.3898,13.3947],[76.3976,13.406],[76.3983,13.4131],[76.4043,13.431],[76.4093,13.4366],[76.4126,13.4399],[76.4171,13.4462],[76.4154,13.4524],[76.4099,13.4662],[76.4114,13.4745],[76.4079,13.4843],[76.4052,13.4912],[76.3981,13.4934],[76.3962,13.4978],[76.3965,13.5002],[76.398,13.5052],[76.3995,13.5061],[76.4028,13.5061],[76.4059,13.5058],[76.4094,13.5061],[76.4154,13.5092],[76.4196,13.5199],[76.4183,13.5244],[76.4107,13.5253],[76.4048,13.5259],[76.4004,13.5264],[76.3968,13.5313],[76.3954,13.536],[76.3918,13.5351],[76.3879,13.5344],[76.3819,13.5394],[76.3705,13.5479],[76.3664,13.5482],[76.364,13.5439],[76.3621,13.5326],[76.3603,13.5294],[76.3555,13.5273],[76.3539,13.5272],[76.3522,13.5257],[76.3491,13.5253],[76.3481,13.5208],[76.3481,13.5181],[76.3451,13.5137],[76.3378,13.5164],[76.3303,13.5214],[76.3269,13.527],[76.3234,13.5307],[76.3214,13.537],[76.3201,13.5372],[76.3166,13.539],[76.3162,13.5362],[76.3149,13.5319],[76.3116,13.5305],[76.3116,13.5273],[76.3094,13.5253],[76.307,13.5258],[76.3059,13.5245],[76.3015,13.5224],[76.2996,13.5225],[76.2964,13.5251],[76.2937,13.5271],[76.2932,13.524],[76.2925,13.5218],[76.2923,13.5166],[76.2915,13.5097],[76.29,13.5048],[76.2853,13.5054],[76.2819,13.505],[76.28,13.5053],[76.2796,13.5057],[76.278,13.5056],[76.2765,13.5058],[76.2754,13.5062],[76.2688,13.5065],[76.2622,13.506],[76.2609,13.5115],[76.2553,13.5102],[76.2512,13.5092],[76.2485,13.5086],[76.2473,13.5083],[76.2452,13.5081],[76.2436,13.5082],[76.2377,13.5075],[76.2358,13.5013],[76.2324,13.4821],[76.2342,13.4802],[76.2337,13.4755],[76.2328,13.4713],[76.2314,13.4683],[76.2201,13.4681],[76.2093,13.468],[76.2004,13.47],[76.1986,13.4663],[76.1991,13.4638],[76.1997,13.4615],[76.1996,13.4584],[76.1996,13.4567],[76.1997,13.4552],[76.1997,13.4517],[76.1958,13.4504],[76.1941,13.4506],[76.1936,13.4516],[76.1912,13.4516],[76.1877,13.4524],[76.1902,13.4566],[76.1924,13.4607],[76.1932,13.4639],[76.1937,13.4664],[76.187,13.4695],[76.1829,13.4689],[76.1779,13.4691],[76.1728,13.4699],[76.1655,13.4696],[76.1633,13.4695],[76.1619,13.469],[76.1591,13.461],[76.1521,13.4581],[76.1483,13.451],[76.1468,13.4482],[76.1441,13.447],[76.1411,13.4456],[76.1386,13.4432],[76.1362,13.4443],[76.1383,13.4393],[76.1401,13.4328],[76.1392,13.4282],[76.1395,13.4248],[76.1407,13.4208],[76.14,13.42],[76.1398,13.4182],[76.1387,13.4155],[76.1386,13.4126],[76.1391,13.4117],[76.1397,13.4108],[76.1408,13.4095],[76.1395,13.4078],[76.1382,13.4068],[76.1365,13.4056],[76.133,13.4051],[76.1311,13.4044],[76.1294,13.401],[76.1249,13.4012],[76.1181,13.4009],[76.1112,13.4005],[76.1108,13.3988],[76.1105,13.3963],[76.1033,13.3937],[76.0986,13.3916],[76.0956,13.3929],[76.0887,13.3914],[76.089,13.3874],[76.088,13.3851],[76.0872,13.3815],[76.0873,13.3773],[76.0874,13.3754],[76.0884,13.373],[76.0818,13.3717],[76.0789,13.374],[76.0744,13.3755],[76.067,13.3782],[76.0594,13.3803],[76.0551,13.3808],[76.0526,13.3794],[76.0501,13.3786],[76.0467,13.3768],[76.0416,13.3741],[76.0404,13.3719],[76.0396,13.3697],[76.039,13.3681],[76.0396,13.3672],[76.0419,13.3652],[76.0409,13.3635],[76.0357,13.3537],[76.0349,13.3522],[76.0341,13.3506],[76.0321,13.346],[76.0298,13.3428],[76.0344,13.3375],[76.0329,13.3366],[76.0343,13.3327],[76.0322,13.3212],[76.0362,13.3205],[76.0361,13.3197],[76.0345,13.3172],[76.0336,13.3124],[76.0337,13.3061],[76.0348,13.3009],[76.0392,13.2924],[76.0425,13.2798],[76.0415,13.2689],[76.0416,13.2669],[76.0391,13.2666],[76.0403,13.2651],[76.039,13.26],[76.0384,13.2555],[76.0367,13.2521],[76.0367,13.2495],[76.0313,13.2497],[76.0272,13.2506],[76.0248,13.2508],[76.0201,13.2512],[76.0178,13.2504],[76.018,13.2556],[76.0171,13.2584],[76.0148,13.2615],[76.0121,13.2611],[76.0062,13.2603],[75.9979,13.2607],[75.9906,13.26],[75.9893,13.2603],[75.9872,13.2645],[75.9843,13.2641],[75.9853,13.2659],[75.9844,13.2666],[75.9809,13.2654],[75.9776,13.2649],[75.9722,13.2623],[75.9626,13.2612],[75.9412,13.2586],[75.9261,13.2568],[75.9154,13.2615],[75.9135,13.2613],[75.9123,13.2607],[75.9107,13.2609],[75.9071,13.2592],[75.9056,13.2582],[75.9014,13.2639],[75.8952,13.2644],[75.886,13.2611],[75.8793,13.2606],[75.8769,13.2585],[75.8757,13.2548],[75.8738,13.2521],[75.8729,13.2491],[75.868,13.244],[75.8639,13.2416],[75.8623,13.2406],[75.8615,13.2405],[75.862,13.242],[75.8612,13.2431],[75.8599,13.2446],[75.8598,13.2467],[75.8597,13.2484],[75.8602,13.2503],[75.8602,13.2527],[75.8566,13.2539],[75.8554,13.2551],[75.8576,13.2568],[75.857,13.2583],[75.8553,13.2585],[75.8517,13.2586],[75.8502,13.2563],[75.8483,13.2567],[75.8472,13.256],[75.8447,13.2551],[75.8433,13.2544],[75.8429,13.2528],[75.841,13.2518],[75.838,13.2518],[75.8359,13.2522],[75.8356,13.2534],[75.8335,13.2554],[75.8296,13.2564],[75.826,13.2532],[75.8233,13.254],[75.822,13.256],[75.8188,13.2575],[75.8185,13.2593],[75.8164,13.2593],[75.8156,13.259],[75.8147,13.259],[75.8138,13.2584],[75.8133,13.2608],[75.809,13.2559],[75.8076,13.2469],[75.8095,13.2424],[75.8101,13.237],[75.8121,13.2326],[75.8124,13.2325],[75.8128,13.2323],[75.813,13.2317],[75.8128,13.2312],[75.8115,13.2309],[75.8097,13.2308],[75.8089,13.2292],[75.8092,13.2274],[75.8093,13.2268],[75.8093,13.226],[75.8096,13.2246],[75.8097,13.2231],[75.8097,13.2224],[75.8094,13.2206],[75.8056,13.2157],[75.8018,13.2163],[75.7972,13.2146],[75.7937,13.2137],[75.7899,13.2144],[75.7867,13.2123],[75.7791,13.21],[75.7774,13.2129],[75.7748,13.2164],[75.7735,13.2134],[75.7703,13.214],[75.7667,13.2121],[75.7645,13.2147],[75.7618,13.217],[75.7585,13.2181],[75.7533,13.2133],[75.7489,13.2056],[75.7458,13.2069],[75.7395,13.2017],[75.736,13.1966],[75.7339,13.1908],[75.7337,13.1897],[75.7333,13.1881],[75.7309,13.1847],[75.7287,13.1837],[75.7278,13.1833],[75.7284,13.1822],[75.729,13.1803],[75.729,13.1782],[75.73,13.1749],[75.7306,13.1715],[75.7306,13.1689],[75.7314,13.1623],[75.7349,13.1563],[75.7364,13.1533],[75.7382,13.1514],[75.7398,13.1493],[75.7403,13.1486],[75.7444,13.1505],[75.7453,13.15],[75.7463,13.149],[75.7469,13.1482],[75.7485,13.1467],[75.7506,13.1456],[75.7518,13.145],[75.7516,13.1443],[75.7533,13.1378],[75.7515,13.1364],[75.752,13.1345],[75.7517,13.1332],[75.7475,13.1296],[75.7437,13.1277],[75.7416,13.1262],[75.7369,13.1229],[75.7364,13.1204],[75.7368,13.1192],[75.7374,13.1174],[75.7378,13.1151],[75.739,13.1152],[75.7399,13.1145],[75.7404,13.1137],[75.7393,13.1121],[75.7389,13.111],[75.7372,13.1106],[75.7311,13.1067],[75.7271,13.0985],[75.7351,13.086],[75.7365,13.0825],[75.7421,13.0683],[75.7409,13.0618],[75.742,13.0544],[75.7399,13.0489],[75.7408,13.0448],[75.7406,13.0406],[75.7405,13.0392],[75.74,13.0365],[75.7403,13.0328],[75.739,13.0294],[75.7346,13.0273],[75.7292,13.0246],[75.7271,13.0242],[75.7236,13.0291],[75.7251,13.0316],[75.7169,13.0309],[75.7102,13.0371],[75.7036,13.0357],[75.698,13.0364],[75.6963,13.0406],[75.6958,13.0456],[75.6948,13.0458],[75.6926,13.0444],[75.6909,13.0442],[75.6903,13.041],[75.6887,13.0397],[75.6884,13.0371],[75.6903,13.0333],[75.6872,13.033],[75.6863,13.0335],[75.685,13.0349],[75.6848,13.0357],[75.6836,13.0355],[75.6821,13.0336],[75.6827,13.0322],[75.6818,13.0309],[75.6795,13.0317],[75.6772,13.0311],[75.6745,13.0299],[75.6739,13.0296],[75.6745,13.0286],[75.6749,13.0273],[75.675,13.0257],[75.6749,13.0249],[75.6742,13.0247],[75.6711,13.0296],[75.6652,13.0314],[75.658,13.0252],[75.652,13.0282],[75.6477,13.0273],[75.645,13.0323],[75.6436,13.0272],[75.6404,13.0249],[75.6401,13.0186],[75.6386,13.0132],[75.6354,13.0111],[75.6279,13.0072],[75.6243,13.0018],[75.6219,12.9955],[75.6178,12.9901],[75.611,12.9827],[75.6068,12.9742],[75.605,12.9719],[75.6035,12.9683],[75.6019,12.9643],[75.6,12.9533],[75.5948,12.9442],[75.5913,12.9428],[75.5846,12.9408],[75.5691,12.9278],[75.5626,12.92],[75.5571,12.9132],[75.5459,12.9034],[75.5479,12.8963],[75.5514,12.8851],[75.5538,12.8693],[75.5686,12.8689],[75.5838,12.8731],[75.6023,12.8739],[75.6035,12.8652],[75.6119,12.8624],[75.6225,12.8553],[75.6152,12.8312],[75.6184,12.8234],[75.62,12.8124],[75.6132,12.7953],[75.6185,12.7922],[75.6239,12.7869],[75.6262,12.7818],[75.6288,12.7769],[75.632,12.772],[75.6386,12.7657],[75.6396,12.76],[75.6541,12.7518],[75.66,12.7478],[75.6565,12.7347],[75.656,12.7251],[75.6471,12.7149],[75.6337,12.7047],[75.6303,12.6995],[75.6346,12.6936],[75.6439,12.6948],[75.6492,12.6953],[75.6534,12.6957],[75.6566,12.6972],[75.6612,12.6968],[75.667,12.6978],[75.6714,12.6985],[75.6776,12.7006],[75.6827,12.7013],[75.6868,12.7006],[75.6918,12.702],[75.6953,12.7023],[75.6979,12.7043],[75.7019,12.7055],[75.7054,12.7064],[75.7106,12.7047],[75.7133,12.7075],[75.7173,12.7045],[75.7203,12.7027],[75.7252,12.6971],[75.7287,12.6977],[75.7325,12.6962],[75.74,12.6871],[75.7476,12.6786],[75.7523,12.6766],[75.7605,12.6736],[75.7641,12.6778],[75.7678,12.6808],[75.7718,12.6807],[75.7748,12.6818],[75.778,12.6879],[75.7805,12.6874],[75.7844,12.6867],[75.7863,12.6872],[75.7912,12.687],[75.793,12.6889],[75.7944,12.6891],[75.7966,12.6923],[75.799,12.6944],[75.8011,12.695],[75.8042,12.6981],[75.8105,12.6984],[75.8166,12.6933],[75.8186,12.6864],[75.8224,12.6833],[75.8264,12.6814],[75.8296,12.6753],[75.8344,12.6712],[75.8397,12.6698],[75.8444,12.6703],[75.8482,12.6717],[75.8525,12.6696],[75.8593,12.6711],[75.8627,12.6729],[75.8645,12.6724],[75.866,12.6734],[75.8675,12.6743],[75.8708,12.6741],[75.8758,12.6717],[75.8791,12.672],[75.8822,12.6744],[75.8857,12.6748],[75.8876,12.6765],[75.8883,12.6785],[75.8876,12.6806],[75.8881,12.6822],[75.8884,12.6838],[75.889,12.6844],[75.8875,12.6869],[75.8879,12.6892],[75.8897,12.6935],[75.8879,12.6954],[75.8865,12.697],[75.8852,12.7007],[75.8865,12.7035],[75.8858,12.7057],[75.8851,12.7074],[75.8844,12.7081],[75.8824,12.7086],[75.8798,12.7088],[75.8783,12.708],[75.8745,12.7094],[75.8717,12.7107],[75.8706,12.7131],[75.8701,12.7151],[75.8661,12.7157],[75.863,12.7168],[75.8606,12.7183],[75.856,12.7222],[75.8515,12.7295],[75.8527,12.7332],[75.8538,12.7405],[75.8531,12.7434],[75.8494,12.7487],[75.8532,12.7543],[75.8587,12.7602],[75.8575,12.7673],[75.86,12.7705],[75.8634,12.7686],[75.8662,12.7686],[75.8678,12.7686],[75.8693,12.7696],[75.8711,12.7702],[75.8723,12.7702],[75.8744,12.7709],[75.8754,12.7719],[75.8726,12.7739],[75.8771,12.7762],[75.8766,12.7772],[75.8739,12.7774],[75.8727,12.7791],[75.8693,12.7829],[75.867,12.789],[75.8645,12.7936],[75.8647,12.7982],[75.8649,12.8011],[75.8664,12.8027],[75.8658,12.8046],[75.8654,12.8064],[75.8643,12.8085],[75.8648,12.8118],[75.8652,12.8157],[75.8637,12.8188],[75.872,12.8222],[75.8752,12.829],[75.8808,12.834],[75.8904,12.8307],[75.9017,12.82],[75.9113,12.8163],[75.9176,12.8194],[75.9168,12.8259],[75.9261,12.8233],[75.9255,12.8141],[75.9291,12.8087],[75.9409,12.8074],[75.9487,12.8058],[75.9602,12.8023],[75.9672,12.8031],[75.9669,12.7959],[75.9679,12.7922],[75.9689,12.7892],[75.9708,12.7861],[75.9697,12.7828],[75.9663,12.7804],[75.9624,12.7823],[75.9552,12.7762],[75.9545,12.7705],[75.9536,12.7687],[75.9503,12.7678],[75.9445,12.7665],[75.9411,12.7676],[75.9368,12.7673],[75.935,12.7675],[75.9345,12.7674],[75.9339,12.7655],[75.9332,12.7646],[75.933,12.7634],[75.9341,12.7609],[75.9341,12.7581],[75.9356,12.7563],[75.9368,12.7473],[75.9365,12.7432],[75.9351,12.7382],[75.9349,12.7331],[75.9359,12.731],[75.9367,12.7301],[75.9395,12.7259],[75.9419,12.7221],[75.9432,12.7187],[75.9552,12.7144],[75.9626,12.7108],[75.9658,12.7094],[75.963,12.7055],[75.9647,12.7],[75.9627,12.6969],[75.9616,12.6934],[75.9596,12.6907],[75.9585,12.6898],[75.9591,12.6863],[75.9595,12.6829],[75.9588,12.6813],[75.9574,12.6801],[75.9568,12.6792],[75.9549,12.6766],[75.9515,12.6767],[75.9462,12.676],[75.9407,12.6754],[75.9402,12.6734],[75.9413,12.672],[75.943,12.67],[75.944,12.6685],[75.945,12.6685],[75.9463,12.6668],[75.947,12.6657],[75.9476,12.6643],[75.9453,12.6623],[75.9419,12.6592],[75.9407,12.6552],[75.9406,12.6418],[75.9421,12.6351],[75.9409,12.6329],[75.9392,12.6315],[75.9433,12.6289],[75.9487,12.62],[75.9481,12.6175],[75.9472,12.6137],[75.9447,12.6122],[75.9402,12.6099],[75.9427,12.6029],[75.9455,12.5995],[75.949,12.5937],[75.9501,12.5901],[75.9549,12.5768],[75.9608,12.5647],[75.9665,12.5598],[75.9708,12.5604],[75.9728,12.5614],[75.9742,12.564],[75.973,12.5694],[75.9702,12.5742],[75.9714,12.5774],[75.9748,12.5763],[75.9781,12.5754],[75.9823,12.5736],[75.9863,12.5739],[75.989,12.5743],[75.9877,12.5774],[75.9881,12.5798],[75.9879,12.5813],[75.9898,12.5836],[75.9909,12.5869],[75.9936,12.5882],[75.9954,12.5852],[75.9973,12.5838],[75.9975,12.5822],[75.9973,12.5806],[76.0002,12.5786],[76.0037,12.5742],[76.0067,12.5735],[76.0099,12.5709],[76.0129,12.571],[76.0161,12.5703],[76.018,12.5709],[76.0209,12.5752],[76.023,12.5774],[76.0244,12.577],[76.0269,12.5761],[76.0286,12.5758],[76.0323,12.5758],[76.0414,12.577],[76.0469,12.5699],[76.0475,12.5675],[76.0478,12.5613],[76.0551,12.5584],[76.0596,12.5561],[76.0625,12.5563],[76.0698,12.5567],[76.0713,12.5494],[76.0745,12.5496],[76.0743,12.5478],[76.0768,12.5472],[76.0799,12.5442],[76.0822,12.5445],[76.0856,12.5429],[76.0878,12.5433],[76.0892,12.5436],[76.0895,12.5458],[76.0908,12.5463],[76.0936,12.5434],[76.0898,12.5428],[76.089,12.543],[76.0869,12.5379],[76.0904,12.537],[76.0938,12.5336],[76.096,12.5333],[76.0971,12.5329],[76.0984,12.5324],[76.0987,12.531],[76.0986,12.5289],[76.1005,12.5289],[76.1033,12.5304],[76.1032,12.528],[76.101,12.527],[76.1019,12.5251],[76.1034,12.5232],[76.104,12.5217],[76.1043,12.5198],[76.1055,12.5181],[76.1072,12.5175],[76.1097,12.5163],[76.111,12.5157],[76.1123,12.5136],[76.1151,12.5127],[76.1161,12.5138],[76.1159,12.5158],[76.1165,12.5174],[76.119,12.5191],[76.1193,12.5219],[76.1184,12.5239],[76.1171,12.5254],[76.1163,12.5274],[76.1163,12.5292],[76.1174,12.5298],[76.1207,12.529],[76.123,12.5293],[76.1251,12.529],[76.1261,12.53],[76.1286,12.5298],[76.1308,12.5296],[76.1329,12.5296],[76.1347,12.5299],[76.1349,12.531],[76.1355,12.535],[76.1359,12.537],[76.1389,12.5379],[76.1416,12.5367],[76.1436,12.5369],[76.1434,12.5415],[76.1443,12.5452],[76.1482,12.5457],[76.1515,12.5463],[76.1512,12.548],[76.1511,12.5511],[76.1521,12.5549],[76.1535,12.558],[76.1548,12.5597],[76.1564,12.5631],[76.1545,12.5641],[76.1487,12.5655],[76.1489,12.5697],[76.1493,12.5712],[76.1502,12.5738],[76.149,12.5738],[76.1509,12.5761],[76.1522,12.5788],[76.1565,12.5787],[76.1665,12.5802],[76.1765,12.5769],[76.1824,12.5754],[76.184,12.5772],[76.1887,12.5768],[76.1911,12.5768],[76.1944,12.5771],[76.1962,12.5781],[76.1948,12.5821],[76.1938,12.5837],[76.1923,12.5853],[76.1919,12.5896],[76.1924,12.5906],[76.1932,12.592],[76.1922,12.5938],[76.195,12.5975],[76.1974,12.6012],[76.1986,12.6033],[76.1997,12.6049],[76.2009,12.6083],[76.2027,12.612],[76.2046,12.6149],[76.2093,12.6166],[76.2125,12.6166],[76.2157,12.6231],[76.2133,12.6272],[76.2071,12.6293],[76.2073,12.6323],[76.2077,12.6341],[76.2082,12.6351],[76.2088,12.6371],[76.2102,12.6387],[76.2154,12.6414],[76.2182,12.6441],[76.2196,12.644],[76.2253,12.644],[76.2294,12.6441],[76.2321,12.6435],[76.2352,12.6417],[76.2366,12.6396],[76.2377,12.6388],[76.2405,12.6385],[76.2433,12.6379],[76.2455,12.6359],[76.247,12.6354],[76.2471,12.6334],[76.2473,12.631],[76.2465,12.6289],[76.2459,12.6263],[76.2474,12.6257],[76.2486,12.6251],[76.2529,12.6236],[76.2534,12.6214],[76.2556,12.6206],[76.2573,12.622],[76.2601,12.6212],[76.2662,12.6216],[76.2668,12.6241],[76.2658,12.6286],[76.2704,12.6296],[76.2708,12.6297],[76.2709,12.6299],[76.2714,12.63],[76.272,12.6304],[76.2724,12.6305],[76.2732,12.6306],[76.2743,12.6308],[76.2749,12.6308],[76.2762,12.6312],[76.2772,12.6316],[76.2778,12.6321],[76.278,12.6326],[76.278,12.6332],[76.2793,12.6328],[76.2791,12.6311],[76.2815,12.6306],[76.2811,12.6288],[76.2802,12.627],[76.2799,12.6263],[76.2797,12.6257],[76.2794,12.6243],[76.2792,12.6233],[76.2794,12.6214],[76.2795,12.6174],[76.2826,12.6169],[76.2863,12.6159],[76.2884,12.6161],[76.2909,12.6198],[76.292,12.6242],[76.2933,12.627],[76.2949,12.6273],[76.2967,12.6282],[76.2986,12.6291],[76.2995,12.6284],[76.2995,12.6277],[76.2997,12.6274],[76.2997,12.6272],[76.2997,12.6271],[76.2996,12.6269],[76.2996,12.6267],[76.2996,12.6265],[76.2995,12.6264],[76.2992,12.6261],[76.2992,12.6249],[76.2995,12.6244],[76.3007,12.6243],[76.3011,12.624],[76.301,12.6221],[76.3025,12.6218],[76.3036,12.6218]]]}},{"type":"Feature","properties":{"name":"Dakshina Kannada","district_name":"Dakshina Kannada"},"geometry":{"type":"Polygon","coordinates":[[[75.6346,12.6937],[75.6295,12.6999],[75.6372,12.7096],[75.6503,12.7166],[75.656,12.727],[75.6572,12.737],[75.6584,12.7507],[75.6502,12.7542],[75.6385,12.7604],[75.6381,12.767],[75.6302,12.773],[75.6277,12.7768],[75.6263,12.7839],[75.6231,12.7876],[75.6171,12.7932],[75.6133,12.7969],[75.6197,12.8172],[75.6186,12.8258],[75.6206,12.8449],[75.6207,12.8569],[75.6086,12.8625],[75.6032,12.8655],[75.5962,12.8749],[75.5802,12.8732],[75.5653,12.8676],[75.5535,12.8713],[75.552,12.8889],[75.548,12.8993],[75.5475,12.9058],[75.5513,12.9106],[75.5528,12.9168],[75.5529,12.9212],[75.5527,12.9268],[75.5532,12.9403],[75.5532,12.9502],[75.5501,12.9528],[75.5434,12.9569],[75.5372,12.9597],[75.5344,12.9599],[75.5331,12.9616],[75.5279,12.9668],[75.523,12.9692],[75.5205,12.969],[75.5167,12.9708],[75.5075,12.9808],[75.5018,12.9811],[75.5206,12.9865],[75.5212,12.9889],[75.5231,12.991],[75.5258,12.9949],[75.5265,12.9989],[75.5267,13.0017],[75.5314,13.0127],[75.5201,13.0304],[75.5259,13.0453],[75.5195,13.0586],[75.5074,13.0698],[75.4922,13.0887],[75.4878,13.0901],[75.4861,13.0887],[75.4844,13.0876],[75.483,13.0866],[75.4814,13.0851],[75.48,13.0838],[75.4791,13.0824],[75.4785,13.0806],[75.4781,13.079],[75.478,13.0773],[75.4743,13.0781],[75.4702,13.0774],[75.467,13.0805],[75.4706,13.0979],[75.4676,13.0999],[75.4634,13.1035],[75.4597,13.1073],[75.4546,13.1098],[75.4483,13.1082],[75.4444,13.106],[75.4425,13.1108],[75.441,13.1145],[75.4358,13.1175],[75.4334,13.1186],[75.4298,13.1158],[75.421,13.1069],[75.4148,13.106],[75.407,13.1138],[75.4113,13.127],[75.4096,13.1501],[75.406,13.1586],[75.3988,13.164],[75.3948,13.1663],[75.3896,13.1702],[75.3868,13.1739],[75.3738,13.1825],[75.3671,13.1818],[75.3626,13.1825],[75.3558,13.1872],[75.3523,13.1845],[75.3455,13.1805],[75.3399,13.1793],[75.338,13.1766],[75.3356,13.1764],[75.3337,13.1722],[75.3305,13.1689],[75.3296,13.1656],[75.3274,13.1648],[75.3243,13.1658],[75.3206,13.1557],[75.3181,13.15],[75.3189,13.1427],[75.3146,13.139],[75.3107,13.135],[75.3086,13.1285],[75.3023,13.1261],[75.2974,13.1272],[75.2933,13.1277],[75.2905,13.1286],[75.2849,13.1236],[75.2821,13.1256],[75.2803,13.1256],[75.2787,13.1304],[75.2774,13.1317],[75.2689,13.1247],[75.2642,13.1252],[75.2616,13.1242],[75.2508,13.1298],[75.2408,13.134],[75.2335,13.14],[75.2269,13.1447],[75.2229,13.1468],[75.2159,13.1546],[75.207,13.1583],[75.1857,13.1609],[75.1818,13.1553],[75.1666,13.1376],[75.1603,13.1314],[75.1595,13.1305],[75.1579,13.13],[75.1535,13.1264],[75.1488,13.1237],[75.1463,13.1245],[75.1441,13.1274],[75.1448,13.1283],[75.1447,13.1322],[75.1427,13.1302],[75.1411,13.1313],[75.1389,13.1319],[75.1375,13.131],[75.1361,13.1332],[75.1347,13.1328],[75.1316,13.1323],[75.1298,13.1324],[75.1286,13.1301],[75.1267,13.1307],[75.1243,13.1315],[75.1219,13.1323],[75.1197,13.1351],[75.1192,13.139],[75.1161,13.142],[75.1131,13.1458],[75.1132,13.1491],[75.1063,13.1483],[75.1057,13.1476],[75.104,13.1496],[75.1032,13.1535],[75.1002,13.1544],[75.1002,13.1599],[75.0982,13.1611],[75.0939,13.1617],[75.0911,13.16],[75.0848,13.1584],[75.081,13.1582],[75.0799,13.1533],[75.0732,13.1489],[75.0658,13.1471],[75.0661,13.1405],[75.0586,13.1382],[75.0442,13.1387],[75.0415,13.1402],[75.0366,13.1429],[75.033,13.1409],[75.0298,13.1382],[75.0265,13.1377],[75.0256,13.1371],[75.0221,13.135],[75.0187,13.1332],[75.0165,13.1347],[75.0154,13.1379],[75.0076,13.1428],[75.0026,13.1458],[75.0024,13.1469],[75.0008,13.1483],[74.9976,13.1521],[74.9947,13.1541],[74.9915,13.1505],[74.9885,13.1493],[74.9841,13.1441],[74.9837,13.1417],[74.9793,13.1346],[74.9753,13.128],[74.9705,13.1257],[74.9658,13.1238],[74.9619,13.1231],[74.9601,13.1226],[74.9595,13.1203],[74.9562,13.1202],[74.9549,13.1198],[74.9532,13.1183],[74.9509,13.1194],[74.9485,13.12],[74.9477,13.1218],[74.9448,13.1254],[74.9425,13.1283],[74.9409,13.1306],[74.9393,13.1314],[74.94,13.1325],[74.942,13.1334],[74.9433,13.1347],[74.9428,13.1355],[74.9421,13.1359],[74.9419,13.1376],[74.9415,13.1396],[74.9429,13.1404],[74.9418,13.1411],[74.9405,13.1426],[74.9399,13.1423],[74.938,13.1415],[74.9364,13.1412],[74.9359,13.1429],[74.9346,13.1443],[74.9337,13.1462],[74.9202,13.1391],[74.9153,13.1327],[74.9124,13.131],[74.9108,13.1306],[74.9096,13.1295],[74.9094,13.1271],[74.9083,13.1242],[74.9079,13.1225],[74.9076,13.1212],[74.9133,13.1191],[74.9138,13.1159],[74.9136,13.1147],[74.9087,13.1122],[74.908,13.1113],[74.9082,13.1106],[74.9112,13.1103],[74.9092,13.108],[74.9052,13.1071],[74.902,13.1066],[74.896,13.1036],[74.8897,13.1007],[74.8873,13.0985],[74.887,13.0984],[74.8864,13.0982],[74.8833,13.0968],[74.8799,13.0951],[74.8771,13.0958],[74.8744,13.0987],[74.8735,13.1],[74.8741,13.1022],[74.8742,13.1058],[74.8735,13.1087],[74.8723,13.1117],[74.8706,13.1142],[74.8673,13.1214],[74.866,13.1219],[74.8633,13.1241],[74.8626,13.1261],[74.8626,13.1261],[74.8626,13.1261],[74.8622,13.1264],[74.8607,13.1264],[74.8596,13.1273],[74.8567,13.1259],[74.8518,13.1262],[74.8445,13.1295],[74.8388,13.1287],[74.8345,13.1281],[74.8337,13.1288],[74.8338,13.1298],[74.833,13.1299],[74.8309,13.1295],[74.83,13.1293],[74.8294,13.1292],[74.8292,13.1292],[74.8288,13.1293],[74.8285,13.1293],[74.8282,13.1294],[74.8278,13.1295],[74.826,13.1294],[74.8244,13.1279],[74.8239,13.1271],[74.8237,13.1264],[74.8234,13.1257],[74.8234,13.1256],[74.8233,13.1254],[74.8231,13.1248],[74.8228,13.1241],[74.8227,13.1239],[74.8227,13.1239],[74.8222,13.1238],[74.8221,13.1238],[74.8188,13.1233],[74.8154,13.123],[74.8139,13.1219],[74.8129,13.1202],[74.812,13.1174],[74.812,13.1149],[74.8104,13.1138],[74.8087,13.1132],[74.807,13.1158],[74.8025,13.1142],[74.7952,13.1181],[74.7921,13.1174],[74.7914,13.1133],[74.7948,13.1089],[74.7956,13.1099],[74.7958,13.1105],[74.7958,13.1109],[74.7971,13.1101],[74.7984,13.1086],[74.7984,13.108],[74.7984,13.1072],[74.7981,13.1059],[74.7976,13.105],[74.7978,13.1043],[74.7977,13.1037],[74.7978,13.1035],[74.7977,13.1029],[74.7972,13.1021],[74.7974,13.1016],[74.797,13.101],[74.7956,13.1002],[74.7951,13.0994],[74.7942,13.0986],[74.7941,13.0984],[74.7941,13.0984],[74.794,13.0984],[74.794,13.0983],[74.7934,13.0971],[74.7909,13.0968],[74.7884,13.0985],[74.7848,13.1003],[74.7841,13.102],[74.7827,13.1038],[74.7804,13.1045],[74.7787,13.1038],[74.7774,13.102],[74.7785,13.0984],[74.7789,13.0981],[74.7801,13.0945],[74.7786,13.0857],[74.777,13.0802],[74.7795,13.0715],[74.7773,13.0697],[74.7777,13.066],[74.7784,13.0609],[74.7792,13.0559],[74.7807,13.0488],[74.7823,13.0427],[74.7836,13.038],[74.7848,13.0336],[74.7858,13.0269],[74.7871,13.0204],[74.7882,13.0125],[74.7893,13.0063],[74.7916,12.9993],[74.7929,12.9947],[74.7945,12.9864],[74.7961,12.977],[74.7978,12.9696],[74.7998,12.9605],[74.8029,12.9422],[74.8074,12.9231],[74.8086,12.9172],[74.8138,12.8927],[74.8155,12.8873],[74.8184,12.8719],[74.8216,12.859],[74.8267,12.8453],[74.8326,12.8312],[74.8457,12.7975],[74.8513,12.7889],[74.8572,12.7774],[74.8628,12.7645],[74.871,12.7604],[74.873,12.7585],[74.8777,12.7551],[74.8856,12.7561],[74.8931,12.7623],[74.9009,12.764],[74.9147,12.7717],[74.9209,12.7746],[74.9339,12.7805],[74.9459,12.782],[74.9571,12.7849],[74.9635,12.7812],[74.9673,12.7796],[74.9734,12.7784],[74.9856,12.7822],[74.9898,12.7855],[74.9861,12.7927],[74.9879,12.7946],[74.9923,12.7942],[74.9944,12.7918],[74.9957,12.7901],[74.9979,12.7895],[74.9995,12.7881],[75.0,12.7908],[75.0038,12.7911],[75.0052,12.7907],[75.0039,12.7856],[75.0033,12.7805],[75.0055,12.7732],[75.0072,12.7669],[75.0046,12.7638],[75.0016,12.7586],[74.9983,12.7561],[74.9978,12.7539],[74.9966,12.752],[74.9945,12.751],[74.9932,12.7493],[74.992,12.7468],[74.99,12.7457],[74.9886,12.7442],[74.9877,12.7426],[74.9865,12.7439],[74.9846,12.7437],[74.9845,12.7412],[74.9849,12.7381],[74.9867,12.7345],[74.989,12.737],[74.9898,12.7369],[74.9936,12.7388],[74.9976,12.7339],[75.0097,12.7295],[75.0112,12.7249],[75.0062,12.7209],[75.0013,12.7161],[75.0161,12.7148],[75.0192,12.721],[75.0241,12.7197],[75.0274,12.7192],[75.0318,12.7209],[75.0349,12.7234],[75.042,12.7217],[75.0518,12.7188],[75.0509,12.7051],[75.0556,12.6928],[75.0429,12.6884],[75.0412,12.686],[75.0407,12.6839],[75.0434,12.6816],[75.0427,12.6799],[75.0417,12.6782],[75.0421,12.6757],[75.0424,12.6734],[75.0432,12.671],[75.0457,12.6687],[75.0466,12.667],[75.0482,12.6684],[75.0524,12.6697],[75.0552,12.6686],[75.0567,12.6659],[75.0591,12.6662],[75.0577,12.669],[75.0585,12.6709],[75.0605,12.6703],[75.0619,12.6681],[75.0633,12.6659],[75.0719,12.6694],[75.081,12.6719],[75.0867,12.6756],[75.0853,12.6847],[75.0855,12.691],[75.0817,12.6999],[75.0916,12.7008],[75.1005,12.6999],[75.1064,12.6961],[75.1073,12.6937],[75.1078,12.6914],[75.1108,12.6887],[75.1121,12.6854],[75.1135,12.6833],[75.1138,12.6812],[75.1215,12.679],[75.1297,12.6758],[75.1348,12.6774],[75.1404,12.6797],[75.1446,12.6794],[75.1487,12.6826],[75.1492,12.6731],[75.1603,12.6695],[75.1526,12.6569],[75.1402,12.6444],[75.147,12.6358],[75.1538,12.6252],[75.1577,12.6242],[75.163,12.6228],[75.1687,12.6224],[75.1802,12.6314],[75.1816,12.6327],[75.1854,12.6326],[75.1954,12.6334],[75.2023,12.6253],[75.2014,12.6199],[75.1987,12.6152],[75.1988,12.6138],[75.2005,12.61],[75.2041,12.6095],[75.2082,12.6057],[75.205,12.5943],[75.2019,12.5917],[75.2031,12.5886],[75.2108,12.5853],[75.216,12.5768],[75.2194,12.5729],[75.2237,12.5703],[75.234,12.5694],[75.2383,12.5741],[75.2422,12.5804],[75.251,12.5864],[75.2538,12.5906],[75.2567,12.5952],[75.2592,12.5962],[75.2621,12.5996],[75.2636,12.6034],[75.2664,12.607],[75.2653,12.6102],[75.2677,12.6135],[75.2707,12.6148],[75.2794,12.6169],[75.2831,12.6144],[75.2912,12.6043],[75.299,12.6058],[75.3057,12.6008],[75.3147,12.5911],[75.3242,12.591],[75.328,12.5905],[75.3272,12.5839],[75.3253,12.5808],[75.3129,12.5741],[75.3024,12.5812],[75.29,12.5832],[75.2757,12.573],[75.2695,12.5623],[75.275,12.5429],[75.2837,12.5272],[75.3035,12.5208],[75.3052,12.5077],[75.3145,12.4996],[75.3278,12.4976],[75.3385,12.4721],[75.3401,12.4639],[75.3593,12.4647],[75.3736,12.4805],[75.379,12.4965],[75.3967,12.503],[75.4086,12.5015],[75.4158,12.5033],[75.4152,12.5048],[75.4168,12.5063],[75.4175,12.5078],[75.4193,12.5083],[75.4199,12.5094],[75.4187,12.5098],[75.4179,12.5108],[75.4184,12.5124],[75.4181,12.5145],[75.421,12.5144],[75.4229,12.5144],[75.4242,12.5155],[75.4267,12.5154],[75.4289,12.514],[75.4308,12.5151],[75.4328,12.5162],[75.4322,12.5179],[75.4308,12.5201],[75.4329,12.5228],[75.4351,12.5281],[75.4392,12.5282],[75.4427,12.5216],[75.446,12.5196],[75.4471,12.519],[75.4513,12.5166],[75.4557,12.5137],[75.457,12.5168],[75.4586,12.5132],[75.4598,12.51],[75.4614,12.5086],[75.4675,12.5032],[75.4721,12.4997],[75.4712,12.4984],[75.4696,12.495],[75.4633,12.491],[75.4616,12.4852],[75.4609,12.4803],[75.4599,12.4782],[75.4617,12.4714],[75.4737,12.4643],[75.4764,12.4644],[75.4822,12.4651],[75.4904,12.4601],[75.4913,12.4631],[75.4918,12.4674],[75.4919,12.4749],[75.4953,12.479],[75.4959,12.482],[75.4958,12.485],[75.5019,12.4876],[75.507,12.487],[75.5123,12.4893],[75.522,12.4893],[75.5261,12.4921],[75.5275,12.4964],[75.5325,12.4982],[75.5362,12.4944],[75.5462,12.4921],[75.5518,12.4918],[75.5583,12.4879],[75.5641,12.4848],[75.5664,12.4869],[75.565,12.4926],[75.5615,12.4945],[75.5571,12.4963],[75.5532,12.4973],[75.5544,12.4995],[75.5558,12.5019],[75.5574,12.5034],[75.5583,12.5043],[75.5602,12.5062],[75.5618,12.5087],[75.5648,12.5114],[75.5701,12.5114],[75.575,12.5149],[75.5795,12.5192],[75.5806,12.5231],[75.5863,12.5306],[75.5947,12.5321],[75.6057,12.5193],[75.6093,12.5096],[75.62,12.5124],[75.6273,12.5213],[75.6302,12.5189],[75.6332,12.5235],[75.6363,12.529],[75.6467,12.5392],[75.6559,12.5418],[75.6645,12.5461],[75.6706,12.5521],[75.6686,12.5609],[75.6664,12.5679],[75.666,12.5718],[75.6638,12.5754],[75.6618,12.5821],[75.6635,12.5865],[75.6604,12.5955],[75.6558,12.604],[75.6534,12.6112],[75.6534,12.6179],[75.6497,12.6243],[75.6419,12.6303],[75.6447,12.6385],[75.6442,12.6455],[75.6446,12.6502],[75.6453,12.6575],[75.6477,12.6628],[75.6481,12.6665],[75.6494,12.6688],[75.6562,12.6821],[75.6649,12.6961],[75.6616,12.697],[75.6569,12.6971],[75.6535,12.6956],[75.6499,12.6954],[75.6441,12.6949],[75.6355,12.6942],[75.6346,12.6937]]]}},{"type":"Feature","properties":{"name":"Kodagu","district_name":"Kodagu"},"geometry":{"type":"Polygon","coordinates":[[[76.0631,11.9779],[76.0686,11.9823],[76.0723,11.9834],[76.0772,11.9817],[76.0826,11.9782],[76.0854,11.9751],[76.0884,11.9719],[76.09,11.9681],[76.1099,11.9769],[76.1457,12.0086],[76.1885,12.0521],[76.176,12.0935],[76.1661,12.1245],[76.153,12.1407],[76.1468,12.1511],[76.1384,12.1714],[76.1357,12.1884],[76.1269,12.1946],[76.1034,12.1966],[76.0973,12.2041],[76.0938,12.2135],[76.0844,12.2196],[76.0747,12.2322],[76.0694,12.2415],[76.0652,12.2458],[76.0604,12.2481],[76.0572,12.2527],[76.0512,12.2464],[76.0465,12.2492],[76.0379,12.2522],[76.0279,12.2515],[76.0204,12.2543],[76.0172,12.2614],[76.0135,12.2688],[76.0156,12.2777],[76.0138,12.2865],[76.0133,12.2934],[76.0082,12.3012],[75.9994,12.3073],[75.9971,12.3152],[75.9986,12.3266],[76.0011,12.3313],[75.9933,12.3362],[75.9833,12.3427],[75.973,12.3414],[75.9686,12.3499],[75.9666,12.3554],[75.9569,12.3631],[75.948,12.3699],[75.9365,12.3772],[75.9319,12.3823],[75.9205,12.3875],[75.9139,12.3862],[75.9122,12.3902],[75.9104,12.3935],[75.9106,12.395],[75.9107,12.4039],[75.9108,12.406],[75.9117,12.4084],[75.9143,12.4089],[75.9157,12.4107],[75.9165,12.4132],[75.9177,12.415],[75.9203,12.4188],[75.923,12.426],[75.9227,12.4314],[75.9254,12.4357],[75.9367,12.4386],[75.9424,12.4467],[75.9443,12.4487],[75.9517,12.4508],[75.9648,12.4487],[75.9703,12.4485],[75.9694,12.4538],[75.9677,12.4653],[75.9646,12.4753],[75.9591,12.4889],[75.962,12.499],[75.96,12.5036],[75.9606,12.5069],[75.9629,12.509],[75.9699,12.5104],[75.974,12.5194],[75.9888,12.52],[75.9893,12.5337],[75.9831,12.5421],[75.9916,12.5424],[75.9984,12.546],[75.9914,12.5547],[75.9966,12.562],[76.0124,12.5544],[76.0119,12.5605],[76.016,12.5638],[76.0184,12.5676],[76.0186,12.5708],[76.0165,12.571],[76.0131,12.5699],[76.0113,12.5728],[76.0074,12.573],[76.0047,12.5742],[76.0015,12.5772],[75.9978,12.5797],[75.9974,12.5818],[75.997,12.5832],[75.9955,12.5846],[75.9945,12.5871],[75.9921,12.5873],[75.9912,12.585],[75.988,12.5814],[75.9879,12.5803],[75.9878,12.5781],[75.9887,12.5753],[75.987,12.5738],[75.9835,12.5735],[75.9788,12.5749],[75.9756,12.5762],[75.9736,12.577],[75.9691,12.5769],[75.9727,12.5712],[75.974,12.5646],[75.9731,12.5617],[75.9722,12.5607],[75.9674,12.5598],[75.9625,12.5627],[75.9554,12.5743],[75.9526,12.5851],[75.9493,12.592],[75.9471,12.5979],[75.9435,12.6018],[75.9396,12.6074],[75.9437,12.6112],[75.9464,12.6133],[75.9478,12.6158],[75.9483,12.619],[75.9472,12.6257],[75.9383,12.631],[75.9405,12.6323],[75.9418,12.6345],[75.9425,12.6373],[75.9395,12.6523],[75.9413,12.6582],[75.9439,12.6614],[75.9476,12.664],[75.9472,12.6659],[75.9467,12.6661],[75.9456,12.6674],[75.9442,12.6678],[75.9432,12.6691],[75.9414,12.671],[75.9406,12.6729],[75.9402,12.6746],[75.9444,12.676],[75.9498,12.6762],[75.9543,12.6762],[75.9563,12.6784],[75.957,12.6799],[75.9585,12.6807],[75.9594,12.6829],[75.9595,12.6842],[75.9585,12.6896],[75.9593,12.6905],[75.961,12.6922],[75.9618,12.6944],[75.9643,12.6991],[75.9638,12.7046],[75.9644,12.7074],[75.9638,12.7099],[75.9599,12.7124],[75.9453,12.7173],[75.9421,12.7211],[75.9399,12.725],[75.9378,12.7288],[75.9362,12.7307],[75.9352,12.732],[75.9346,12.7351],[75.9358,12.7408],[75.9366,12.7458],[75.9372,12.7527],[75.9338,12.7577],[75.9349,12.7594],[75.9338,12.7625],[75.933,12.7643],[75.9336,12.7652],[75.9343,12.7671],[75.935,12.7675],[75.9366,12.7673],[75.9392,12.7675],[75.9422,12.7672],[75.9477,12.7664],[75.9525,12.7681],[75.9544,12.7702],[75.9548,12.7737],[75.9582,12.7822],[75.9654,12.781],[75.9668,12.781],[75.9715,12.7841],[75.9693,12.7886],[75.9687,12.79],[75.9674,12.7927],[75.9675,12.8018],[75.964,12.8033],[75.9488,12.8008],[75.9453,12.8082],[75.9313,12.8073],[75.9257,12.8119],[75.9283,12.8205],[75.9183,12.8282],[75.9177,12.8217],[75.9135,12.8171],[75.9028,12.8185],[75.8965,12.8291],[75.8831,12.8329],[75.8761,12.8317],[75.8768,12.8246],[75.8654,12.8205],[75.8645,12.8168],[75.8645,12.8129],[75.8651,12.8096],[75.8649,12.8064],[75.8668,12.8048],[75.8654,12.8032],[75.8657,12.8013],[75.8648,12.7994],[75.8633,12.7954],[75.8665,12.7913],[75.8684,12.7844],[75.8721,12.7799],[75.8735,12.7785],[75.876,12.7772],[75.8777,12.7764],[75.8738,12.7752],[75.8754,12.7721],[75.8749,12.7714],[75.8729,12.7698],[75.8716,12.7707],[75.8699,12.7699],[75.8681,12.7687],[75.8675,12.7687],[75.8642,12.7684],[75.8618,12.7698],[75.8578,12.7695],[75.8575,12.7628],[75.8597,12.7573],[75.8492,12.7491],[75.8524,12.7457],[75.8536,12.7416],[75.8543,12.736],[75.8515,12.7303],[75.8556,12.7226],[75.8598,12.7188],[75.8612,12.7177],[75.8646,12.7163],[75.8691,12.7153],[75.8705,12.7144],[75.8708,12.7117],[75.8733,12.7094],[75.877,12.7081],[75.8792,12.709],[75.8816,12.7087],[75.8839,12.7083],[75.8849,12.7079],[75.8853,12.7065],[75.8859,12.7042],[75.8856,12.7015],[75.8861,12.6982],[75.8874,12.6958],[75.8895,12.6941],[75.8877,12.6896],[75.888,12.6873],[75.8887,12.6855],[75.8887,12.6842],[75.8884,12.6827],[75.8879,12.681],[75.8876,12.6792],[75.8881,12.6774],[75.8861,12.6745],[75.8845,12.6747],[75.8802,12.6728],[75.8768,12.6716],[75.8726,12.6736],[75.8682,12.6739],[75.8664,12.6737],[75.8649,12.6727],[75.8634,12.6736],[75.8615,12.6717],[75.8542,12.6698],[75.8496,12.6712],[75.8456,12.6709],[75.8419,12.6695],[75.8365,12.6708],[75.8311,12.6741],[75.827,12.6803],[75.8242,12.6826],[75.8193,12.6853],[75.8176,12.6916],[75.8126,12.6963],[75.8072,12.7009],[75.8014,12.6951],[75.7997,12.6948],[75.797,12.6925],[75.7949,12.6899],[75.7932,12.6889],[75.7915,12.6872],[75.7886,12.6863],[75.7844,12.6872],[75.7821,12.6863],[75.7786,12.6882],[75.7747,12.6837],[75.7731,12.6801],[75.7692,12.6809],[75.7652,12.679],[75.7629,12.6762],[75.755,12.6765],[75.7492,12.6781],[75.7412,12.6834],[75.7343,12.6935],[75.7294,12.6978],[75.7265,12.6973],[75.7218,12.7018],[75.7183,12.7054],[75.7152,12.7067],[75.7116,12.7055],[75.7078,12.706],[75.7034,12.7057],[75.6998,12.7043],[75.6965,12.7037],[75.6937,12.7019],[75.6887,12.7011],[75.6844,12.701],[75.6787,12.7009],[75.6747,12.7006],[75.6679,12.6963],[75.6654,12.6968],[75.6637,12.6935],[75.6533,12.6753],[75.6484,12.6672],[75.6477,12.6655],[75.6468,12.6609],[75.6454,12.6541],[75.6442,12.6481],[75.6452,12.6421],[75.6425,12.6346],[75.6461,12.6256],[75.6527,12.6212],[75.6543,12.6139],[75.6548,12.6084],[75.6587,12.602],[75.6619,12.5924],[75.6636,12.5842],[75.6615,12.58],[75.6665,12.5747],[75.6632,12.5696],[75.6675,12.5663],[75.6703,12.558],[75.6688,12.549],[75.6614,12.5447],[75.6535,12.5397],[75.6412,12.5368],[75.6323,12.5251],[75.6329,12.5216],[75.6281,12.5192],[75.6245,12.5162],[75.6166,12.5098],[75.6058,12.5133],[75.5996,12.5238],[75.5933,12.5356],[75.5826,12.5265],[75.5807,12.5212],[75.5773,12.5183],[75.5737,12.5139],[75.5675,12.511],[75.5638,12.5105],[75.5616,12.5077],[75.5595,12.5053],[75.5577,12.5039],[75.5565,12.503],[75.5551,12.501],[75.5538,12.4985],[75.5551,12.497],[75.5586,12.4952],[75.5641,12.4935],[75.5658,12.4906],[75.5661,12.4855],[75.5613,12.4864],[75.555,12.49],[75.5488,12.4911],[75.542,12.4935],[75.5341,12.4955],[75.5309,12.4987],[75.5271,12.4953],[75.5252,12.49],[75.519,12.4885],[75.5094,12.4886],[75.5048,12.4875],[75.4995,12.486],[75.495,12.4832],[75.4961,12.4804],[75.4947,12.4773],[75.491,12.4707],[75.4907,12.4654],[75.4927,12.4617],[75.4889,12.4603],[75.4814,12.468],[75.4746,12.461],[75.4696,12.4672],[75.459,12.4758],[75.4617,12.4797],[75.4619,12.483],[75.4632,12.488],[75.4672,12.492],[75.47,12.4969],[75.4715,12.4987],[75.4699,12.502],[75.4634,12.5043],[75.4609,12.5093],[75.459,12.5115],[75.4592,12.5148],[75.4557,12.5161],[75.4536,12.5143],[75.4505,12.5192],[75.4459,12.518],[75.4457,12.5208],[75.4412,12.5259],[75.4384,12.5283],[75.4345,12.5255],[75.4331,12.5222],[75.4307,12.5193],[75.4334,12.5171],[75.4321,12.516],[75.4298,12.5138],[75.4278,12.5146],[75.4263,12.5156],[75.4238,12.5148],[75.4214,12.5137],[75.4201,12.5149],[75.4182,12.5139],[75.4182,12.5119],[75.4178,12.5102],[75.4197,12.5099],[75.4197,12.509],[75.4179,12.5083],[75.4173,12.5072],[75.416,12.5052],[75.4153,12.5042],[75.4162,12.5028],[75.4152,12.5001],[75.4172,12.4985],[75.4178,12.4963],[75.4166,12.4952],[75.418,12.4922],[75.4201,12.4848],[75.4236,12.4763],[75.4232,12.466],[75.4143,12.4622],[75.4104,12.4575],[75.403,12.4554],[75.3959,12.4524],[75.3882,12.4588],[75.3827,12.4563],[75.3753,12.4591],[75.3709,12.4581],[75.3668,12.4566],[75.3697,12.4528],[75.371,12.4491],[75.3694,12.4434],[75.3715,12.4374],[75.3694,12.4308],[75.3701,12.4136],[75.3737,12.4083],[75.3752,12.4005],[75.3793,12.3929],[75.3843,12.3908],[75.3908,12.3893],[75.3954,12.3821],[75.3993,12.3816],[75.4092,12.3804],[75.4128,12.3808],[75.4194,12.3772],[75.4238,12.3719],[75.4242,12.3637],[75.4121,12.3495],[75.4188,12.3282],[75.4221,12.3183],[75.4274,12.3113],[75.4302,12.3122],[75.4345,12.312],[75.4393,12.3161],[75.4424,12.3175],[75.4434,12.3199],[75.4458,12.3206],[75.4478,12.3211],[75.4493,12.3213],[75.4528,12.321],[75.4544,12.3198],[75.4566,12.3202],[75.4599,12.3081],[75.4592,12.3061],[75.4565,12.3052],[75.4573,12.3039],[75.4562,12.3028],[75.4538,12.3019],[75.454,12.3007],[75.4537,12.2995],[75.4513,12.2986],[75.4496,12.2969],[75.4481,12.2951],[75.4453,12.2932],[75.4464,12.2927],[75.4486,12.2938],[75.4509,12.294],[75.4512,12.295],[75.4529,12.2967],[75.4558,12.2972],[75.4574,12.2992],[75.461,12.2988],[75.4633,12.2994],[75.4649,12.2995],[75.4687,12.2988],[75.4714,12.2993],[75.4738,12.2994],[75.4768,12.2984],[75.4797,12.2983],[75.482,12.2981],[75.4841,12.2991],[75.485,12.3006],[75.486,12.3018],[75.4875,12.3025],[75.4892,12.3028],[75.4898,12.3021],[75.4921,12.3012],[75.4955,12.3005],[75.4985,12.2977],[75.4978,12.2958],[75.4915,12.2785],[75.5002,12.2727],[75.5057,12.2663],[75.5098,12.2579],[75.5102,12.2539],[75.5111,12.2501],[75.516,12.2471],[75.5178,12.2427],[75.5171,12.2352],[75.5211,12.233],[75.5243,12.2299],[75.5253,12.2246],[75.5284,12.2213],[75.5323,12.2197],[75.5373,12.2169],[75.538,12.2124],[75.5358,12.2074],[75.5313,12.2055],[75.5329,12.2036],[75.5367,12.2022],[75.5409,12.201],[75.5441,12.1986],[75.5472,12.1966],[75.5499,12.1912],[75.5526,12.1854],[75.555,12.1821],[75.5588,12.1781],[75.5627,12.1773],[75.5672,12.1756],[75.572,12.1688],[75.5822,12.1591],[75.5867,12.156],[75.5923,12.1482],[75.5955,12.1543],[75.6039,12.155],[75.6124,12.1534],[75.6235,12.1542],[75.6312,12.1489],[75.6368,12.1488],[75.6393,12.1438],[75.641,12.1394],[75.6439,12.1305],[75.6475,12.122],[75.6469,12.115],[75.6507,12.1099],[75.6586,12.1037],[75.6672,12.0978],[75.6769,12.0988],[75.6849,12.1063],[75.6937,12.1109],[75.6997,12.1092],[75.7036,12.1064],[75.7022,12.0925],[75.712,12.0908],[75.718,12.0859],[75.7156,12.0814],[75.7149,12.0729],[75.721,12.0721],[75.7291,12.0738],[75.741,12.0795],[75.7473,12.0786],[75.7525,12.0847],[75.762,12.0839],[75.7688,12.0846],[75.7757,12.0834],[75.7836,12.0848],[75.7908,12.0825],[75.7966,12.0809],[75.8025,12.0772],[75.8009,12.0731],[75.801,12.0694],[75.8,12.0667],[75.798,12.0623],[75.7977,12.0572],[75.7957,12.0557],[75.7994,12.0514],[75.8011,12.0436],[75.8015,12.0378],[75.8045,12.0345],[75.809,12.0313],[75.8119,12.0282],[75.8107,12.023],[75.8161,12.0186],[75.8204,12.0154],[75.8254,12.0115],[75.8256,12.0076],[75.827,12.0044],[75.8281,12.0014],[75.8286,11.9974],[75.831,11.993],[75.8335,11.9902],[75.8364,11.9876],[75.8411,11.9848],[75.844,11.9849],[75.8484,11.9848],[75.8506,11.9823],[75.8509,11.979],[75.8533,11.9765],[75.8522,11.9749],[75.8529,11.9708],[75.8587,11.9597],[75.8704,11.9528],[75.8798,11.9501],[75.8861,11.9519],[75.8981,11.9465],[75.9087,11.9474],[75.9192,11.9449],[75.9304,11.9404],[75.9392,11.9415],[75.9526,11.9416],[75.9626,11.9375],[75.9741,11.9334],[75.9865,11.9328],[75.9989,11.931],[76.0063,11.9366],[76.0151,11.941],[76.0261,11.9435],[76.0331,11.9403],[76.0402,11.9458],[76.0464,11.9512],[76.0534,11.9534],[76.0587,11.9583],[76.0627,11.9609],[76.0631,11.9771],[76.0631,11.9779]]]}},{"type":"Feature","properties":{"name":"Mysuru","district_name":"Mysuru"},"geometry":{"type":"MultiPolygon","coordinates":[[[[76.3036,12.6218],[76.3021,12.6218],[76.301,12.6232],[76.301,12.6244],[76.3002,12.6243],[76.2995,12.6245],[76.299,12.625],[76.2992,12.6264],[76.2995,12.6265],[76.2996,12.6266],[76.2996,12.6268],[76.2997,12.627],[76.2997,12.6271],[76.2998,12.6273],[76.2996,12.6275],[76.2995,12.6279],[76.2996,12.6289],[76.2979,12.6286],[76.2956,12.6288],[76.2937,12.6276],[76.2927,12.6267],[76.2912,12.6212],[76.2909,12.6181],[76.2871,12.6156],[76.2853,12.6163],[76.2816,12.617],[76.2791,12.6199],[76.2792,12.6222],[76.2792,12.6238],[76.2796,12.625],[76.2799,12.6261],[76.28,12.6265],[76.2804,12.6272],[76.2812,12.6291],[76.2804,12.6308],[76.2792,12.6318],[76.2794,12.6334],[76.278,12.6329],[76.2779,12.6324],[76.2776,12.6319],[76.2769,12.6315],[76.2755,12.631],[76.2747,12.6308],[76.2737,12.6306],[76.2728,12.6305],[76.2722,12.6305],[76.2718,12.6301],[76.2712,12.63],[76.2708,12.6298],[76.2708,12.6296],[76.2686,12.6292],[76.2665,12.6265],[76.2668,12.6239],[76.2651,12.6192],[76.2581,12.622],[76.2567,12.6209],[76.2541,12.621],[76.2536,12.6233],[76.2508,12.6239],[76.2482,12.6255],[76.2465,12.6258],[76.2464,12.628],[76.2469,12.6294],[76.2475,12.6319],[76.2469,12.6344],[76.2461,12.6357],[76.2444,12.6371],[76.2421,12.6384],[76.2394,12.6386],[76.2369,12.6389],[76.2365,12.6409],[76.2339,12.6425],[76.2312,12.6441],[76.2283,12.6441],[76.2198,12.6443],[76.219,12.6439],[76.2169,12.6428],[76.2133,12.6394],[76.2096,12.6382],[76.2085,12.6363],[76.2077,12.6349],[76.2076,12.6336],[76.2069,12.6308],[76.2094,12.6285],[76.2151,12.6261],[76.2145,12.6194],[76.2106,12.6163],[76.2083,12.6165],[76.2033,12.6129],[76.2014,12.6097],[76.2011,12.6068],[76.1986,12.6036],[76.1977,12.6021],[76.1953,12.5987],[76.1941,12.5959],[76.1921,12.5925],[76.1934,12.5917],[76.1923,12.5904],[76.1929,12.5863],[76.1932,12.5838],[76.1945,12.5829],[76.195,12.5813],[76.1963,12.5774],[76.1925,12.577],[76.19,12.5768],[76.1866,12.5766],[76.1831,12.5764],[76.1814,12.5752],[76.1712,12.5789],[76.1631,12.5796],[76.1526,12.58],[76.1518,12.5768],[76.1502,12.5751],[76.1493,12.5737],[76.1496,12.5721],[76.1492,12.5707],[76.1485,12.5682],[76.1515,12.5649],[76.1546,12.5636],[76.1561,12.5623],[76.1547,12.5596],[76.153,12.557],[76.1517,12.5538],[76.1508,12.5493],[76.1516,12.5475],[76.1493,12.5459],[76.1467,12.5454],[76.1438,12.544],[76.1432,12.5401],[76.1433,12.5366],[76.1406,12.5373],[76.1371,12.5379],[76.1356,12.5365],[76.1349,12.5325],[76.1348,12.5307],[76.1347,12.5297],[76.1313,12.5294],[76.1303,12.5295],[76.1272,12.5301],[76.1252,12.5292],[76.1241,12.5292],[76.1219,12.5294],[76.1186,12.529],[76.1171,12.5291],[76.1155,12.5292],[76.1165,12.5269],[76.1171,12.5251],[76.1186,12.5238],[76.1191,12.5197],[76.1184,12.5184],[76.1157,12.5173],[76.1165,12.516],[76.1158,12.513],[76.1135,12.5132],[76.1114,12.514],[76.1101,12.5156],[76.1093,12.5173],[76.1061,12.5175],[76.1046,12.5185],[76.1043,12.5203],[76.1038,12.5227],[76.1032,12.5232],[76.1013,12.5262],[76.1011,12.5272],[76.1032,12.5291],[76.1019,12.5299],[76.0992,12.529],[76.0982,12.5293],[76.0992,12.5323],[76.0977,12.5325],[76.097,12.5336],[76.0951,12.5333],[76.0935,12.5352],[76.0895,12.5382],[76.0872,12.5394],[76.0892,12.5436],[76.0933,12.5431],[76.0923,12.5447],[76.0898,12.547],[76.0894,12.545],[76.0877,12.5455],[76.087,12.5433],[76.0845,12.544],[76.0814,12.5436],[76.0784,12.5461],[76.0755,12.5474],[76.0741,12.548],[76.0746,12.5503],[76.0702,12.5496],[76.0662,12.5582],[76.06,12.5561],[76.0581,12.5562],[76.049,12.5609],[76.0481,12.5648],[76.0471,12.5683],[76.0473,12.5707],[76.0354,12.5754],[76.0301,12.5762],[76.0276,12.576],[76.0258,12.5762],[76.0236,12.577],[76.0221,12.5772],[76.0194,12.5723],[76.0186,12.57],[76.0181,12.5661],[76.0146,12.5627],[76.0115,12.5591],[76.0092,12.5543],[75.9916,12.561],[75.9965,12.5519],[75.9963,12.5425],[75.9879,12.5444],[75.9825,12.5404],[75.9936,12.5256],[75.9809,12.5203],[75.9735,12.515],[75.9655,12.5102],[75.9621,12.5075],[75.96,12.5053],[75.9603,12.5013],[75.9626,12.4972],[75.9634,12.4841],[75.9696,12.4706],[75.9675,12.4599],[75.9722,12.4506],[75.9696,12.4479],[75.9609,12.4516],[75.9463,12.4496],[75.9435,12.4474],[75.9412,12.4464],[75.935,12.4389],[75.9249,12.4334],[75.9227,12.4292],[75.9216,12.4215],[75.9189,12.4169],[75.9171,12.4144],[75.9163,12.4121],[75.9152,12.4098],[75.9135,12.4085],[75.9112,12.4072],[75.9106,12.4053],[75.9098,12.3996],[75.9101,12.3944],[75.9111,12.3922],[75.913,12.3887],[75.9153,12.3839],[75.9252,12.3854],[75.9344,12.38],[75.9406,12.3735],[75.9539,12.3651],[75.9623,12.3592],[75.9704,12.354],[75.9676,12.3435],[75.9769,12.3404],[75.9877,12.3374],[75.9972,12.3339],[76.0024,12.3296],[75.9942,12.32],[75.9966,12.3104],[76.0046,12.3054],[76.0093,12.2978],[76.014,12.2911],[76.0141,12.282],[76.0154,12.2718],[76.0145,12.2657],[76.0187,12.2583],[76.0234,12.2502],[76.034,12.2509],[76.0421,12.2514],[76.0481,12.2485],[76.0525,12.2462],[76.0596,12.2537],[76.0624,12.2473],[76.0674,12.2434],[76.0729,12.2399],[76.0782,12.2276],[76.087,12.2179],[76.0944,12.2092],[76.0987,12.2017],[76.1128,12.1946],[76.1315,12.1978],[76.1351,12.1821],[76.1415,12.1654],[76.1488,12.147],[76.1611,12.1344],[76.1718,12.1083],[76.1751,12.0817],[76.1838,12.0359],[76.1365,11.9974],[76.1103,11.9703],[76.1088,11.9221],[76.1149,11.8668],[76.1171,11.8544],[76.1399,11.8594],[76.1534,11.8678],[76.1689,11.8687],[76.1783,11.8695],[76.1989,11.8653],[76.2084,11.8584],[76.2124,11.8397],[76.2423,11.8037],[76.2891,11.796],[76.302,11.7813],[76.3113,11.7735],[76.3135,11.765],[76.3159,11.7553],[76.3318,11.7444],[76.3877,11.7499],[76.4134,11.7598],[76.4158,11.7655],[76.422,11.773],[76.4169,11.7772],[76.4157,11.7852],[76.42,11.7902],[76.4255,11.7936],[76.4255,11.8023],[76.4206,11.8041],[76.4097,11.8139],[76.4115,11.8154],[76.4182,11.8102],[76.4314,11.8041],[76.4498,11.7994],[76.4562,11.8],[76.4675,11.8208],[76.4858,11.8232],[76.4831,11.8471],[76.4881,11.8615],[76.5005,11.8632],[76.5171,11.8687],[76.5317,11.8746],[76.5361,11.8723],[76.5545,11.8603],[76.5643,11.8915],[76.5685,11.8997],[76.5735,11.9124],[76.5709,11.928],[76.5711,11.9309],[76.5717,11.9364],[76.5715,11.9386],[76.5619,11.9439],[76.559,11.9461],[76.5672,11.9584],[76.5738,11.9689],[76.5791,11.9872],[76.5844,11.9861],[76.5869,11.9857],[76.5879,11.9862],[76.592,11.9865],[76.6017,11.988],[76.6135,11.9908],[76.6206,11.9899],[76.6316,11.9842],[76.6357,11.9819],[76.6388,11.9824],[76.6413,11.9818],[76.6429,11.9833],[76.6454,11.9899],[76.6478,11.9987],[76.6489,12.004],[76.6524,12.0073],[76.6546,12.0073],[76.6595,12.0077],[76.6655,12.0064],[76.6689,12.0064],[76.6716,12.0061],[76.6726,12.0031],[76.6728,12.002],[76.681,12.0006],[76.6919,12.0007],[76.6941,12.0007],[76.6965,11.9992],[76.6979,11.9982],[76.6997,11.9967],[76.7012,11.995],[76.702,11.9934],[76.7026,11.9912],[76.7034,11.9908],[76.7037,11.9892],[76.7032,11.9862],[76.7053,11.9853],[76.7084,11.985],[76.7115,11.9845],[76.7149,11.9841],[76.7165,11.9865],[76.7177,11.9881],[76.7209,11.9879],[76.7248,11.9878],[76.727,11.9896],[76.7299,11.9905],[76.7305,11.9918],[76.7312,11.9932],[76.7318,11.9941],[76.7324,11.998],[76.733,11.9997],[76.7341,12.0028],[76.7362,12.0039],[76.7361,12.0052],[76.7395,12.0054],[76.7407,12.0074],[76.7412,12.0098],[76.7426,12.0094],[76.7442,12.0084],[76.7458,12.0083],[76.746,12.0064],[76.7455,12.004],[76.7459,12.0023],[76.7493,12.001],[76.75,11.9998],[76.7519,11.9995],[76.7541,11.9993],[76.7556,11.9993],[76.7577,11.9994],[76.7606,11.9992],[76.7634,11.9991],[76.7648,11.998],[76.7662,11.9957],[76.7677,11.9925],[76.7692,11.9917],[76.777,11.989],[76.7793,11.9885],[76.7821,11.9868],[76.7842,11.9858],[76.7858,11.9858],[76.7874,11.9855],[76.7886,11.9859],[76.7915,11.9863],[76.7926,11.987],[76.7928,11.9885],[76.7952,11.9888],[76.7965,11.9913],[76.7966,11.9934],[76.7967,11.9959],[76.7962,11.9975],[76.7956,12.0001],[76.795,12.0032],[76.7957,12.0036],[76.7943,12.0045],[76.793,12.005],[76.792,12.0054],[76.7919,12.0067],[76.7924,12.0106],[76.7941,12.0135],[76.7965,12.015],[76.7988,12.0163],[76.8001,12.0175],[76.8031,12.0177],[76.8058,12.0184],[76.8054,12.0201],[76.8077,12.0208],[76.8099,12.0212],[76.8111,12.0223],[76.8114,12.0266],[76.8133,12.0275],[76.8153,12.0273],[76.8188,12.028],[76.8202,12.0281],[76.8206,12.0251],[76.821,12.0218],[76.8214,12.0194],[76.8224,12.0177],[76.8226,12.0174],[76.8226,12.0172],[76.8222,12.0162],[76.8218,12.015],[76.8215,12.014],[76.8215,12.0131],[76.8215,12.0115],[76.8228,12.0097],[76.8238,12.0095],[76.8262,12.0087],[76.8284,12.0077],[76.8305,12.0059],[76.8327,12.0059],[76.8335,12.0047],[76.8336,12.0038],[76.8374,12.0035],[76.8371,12.0008],[76.837,11.9997],[76.8403,11.9994],[76.8431,11.9993],[76.8458,11.9987],[76.8476,11.999],[76.849,11.9994],[76.8517,11.9993],[76.8539,11.9992],[76.8549,11.9995],[76.8563,12.0002],[76.8581,12.0032],[76.8579,12.0043],[76.8584,12.0074],[76.8618,12.0071],[76.8657,12.0057],[76.8687,12.0055],[76.873,12.0061],[76.8738,12.008],[76.8751,12.0083],[76.8766,12.0093],[76.8776,12.0104],[76.879,12.011],[76.8801,12.0123],[76.8817,12.0144],[76.8832,12.0155],[76.8834,12.0142],[76.8842,12.0111],[76.8838,12.0071],[76.8844,12.005],[76.8865,11.9996],[76.8935,11.9987],[76.8999,11.9984],[76.9021,11.9985],[76.9037,11.9985],[76.9055,11.9988],[76.9061,11.9995],[76.9073,12.0],[76.9082,12.0015],[76.9103,12.0029],[76.9117,12.0035],[76.9139,12.0047],[76.9152,12.0054],[76.9186,12.0076],[76.9225,12.0124],[76.9234,12.0123],[76.924,12.0122],[76.9254,12.013],[76.9285,12.0128],[76.9356,12.0132],[76.9363,12.0138],[76.9372,12.0158],[76.9381,12.0181],[76.9381,12.0198],[76.938,12.0202],[76.939,12.0233],[76.9389,12.0251],[76.9389,12.0265],[76.9378,12.0268],[76.9347,12.0271],[76.9321,12.0268],[76.9317,12.0266],[76.9288,12.0261],[76.9249,12.0263],[76.9223,12.0265],[76.9195,12.0269],[76.9165,12.0261],[76.915,12.0273],[76.9141,12.0295],[76.9134,12.0327],[76.9129,12.0355],[76.9112,12.0364],[76.9104,12.0387],[76.9102,12.0395],[76.9103,12.0417],[76.9078,12.0422],[76.9062,12.0425],[76.9047,12.0432],[76.903,12.0441],[76.9017,12.0444],[76.9006,12.0439],[76.8994,12.0435],[76.8992,12.0451],[76.8977,12.0477],[76.894,12.0483],[76.8927,12.0487],[76.8903,12.0497],[76.8901,12.0506],[76.8891,12.0515],[76.8891,12.0534],[76.8894,12.0548],[76.8907,12.0568],[76.89,12.0588],[76.8876,12.0588],[76.8868,12.0576],[76.8832,12.0581],[76.8751,12.0572],[76.8702,12.057],[76.8684,12.0597],[76.8668,12.0602],[76.8636,12.0604],[76.8603,12.0604],[76.8539,12.0603],[76.8536,12.0612],[76.8651,12.0631],[76.8721,12.0701],[76.8763,12.0771],[76.8803,12.0796],[76.8833,12.0845],[76.8821,12.0879],[76.8816,12.0915],[76.8809,12.0981],[76.8797,12.0991],[76.8792,12.1012],[76.8797,12.1041],[76.8779,12.1049],[76.8771,12.1085],[76.8771,12.1128],[76.8759,12.1153],[76.8725,12.1162],[76.8703,12.1171],[76.8667,12.1176],[76.8649,12.117],[76.8606,12.116],[76.8566,12.1164],[76.8541,12.1164],[76.8522,12.1169],[76.8502,12.117],[76.8487,12.1178],[76.8476,12.1171],[76.846,12.1144],[76.8452,12.1135],[76.8454,12.1186],[76.8439,12.1207],[76.8419,12.122],[76.8401,12.1231],[76.8394,12.1233],[76.8385,12.1234],[76.8382,12.124],[76.8372,12.1247],[76.8363,12.1255],[76.8347,12.1272],[76.8338,12.1286],[76.833,12.1298],[76.8319,12.1319],[76.8333,12.1369],[76.8353,12.1395],[76.8366,12.1402],[76.8379,12.1421],[76.8384,12.1436],[76.8411,12.1455],[76.8414,12.1478],[76.8414,12.1494],[76.8414,12.1519],[76.8411,12.1549],[76.8426,12.1561],[76.845,12.1564],[76.8472,12.1581],[76.8495,12.1585],[76.8511,12.1588],[76.8519,12.1603],[76.8518,12.1611],[76.8507,12.1621],[76.8487,12.1636],[76.8464,12.1647],[76.8458,12.1671],[76.8456,12.1691],[76.8477,12.1686],[76.8495,12.169],[76.85,12.1702],[76.8515,12.1699],[76.8533,12.1708],[76.8525,12.1753],[76.8517,12.1793],[76.8553,12.1807],[76.8575,12.1803],[76.8599,12.1799],[76.8625,12.18],[76.8631,12.1788],[76.8641,12.1767],[76.8655,12.1744],[76.8675,12.1741],[76.8704,12.1714],[76.8696,12.1677],[76.8695,12.1648],[76.8694,12.1624],[76.868,12.1619],[76.8684,12.1594],[76.8689,12.1581],[76.8697,12.1555],[76.8699,12.1549],[76.8702,12.1532],[76.8707,12.1525],[76.871,12.1511],[76.8699,12.1481],[76.8709,12.1477],[76.8711,12.1433],[76.8713,12.1409],[76.8746,12.1389],[76.8818,12.1297],[76.8833,12.1298],[76.8839,12.1299],[76.8866,12.1304],[76.8906,12.1305],[76.8908,12.1264],[76.8904,12.1259],[76.8904,12.1219],[76.8969,12.1216],[76.898,12.1234],[76.9007,12.1234],[76.9029,12.1217],[76.9068,12.1135],[76.9193,12.1151],[76.9226,12.1148],[76.9243,12.1136],[76.924,12.1131],[76.9255,12.1119],[76.926,12.1097],[76.9273,12.1096],[76.9286,12.1094],[76.9298,12.1096],[76.9307,12.1072],[76.9322,12.1073],[76.9335,12.1066],[76.934,12.105],[76.9346,12.1049],[76.9356,12.1034],[76.9375,12.1016],[76.9403,12.1001],[76.9424,12.1],[76.9446,12.0995],[76.9473,12.0985],[76.9487,12.098],[76.9493,12.0993],[76.9498,12.0997],[76.9526,12.1004],[76.9539,12.1018],[76.9553,12.1029],[76.9572,12.104],[76.9588,12.105],[76.9609,12.1063],[76.9639,12.1084],[76.9671,12.1103],[76.9689,12.1117],[76.9706,12.1149],[76.9707,12.1161],[76.9687,12.1192],[76.9691,12.1224],[76.9711,12.1232],[76.9762,12.1231],[76.9762,12.1249],[76.9762,12.1257],[76.9764,12.1281],[76.976,12.1292],[76.9759,12.1308],[76.9764,12.134],[76.9774,12.1342],[76.9796,12.1344],[76.9795,12.1354],[76.9804,12.1363],[76.9823,12.1373],[76.9838,12.1384],[76.9855,12.1383],[76.9866,12.1388],[76.9866,12.1409],[76.9889,12.1416],[76.989,12.1423],[76.9891,12.1432],[76.9891,12.1437],[76.9891,12.145],[76.9892,12.1457],[76.9891,12.1464],[76.989,12.1481],[76.989,12.1495],[76.9889,12.1506],[76.9891,12.1519],[76.9892,12.1527],[76.9894,12.1541],[76.9894,12.1549],[76.989,12.1561],[76.9882,12.1581],[76.9881,12.1606],[76.9892,12.1621],[76.9897,12.1624],[76.9907,12.1626],[76.9908,12.1632],[76.9908,12.1638],[76.9908,12.1644],[76.9909,12.165],[76.9909,12.1664],[76.9904,12.1669],[76.9906,12.1682],[76.9909,12.1686],[76.9916,12.1692],[76.9917,12.1702],[76.9901,12.1709],[76.9903,12.1726],[76.9904,12.1741],[76.9916,12.1756],[76.9924,12.1763],[76.993,12.1765],[76.9937,12.1766],[76.9943,12.1768],[76.9959,12.177],[76.9969,12.1771],[76.9971,12.1771],[76.9984,12.1772],[76.9986,12.1761],[76.9984,12.1745],[76.9982,12.1727],[76.998,12.1726],[76.998,12.1719],[76.9977,12.1714],[76.9975,12.1704],[76.9973,12.1685],[76.9972,12.1666],[76.9986,12.1665],[76.9995,12.1665],[77.0007,12.1661],[77.0015,12.166],[77.0028,12.1652],[77.0027,12.1622],[77.0035,12.1605],[77.0052,12.1604],[77.0073,12.161],[77.0087,12.1616],[77.0108,12.1619],[77.0118,12.1624],[77.014,12.1625],[77.0141,12.1612],[77.014,12.1597],[77.0139,12.1565],[77.0123,12.1562],[77.0114,12.1549],[77.0114,12.1541],[77.0116,12.1525],[77.0117,12.1517],[77.0122,12.1517],[77.0127,12.1515],[77.0133,12.1513],[77.0132,12.15],[77.0132,12.1493],[77.0132,12.1489],[77.0131,12.1475],[77.0132,12.1473],[77.0132,12.1468],[77.0132,12.1464],[77.0134,12.1459],[77.0134,12.1452],[77.0122,12.1448],[77.0119,12.1445],[77.013,12.1437],[77.0129,12.143],[77.0129,12.1427],[77.0128,12.1424],[77.0128,12.1421],[77.0128,12.1418],[77.0128,12.1417],[77.0128,12.1415],[77.0126,12.1409],[77.013,12.1397],[77.0128,12.1386],[77.0124,12.1379],[77.0126,12.1371],[77.0136,12.137],[77.0143,12.137],[77.0144,12.1369],[77.0145,12.1369],[77.0146,12.1368],[77.0147,12.1367],[77.0148,12.1366],[77.0155,12.1362],[77.0153,12.1355],[77.0152,12.1351],[77.0151,12.1351],[77.0151,12.1351],[77.0151,12.135],[77.0151,12.135],[77.0158,12.1338],[77.0166,12.1337],[77.0178,12.1344],[77.0193,12.135],[77.0206,12.1349],[77.0223,12.1348],[77.0236,12.1367],[77.0279,12.1378],[77.0302,12.1375],[77.0318,12.138],[77.0328,12.1384],[77.0343,12.1388],[77.035,12.1388],[77.0356,12.1388],[77.0363,12.1387],[77.0372,12.1381],[77.0374,12.1375],[77.0379,12.1362],[77.0383,12.1362],[77.0388,12.1336],[77.0388,12.1331],[77.0388,12.1325],[77.0388,12.1318],[77.0388,12.1316],[77.0388,12.1315],[77.0386,12.1314],[77.0387,12.1304],[77.0387,12.1297],[77.0389,12.1293],[77.0394,12.1289],[77.0401,12.1283],[77.0408,12.1291],[77.0419,12.1303],[77.043,12.1315],[77.0431,12.1327],[77.044,12.1335],[77.0442,12.1344],[77.0452,12.1356],[77.0459,12.1357],[77.0457,12.1363],[77.0447,12.1392],[77.0438,12.1419],[77.0422,12.1396],[77.0414,12.1392],[77.0402,12.1392],[77.04,12.1406],[77.0399,12.1412],[77.0399,12.1414],[77.0399,12.1415],[77.0399,12.1415],[77.0399,12.1415],[77.0398,12.1416],[77.0398,12.1417],[77.0398,12.1418],[77.0398,12.1422],[77.0397,12.1423],[77.0397,12.1424],[77.0397,12.1425],[77.0397,12.1426],[77.0397,12.1427],[77.0393,12.1439],[77.0394,12.1466],[77.0394,12.149],[77.0407,12.1524],[77.0418,12.1527],[77.0426,12.154],[77.0436,12.1567],[77.0436,12.1576],[77.0444,12.1576],[77.0446,12.1577],[77.0449,12.1577],[77.0449,12.1583],[77.0454,12.1589],[77.0456,12.1597],[77.0456,12.1608],[77.0457,12.161],[77.0457,12.1611],[77.0457,12.1612],[77.0457,12.1618],[77.0439,12.1628],[77.0441,12.1654],[77.0513,12.1701],[77.0686,12.1754],[77.0724,12.1798],[77.0761,12.1828],[77.0789,12.1861],[77.0826,12.1889],[77.0924,12.1903],[77.1054,12.1892],[77.1076,12.1875],[77.1107,12.1898],[77.1143,12.1925],[77.1225,12.1943],[77.1249,12.1979],[77.1267,12.2013],[77.1262,12.2037],[77.1315,12.2057],[77.1325,12.2107],[77.1314,12.2177],[77.1331,12.2311],[77.1263,12.243],[77.1222,12.2422],[77.1198,12.2417],[77.1183,12.2414],[77.1156,12.2414],[77.1131,12.2409],[77.1117,12.2405],[77.1095,12.2408],[77.1072,12.2409],[77.1071,12.2409],[77.107,12.2405],[77.107,12.2398],[77.107,12.2391],[77.107,12.2385],[77.1069,12.2375],[77.1068,12.2367],[77.1068,12.2362],[77.1067,12.2357],[77.1067,12.2352],[77.1067,12.2349],[77.1066,12.2342],[77.1065,12.2335],[77.1062,12.2323],[77.1061,12.2313],[77.1059,12.2303],[77.1057,12.2287],[77.1056,12.2272],[77.1055,12.226],[77.1055,12.2248],[77.1055,12.2242],[77.1055,12.2224],[77.1052,12.2206],[77.1051,12.22],[77.105,12.2199],[77.104,12.2199],[77.1021,12.22],[77.0982,12.2201],[77.0967,12.2203],[77.094,12.2195],[77.0922,12.2196],[77.0884,12.2176],[77.0868,12.2194],[77.084,12.2205],[77.0816,12.2212],[77.0799,12.2215],[77.0788,12.2194],[77.0772,12.2194],[77.0775,12.2218],[77.0777,12.2239],[77.0777,12.2252],[77.0778,12.2273],[77.0779,12.2297],[77.078,12.2322],[77.0779,12.233],[77.0779,12.2345],[77.0779,12.2361],[77.0743,12.2364],[77.0725,12.2367],[77.0694,12.2374],[77.0687,12.2346],[77.067,12.2334],[77.0648,12.2327],[77.0606,12.2349],[77.0588,12.2362],[77.0556,12.2381],[77.0534,12.2386],[77.049,12.2372],[77.0432,12.2327],[77.0398,12.2333],[77.0376,12.2338],[77.0364,12.2335],[77.0359,12.2325],[77.0351,12.2326],[77.0342,12.2329],[77.025,12.2372],[77.0003,12.2403],[76.9962,12.2401],[76.9963,12.2418],[76.9962,12.2418],[76.996,12.2419],[76.9957,12.2425],[76.9955,12.244],[76.9945,12.2454],[76.9945,12.2454],[76.9945,12.2463],[76.9942,12.2478],[76.9942,12.249],[76.9943,12.2497],[76.9943,12.2502],[76.9942,12.2507],[76.9942,12.2509],[76.9941,12.2512],[76.9932,12.2523],[76.9923,12.2526],[76.9908,12.2548],[76.9899,12.2563],[76.9894,12.2568],[76.9891,12.2575],[76.9891,12.258],[76.9891,12.2588],[76.9892,12.2604],[76.9893,12.261],[76.9891,12.2612],[76.9887,12.2621],[76.9888,12.2645],[76.9889,12.266],[76.9891,12.2673],[76.9892,12.2685],[76.9893,12.27],[76.9893,12.2734],[76.9892,12.2757],[76.9909,12.2772],[76.9904,12.2788],[76.9901,12.2847],[76.9866,12.2869],[76.9835,12.2865],[76.9817,12.2881],[76.9805,12.2892],[76.9781,12.2896],[76.9776,12.2899],[76.974,12.2904],[76.9713,12.2912],[76.9722,12.2956],[76.973,12.2981],[76.9737,12.3003],[76.9746,12.3025],[76.9758,12.3033],[76.9766,12.3057],[76.9771,12.306],[76.9789,12.3074],[76.9806,12.3075],[76.9807,12.3064],[76.9823,12.3059],[76.9865,12.3021],[76.988,12.3019],[76.9912,12.3019],[76.9934,12.3028],[76.995,12.3069],[76.9957,12.3091],[76.9964,12.3108],[76.9968,12.3135],[76.9936,12.3142],[76.9908,12.3147],[76.9904,12.3175],[76.9885,12.3194],[76.9873,12.3198],[76.9871,12.3281],[76.9857,12.3323],[76.9815,12.3286],[76.9769,12.3288],[76.9777,12.3321],[76.9773,12.3362],[76.9773,12.3397],[76.9773,12.3439],[76.977,12.349],[76.9767,12.3518],[76.9766,12.3546],[76.9717,12.3543],[76.97,12.353],[76.9665,12.3538],[76.9634,12.3543],[76.9593,12.3546],[76.9583,12.354],[76.9575,12.353],[76.9566,12.3511],[76.9566,12.3473],[76.9574,12.3446],[76.9584,12.3415],[76.9594,12.3403],[76.9594,12.3393],[76.9602,12.3383],[76.9605,12.3355],[76.9601,12.3331],[76.9598,12.3304],[76.9577,12.3276],[76.9557,12.3273],[76.9534,12.3279],[76.9528,12.3307],[76.9491,12.3312],[76.9464,12.3306],[76.9439,12.3295],[76.9419,12.3286],[76.9398,12.3271],[76.9365,12.3257],[76.9354,12.3245],[76.9292,12.3226],[76.9225,12.3225],[76.9281,12.3281],[76.9284,12.3301],[76.9286,12.3318],[76.9289,12.3326],[76.9303,12.3352],[76.9309,12.3368],[76.9313,12.3385],[76.9308,12.3387],[76.9295,12.3391],[76.9284,12.3392],[76.9276,12.3425],[76.9263,12.3442],[76.9251,12.3465],[76.9236,12.3498],[76.9235,12.3509],[76.9239,12.3534],[76.9282,12.3531],[76.9311,12.3532],[76.9352,12.3531],[76.9389,12.3531],[76.9387,12.3544],[76.9377,12.3601],[76.9373,12.3639],[76.9372,12.3651],[76.9366,12.3668],[76.9362,12.3695],[76.9372,12.3704],[76.9371,12.3728],[76.9368,12.3743],[76.937,12.3774],[76.9376,12.3812],[76.9378,12.383],[76.9375,12.3839],[76.9369,12.3848],[76.9364,12.3853],[76.9366,12.3866],[76.9366,12.3903],[76.9369,12.3934],[76.9367,12.3964],[76.9372,12.3989],[76.9376,12.4008],[76.9367,12.4015],[76.9367,12.402],[76.9365,12.4026],[76.9358,12.4026],[76.9354,12.4029],[76.9352,12.4033],[76.9351,12.4042],[76.9348,12.4048],[76.9345,12.4057],[76.9339,12.4067],[76.9333,12.407],[76.9323,12.4076],[76.9323,12.4086],[76.9315,12.4094],[76.9312,12.4108],[76.9309,12.4117],[76.9308,12.412],[76.9303,12.4136],[76.9295,12.4156],[76.9292,12.4158],[76.9284,12.4158],[76.928,12.4161],[76.928,12.4165],[76.9277,12.4172],[76.9268,12.418],[76.9261,12.4184],[76.9258,12.4194],[76.9258,12.42],[76.9257,12.4208],[76.9255,12.422],[76.9257,12.422],[76.9264,12.4212],[76.927,12.4212],[76.9278,12.4223],[76.9285,12.423],[76.9287,12.4236],[76.9283,12.4246],[76.9282,12.4256],[76.9281,12.4263],[76.9282,12.4277],[76.9279,12.4282],[76.9274,12.4295],[76.9267,12.4315],[76.9254,12.434],[76.925,12.4347],[76.9248,12.4359],[76.9245,12.437],[76.9238,12.4388],[76.9235,12.4397],[76.9222,12.4415],[76.9209,12.4416],[76.9191,12.4413],[76.9176,12.4404],[76.9164,12.4392],[76.9149,12.4398],[76.9109,12.4396],[76.9093,12.4392],[76.9071,12.4376],[76.9067,12.4365],[76.9045,12.4341],[76.9045,12.4307],[76.904,12.4298],[76.9041,12.429],[76.9039,12.4268],[76.905,12.4238],[76.9064,12.4222],[76.9047,12.4218],[76.903,12.4212],[76.9009,12.4202],[76.9004,12.4181],[76.9001,12.4163],[76.8983,12.4149],[76.8996,12.4114],[76.8999,12.4094],[76.8945,12.409],[76.8877,12.4071],[76.8804,12.4056],[76.8801,12.4039],[76.8805,12.4016],[76.8796,12.4007],[76.8776,12.4001],[76.8757,12.4001],[76.8733,12.3999],[76.8721,12.3996],[76.8684,12.4003],[76.8646,12.4005],[76.8625,12.4021],[76.8613,12.4071],[76.8606,12.4094],[76.8582,12.4088],[76.8565,12.408],[76.8545,12.409],[76.8538,12.4087],[76.8534,12.4069],[76.8512,12.4056],[76.8504,12.4048],[76.8494,12.4038],[76.8486,12.403],[76.847,12.4022],[76.8443,12.4022],[76.8426,12.4021],[76.8396,12.4022],[76.8373,12.402],[76.8347,12.402],[76.8336,12.4021],[76.8324,12.4027],[76.8313,12.4002],[76.832,12.3984],[76.8346,12.3955],[76.8348,12.3929],[76.8343,12.3916],[76.834,12.385],[76.8288,12.3868],[76.8267,12.3871],[76.8234,12.3872],[76.8223,12.3874],[76.815,12.3869],[76.8145,12.3866],[76.8144,12.3836],[76.8142,12.3814],[76.8141,12.3775],[76.8139,12.3759],[76.8138,12.3746],[76.8134,12.374],[76.8125,12.3704],[76.8122,12.3684],[76.8121,12.367],[76.8111,12.3639],[76.806,12.363],[76.8022,12.37],[76.7973,12.364],[76.7979,12.3608],[76.7996,12.3575],[76.7978,12.3563],[76.7959,12.3544],[76.7942,12.354],[76.7929,12.352],[76.7929,12.3507],[76.792,12.3495],[76.7915,12.3491],[76.7911,12.348],[76.791,12.3473],[76.7893,12.347],[76.7865,12.3471],[76.784,12.3475],[76.7821,12.3494],[76.7817,12.352],[76.7794,12.3518],[76.7776,12.3528],[76.7739,12.352],[76.7701,12.3518],[76.7684,12.3513],[76.7662,12.3513],[76.7651,12.3499],[76.7654,12.3464],[76.7634,12.3408],[76.762,12.3385],[76.762,12.3348],[76.7634,12.3324],[76.7638,12.3306],[76.7636,12.328],[76.7642,12.3261],[76.7638,12.3225],[76.7632,12.3187],[76.7627,12.3154],[76.764,12.3123],[76.7624,12.3096],[76.7616,12.3085],[76.7608,12.308],[76.759,12.3069],[76.7581,12.305],[76.7558,12.3044],[76.7538,12.3037],[76.7534,12.3031],[76.7524,12.3019],[76.7508,12.3041],[76.7504,12.3042],[76.7503,12.3052],[76.7484,12.3078],[76.7461,12.3078],[76.7451,12.3096],[76.7438,12.3101],[76.7443,12.3111],[76.7447,12.314],[76.7438,12.3148],[76.7432,12.3164],[76.7432,12.3184],[76.7431,12.319],[76.7369,12.3226],[76.7338,12.3182],[76.7321,12.3157],[76.7312,12.3233],[76.7307,12.3288],[76.7306,12.3328],[76.7304,12.3357],[76.7305,12.337],[76.7297,12.3382],[76.7295,12.3412],[76.7299,12.3429],[76.7274,12.3447],[76.7231,12.3468],[76.7206,12.3504],[76.7189,12.3514],[76.717,12.3522],[76.7175,12.3532],[76.7179,12.3546],[76.7182,12.3567],[76.7159,12.357],[76.7133,12.3572],[76.7124,12.356],[76.7113,12.3553],[76.7094,12.3543],[76.7077,12.3532],[76.7067,12.3525],[76.7042,12.352],[76.7013,12.3513],[76.6992,12.3508],[76.6985,12.351],[76.6974,12.3529],[76.6967,12.3543],[76.6955,12.3558],[76.6939,12.3573],[76.6924,12.3591],[76.6907,12.3605],[76.6886,12.3628],[76.688,12.3632],[76.6882,12.3655],[76.6853,12.3659],[76.6839,12.3658],[76.682,12.368],[76.6806,12.3695],[76.6811,12.3721],[76.6824,12.3743],[76.6839,12.3756],[76.6852,12.3789],[76.6863,12.3826],[76.6857,12.3833],[76.6834,12.3844],[76.6821,12.3864],[76.6816,12.3869],[76.682,12.3879],[76.6825,12.3886],[76.6831,12.3895],[76.6828,12.3913],[76.6808,12.3914],[76.6783,12.3908],[76.6751,12.391],[76.6722,12.3915],[76.6712,12.3913],[76.6708,12.3898],[76.6688,12.3894],[76.6677,12.3885],[76.667,12.387],[76.6647,12.3865],[76.6634,12.3869],[76.6628,12.3877],[76.6617,12.3904],[76.6605,12.3905],[76.6579,12.3946],[76.6567,12.3951],[76.6551,12.3958],[76.6533,12.3953],[76.6521,12.3948],[76.6514,12.3961],[76.6503,12.3965],[76.6495,12.3973],[76.6486,12.3974],[76.6477,12.3972],[76.6466,12.3962],[76.6457,12.3957],[76.6447,12.3954],[76.6424,12.395],[76.6421,12.3931],[76.6419,12.3916],[76.6426,12.3902],[76.6422,12.3893],[76.6415,12.389],[76.6416,12.3876],[76.6413,12.3866],[76.6412,12.3857],[76.6396,12.3848],[76.6386,12.3838],[76.6336,12.3829],[76.6318,12.381],[76.6304,12.3791],[76.6277,12.3755],[76.6251,12.3711],[76.625,12.3691],[76.6182,12.3681],[76.6153,12.3685],[76.6122,12.3686],[76.6106,12.3685],[76.6087,12.3686],[76.6069,12.369],[76.6038,12.3692],[76.6034,12.3688],[76.6022,12.3677],[76.6013,12.3679],[76.5965,12.3675],[76.5938,12.3653],[76.5893,12.3636],[76.5901,12.3686],[76.588,12.3701],[76.5881,12.3715],[76.5872,12.3749],[76.5856,12.3751],[76.5833,12.3743],[76.5814,12.3738],[76.5782,12.3725],[76.5759,12.3725],[76.5713,12.3729],[76.5694,12.3736],[76.5654,12.3784],[76.565,12.3825],[76.5642,12.3828],[76.5616,12.3837],[76.5593,12.3876],[76.559,12.3891],[76.5584,12.3904],[76.5571,12.3906],[76.5568,12.3907],[76.5561,12.3909],[76.5545,12.3916],[76.5554,12.3927],[76.5558,12.3948],[76.5563,12.3971],[76.5565,12.3979],[76.5569,12.3995],[76.5572,12.4001],[76.5574,12.4008],[76.5606,12.4004],[76.5659,12.4012],[76.5665,12.407],[76.5673,12.4101],[76.5675,12.4182],[76.5685,12.4242],[76.5652,12.4259],[76.5557,12.4331],[76.5493,12.4392],[76.5421,12.4409],[76.5343,12.4416],[76.5264,12.4452],[76.5217,12.4489],[76.5113,12.4535],[76.5031,12.4516],[76.4941,12.462],[76.4829,12.471],[76.4665,12.4757],[76.4573,12.4815],[76.4549,12.4847],[76.453,12.4861],[76.4511,12.4873],[76.4509,12.4897],[76.4502,12.504],[76.4439,12.5085],[76.4367,12.5226],[76.432,12.5244],[76.4284,12.5273],[76.4255,12.5301],[76.4222,12.5318],[76.4221,12.5338],[76.4225,12.5356],[76.4235,12.5376],[76.4256,12.5384],[76.4263,12.5405],[76.427,12.5424],[76.426,12.543],[76.4245,12.5435],[76.4217,12.5446],[76.4204,12.5447],[76.4168,12.5463],[76.4163,12.5469],[76.4153,12.547],[76.4148,12.549],[76.4132,12.5521],[76.4121,12.5544],[76.4111,12.557],[76.4093,12.5565],[76.4071,12.5554],[76.4057,12.5543],[76.4039,12.5531],[76.402,12.5526],[76.3992,12.5517],[76.396,12.5506],[76.3957,12.5506],[76.3931,12.5517],[76.3889,12.5528],[76.3878,12.5556],[76.3872,12.5588],[76.3907,12.5646],[76.395,12.5678],[76.3957,12.5703],[76.3943,12.5727],[76.3921,12.573],[76.3882,12.5736],[76.3843,12.5742],[76.3773,12.576],[76.3765,12.5799],[76.3727,12.5939],[76.3715,12.5989],[76.3706,12.6008],[76.3698,12.6024],[76.3693,12.6038],[76.3676,12.6064],[76.3634,12.6103],[76.3644,12.6146],[76.3644,12.6185],[76.3635,12.6219],[76.3641,12.6267],[76.3588,12.6337],[76.3535,12.6392],[76.3516,12.6448],[76.3512,12.6508],[76.3446,12.6539],[76.3406,12.6537],[76.3386,12.6475],[76.3363,12.6447],[76.3343,12.6441],[76.3327,12.6436],[76.3323,12.6427],[76.3321,12.6421],[76.331,12.6419],[76.3306,12.6415],[76.3302,12.6408],[76.3298,12.6406],[76.3292,12.6402],[76.3289,12.6398],[76.3287,12.6394],[76.3285,12.6391],[76.3283,12.6386],[76.3281,12.6378],[76.3275,12.6374],[76.3265,12.6371],[76.3254,12.6363],[76.3241,12.6352],[76.3227,12.6342],[76.3238,12.6327],[76.329,12.6266],[76.3285,12.6255],[76.3284,12.622],[76.3287,12.6198],[76.3288,12.6167],[76.3287,12.6154],[76.328,12.6141],[76.3278,12.6126],[76.3274,12.6111],[76.3264,12.6099],[76.3248,12.6105],[76.3229,12.6113],[76.3197,12.6117],[76.3184,12.6109],[76.313,12.6106],[76.3078,12.61],[76.3063,12.6094],[76.3061,12.6113],[76.3066,12.613],[76.3074,12.6149],[76.308,12.6162],[76.3087,12.6173],[76.3092,12.6201],[76.3091,12.6217],[76.3083,12.6231],[76.3063,12.6244],[76.3048,12.6254],[76.3039,12.6223],[76.3036,12.6218]]],[[[76.9842,12.2594],[76.9828,12.2579],[76.9814,12.2562],[76.9784,12.2559],[76.9762,12.255],[76.9748,12.2539],[76.9718,12.2546],[76.9709,12.2572],[76.9709,12.2579],[76.9704,12.2591],[76.9689,12.2624],[76.9688,12.2728],[76.969,12.2775],[76.9721,12.2769],[76.9742,12.2765],[76.9771,12.2757],[76.9806,12.2731],[76.9817,12.2712],[76.9824,12.27],[76.9832,12.2682],[76.9836,12.2671],[76.9837,12.2663],[76.9846,12.266],[76.9855,12.2647],[76.9855,12.2646],[76.9858,12.2643],[76.9857,12.2635],[76.9856,12.2627],[76.9851,12.2626],[76.9847,12.2614],[76.9842,12.2606],[76.9842,12.2596],[76.9842,12.2594]]],[[[76.9069,12.3561],[76.9043,12.3569],[76.9013,12.3573],[76.8982,12.3568],[76.8981,12.3588],[76.8986,12.3613],[76.8986,12.3628],[76.8986,12.3643],[76.8987,12.3673],[76.8986,12.3701],[76.8993,12.3722],[76.899,12.3738],[76.9,12.3743],[76.9016,12.3752],[76.9049,12.3758],[76.9072,12.3761],[76.9085,12.377],[76.9088,12.3791],[76.9095,12.3805],[76.9105,12.3814],[76.9107,12.384],[76.9157,12.3828],[76.9204,12.3822],[76.9227,12.3825],[76.9224,12.3803],[76.9226,12.3775],[76.9228,12.3767],[76.9223,12.3743],[76.9206,12.3727],[76.918,12.3686],[76.9179,12.3683],[76.918,12.3652],[76.919,12.3636],[76.9197,12.3621],[76.92,12.3601],[76.918,12.3594],[76.9155,12.3588],[76.9133,12.3585],[76.9111,12.3571],[76.9073,12.3562],[76.9069,12.3561]]]]}},{"type":"Feature","properties":{"name":"Chamarajanagara","district_name":"Chamarajanagara"},"geometry":{"type":"Polygon","coordinates":[[[77.4618,11.8991],[77.4654,11.9005],[77.4744,11.8953],[77.4785,11.8921],[77.4857,11.8879],[77.4835,11.901],[77.4885,11.9116],[77.493,11.9301],[77.4967,11.9437],[77.5048,11.9414],[77.5185,11.9383],[77.5337,11.934],[77.5419,11.938],[77.5583,11.9418],[77.5755,11.9367],[77.5901,11.9402],[77.6051,11.9397],[77.6187,11.9449],[77.628,11.9468],[77.6456,11.9502],[77.6558,11.954],[77.6687,11.9494],[77.6753,11.9527],[77.6756,11.9682],[77.6902,12.0015],[77.7012,12.0226],[77.7079,12.0369],[77.7118,12.0401],[77.7166,12.0464],[77.7279,12.0627],[77.7529,12.0772],[77.7652,12.102],[77.7752,12.1102],[77.7684,12.1244],[77.7477,12.1412],[77.7466,12.1475],[77.7441,12.1612],[77.7348,12.1737],[77.7293,12.181],[77.7169,12.183],[77.7025,12.1841],[77.6919,12.1879],[77.6843,12.1905],[77.6738,12.1943],[77.6652,12.1984],[77.6511,12.1989],[77.6388,12.1968],[77.6306,12.202],[77.6223,12.2003],[77.6143,12.2046],[77.6049,12.2055],[77.5964,12.1991],[77.584,12.1986],[77.5763,12.2004],[77.569,12.1996],[77.5631,12.197],[77.5532,12.2016],[77.5457,12.2048],[77.5359,12.1986],[77.5282,12.1991],[77.5196,12.195],[77.5126,12.1954],[77.4989,12.1971],[77.4901,12.2003],[77.4849,12.2041],[77.474,12.2067],[77.4803,12.2252],[77.4801,12.2373],[77.4661,12.2428],[77.4517,12.2482],[77.4414,12.2663],[77.4309,12.2855],[77.3979,12.2761],[77.3261,12.3027],[77.2794,12.3072],[77.2454,12.307],[77.2401,12.3084],[77.236,12.3079],[77.2229,12.3026],[77.2105,12.3066],[77.2013,12.3072],[77.191,12.3059],[77.178,12.3072],[77.1729,12.3092],[77.1668,12.3102],[77.1664,12.3081],[77.1698,12.2996],[77.1687,12.2948],[77.1695,12.2904],[77.1694,12.2889],[77.1689,12.2848],[77.1666,12.274],[77.1688,12.2594],[77.1618,12.2552],[77.1438,12.2473],[77.1327,12.2474],[77.1272,12.2359],[77.1316,12.2194],[77.1324,12.2115],[77.1318,12.2066],[77.1273,12.204],[77.1271,12.202],[77.1252,12.1986],[77.1227,12.1944],[77.1159,12.193],[77.1114,12.1904],[77.1082,12.1877],[77.106,12.1893],[77.094,12.1903],[77.0837,12.1895],[77.0792,12.1865],[77.0766,12.1832],[77.0728,12.1804],[77.0704,12.1773],[77.0562,12.1702],[77.0442,12.1661],[77.0439,12.1635],[77.0456,12.1618],[77.0457,12.1612],[77.0457,12.1611],[77.0457,12.161],[77.0457,12.1608],[77.0456,12.1605],[77.0454,12.1589],[77.0449,12.1584],[77.0448,12.1579],[77.0446,12.1577],[77.0444,12.1576],[77.0437,12.1576],[77.0436,12.1568],[77.0428,12.1549],[77.0418,12.1527],[77.0408,12.1525],[77.0397,12.1501],[77.0394,12.1469],[77.0394,12.1439],[77.0397,12.1428],[77.0397,12.1426],[77.0397,12.1425],[77.0397,12.1424],[77.0397,12.1423],[77.0397,12.1423],[77.0398,12.1419],[77.0398,12.1417],[77.0398,12.1416],[77.0399,12.1415],[77.0399,12.1415],[77.0399,12.1415],[77.0399,12.1415],[77.0399,12.1413],[77.04,12.1408],[77.0402,12.1395],[77.0413,12.1392],[77.0421,12.1394],[77.0436,12.1419],[77.0446,12.1395],[77.0457,12.1367],[77.0459,12.1357],[77.0453,12.1356],[77.0442,12.1348],[77.0441,12.1337],[77.0432,12.1328],[77.043,12.1318],[77.0419,12.1304],[77.0417,12.1291],[77.0407,12.1285],[77.0395,12.1289],[77.0391,12.1292],[77.0387,12.1295],[77.0387,12.1302],[77.0386,12.1314],[77.0388,12.1315],[77.0388,12.1316],[77.0388,12.1318],[77.0388,12.1324],[77.0388,12.133],[77.0388,12.1336],[77.0386,12.1363],[77.0379,12.1362],[77.0376,12.1375],[77.0372,12.138],[77.0367,12.1387],[77.0356,12.1388],[77.0352,12.1388],[77.0344,12.1388],[77.0329,12.1385],[77.0317,12.1382],[77.0302,12.1376],[77.0285,12.1377],[77.0242,12.1373],[77.0225,12.1351],[77.0212,12.1349],[77.0193,12.135],[77.018,12.1345],[77.0171,12.134],[77.0158,12.1336],[77.0151,12.135],[77.015,12.135],[77.0151,12.1351],[77.0151,12.1351],[77.0152,12.1351],[77.0153,12.1354],[77.0155,12.136],[77.0152,12.1365],[77.0147,12.1367],[77.0146,12.1368],[77.0145,12.1369],[77.0144,12.1369],[77.0143,12.137],[77.0139,12.1369],[77.0128,12.1371],[77.0123,12.1374],[77.0128,12.1385],[77.013,12.1395],[77.0126,12.1407],[77.0128,12.1415],[77.0128,12.1417],[77.0128,12.1418],[77.0128,12.142],[77.0128,12.1423],[77.0129,12.1427],[77.0129,12.143],[77.013,12.1435],[77.0119,12.1444],[77.0121,12.1448],[77.0134,12.1451],[77.0134,12.1459],[77.0133,12.1463],[77.0132,12.1468],[77.0132,12.1472],[77.0131,12.1474],[77.0132,12.1487],[77.0132,12.1493],[77.0131,12.1495],[77.0133,12.1511],[77.0128,12.1514],[77.0122,12.1517],[77.0117,12.1517],[77.0116,12.1525],[77.0113,12.1539],[77.0114,12.1548],[77.0121,12.1554],[77.0132,12.1562],[77.014,12.1594],[77.0141,12.1612],[77.0141,12.1623],[77.012,12.1623],[77.0108,12.1619],[77.0087,12.162],[77.0074,12.1614],[77.0054,12.1604],[77.0038,12.1602],[77.0027,12.1617],[77.0028,12.164],[77.0015,12.1659],[77.001,12.1661],[76.9996,12.1662],[76.9989,12.1665],[76.9975,12.1666],[76.9973,12.1685],[76.9975,12.1702],[76.9977,12.1712],[76.998,12.1718],[76.9981,12.1725],[76.9982,12.1727],[76.9983,12.1742],[76.9985,12.1757],[76.9986,12.1771],[76.9971,12.1771],[76.9969,12.1771],[76.996,12.177],[76.9945,12.1768],[76.9938,12.1767],[76.9931,12.1765],[76.9925,12.1763],[76.9917,12.1756],[76.9909,12.1746],[76.9903,12.1731],[76.9901,12.1713],[76.9909,12.1702],[76.9916,12.1694],[76.9913,12.1685],[76.9907,12.1683],[76.9904,12.167],[76.9909,12.1667],[76.9909,12.1655],[76.9908,12.1644],[76.9908,12.1639],[76.9908,12.1633],[76.9908,12.1628],[76.9902,12.1624],[76.9892,12.1621],[76.9881,12.161],[76.9881,12.1585],[76.9889,12.1566],[76.9893,12.155],[76.9894,12.1544],[76.9893,12.1531],[76.9891,12.152],[76.9889,12.1508],[76.9891,12.1496],[76.9889,12.1483],[76.9891,12.1468],[76.9892,12.1457],[76.9891,12.1451],[76.9891,12.1438],[76.9891,12.1433],[76.989,12.1429],[76.9889,12.1416],[76.9873,12.1411],[76.9866,12.139],[76.9857,12.1383],[76.9838,12.1384],[76.9823,12.1378],[76.9808,12.1365],[76.9796,12.1355],[76.9795,12.135],[76.978,12.1342],[76.9764,12.1341],[76.976,12.1317],[76.976,12.1294],[76.9764,12.1282],[76.9762,12.1261],[76.9762,12.125],[76.9762,12.1232],[76.9725,12.1231],[76.9691,12.1224],[76.9687,12.1194],[76.9707,12.1161],[76.9706,12.115],[76.969,12.1118],[76.9676,12.1106],[76.9648,12.109],[76.9619,12.107],[76.9592,12.1052],[76.9572,12.104],[76.9559,12.1034],[76.954,12.1021],[76.9527,12.1004],[76.9507,12.0995],[76.9493,12.0993],[76.9489,12.0985],[76.9476,12.0985],[76.9447,12.0995],[76.9432,12.0998],[76.9405,12.1001],[76.9378,12.1015],[76.9358,12.1033],[76.9349,12.1049],[76.9342,12.1049],[76.9336,12.1066],[76.9328,12.1073],[76.9308,12.1072],[76.9303,12.1095],[76.9286,12.1096],[76.9274,12.1093],[76.9262,12.1098],[76.9259,12.1119],[76.9241,12.1128],[76.9243,12.1136],[76.9233,12.1148],[76.9196,12.115],[76.9069,12.1135],[76.903,12.1189],[76.9011,12.1233],[76.8986,12.1234],[76.8968,12.1217],[76.8904,12.1218],[76.8904,12.1249],[76.891,12.1264],[76.8906,12.1296],[76.8875,12.1306],[76.8839,12.13],[76.8835,12.1299],[76.8821,12.1297],[76.8759,12.1375],[76.8718,12.1408],[76.8711,12.1428],[76.8708,12.1473],[76.8699,12.1481],[76.871,12.151],[76.8707,12.1525],[76.8703,12.1531],[76.8696,12.1548],[76.8698,12.1551],[76.8691,12.1575],[76.8685,12.1592],[76.8677,12.1617],[76.8694,12.162],[76.8695,12.164],[76.8694,12.1674],[76.8699,12.1698],[76.8685,12.1741],[76.8655,12.1744],[76.8645,12.1767],[76.8632,12.1787],[76.8626,12.1788],[76.8603,12.1799],[76.8579,12.1802],[76.856,12.181],[76.853,12.1799],[76.8523,12.1766],[76.8533,12.1708],[76.852,12.1701],[76.8502,12.1694],[76.8495,12.1691],[76.8479,12.1686],[76.8461,12.1691],[76.8458,12.1672],[76.8464,12.1647],[76.8483,12.1637],[76.8509,12.1629],[76.8508,12.1612],[76.8523,12.1604],[76.8521,12.159],[76.8503,12.1586],[76.8479,12.1583],[76.8452,12.1566],[76.8433,12.1561],[76.841,12.1558],[76.8413,12.1524],[76.8414,12.1496],[76.8414,12.1479],[76.8413,12.1467],[76.8389,12.1448],[76.838,12.1426],[76.8366,12.1402],[76.8354,12.1394],[76.8336,12.1371],[76.8314,12.1327],[76.833,12.1298],[76.8336,12.1287],[76.8346,12.1272],[76.8363,12.1255],[76.837,12.1249],[76.8382,12.1241],[76.8383,12.1234],[76.8392,12.1233],[76.84,12.1231],[76.8417,12.1221],[76.8436,12.1209],[76.8454,12.1192],[76.8453,12.1142],[76.846,12.1143],[76.8475,12.1163],[76.8486,12.1178],[76.8501,12.1171],[76.8521,12.117],[76.8532,12.1166],[76.8554,12.1164],[76.8606,12.1161],[76.8647,12.1169],[76.8665,12.1174],[76.8688,12.1176],[76.8721,12.1163],[76.8758,12.1154],[76.8772,12.1134],[76.877,12.1091],[76.8776,12.1049],[76.8797,12.1042],[76.8794,12.1015],[76.8791,12.0995],[76.8805,12.0984],[76.8815,12.0928],[76.8822,12.0892],[76.8833,12.0846],[76.8819,12.0815],[76.8769,12.0777],[76.8723,12.0708],[76.8663,12.0633],[76.8544,12.0627],[76.8535,12.0603],[76.8597,12.0603],[76.8633,12.0605],[76.8663,12.0603],[76.8684,12.0597],[76.8699,12.0578],[76.8741,12.0569],[76.8823,12.0582],[76.8864,12.0576],[76.8875,12.0587],[76.8895,12.0587],[76.8907,12.0575],[76.8893,12.0549],[76.8892,12.0536],[76.8889,12.0514],[76.8901,12.0512],[76.89,12.0497],[76.893,12.0493],[76.8939,12.0483],[76.8969,12.0479],[76.8992,12.0455],[76.8992,12.0435],[76.9005,12.0438],[76.9017,12.0438],[76.903,12.0446],[76.904,12.0433],[76.9056,12.0424],[76.9077,12.0422],[76.9095,12.0417],[76.9102,12.0398],[76.9104,12.039],[76.911,12.0364],[76.9128,12.0355],[76.9134,12.0339],[76.9141,12.0296],[76.9148,12.0279],[76.9164,12.0261],[76.9188,12.0269],[76.9218,12.0265],[76.9239,12.0264],[76.9261,12.0262],[76.9315,12.0266],[76.932,12.027],[76.9345,12.0271],[76.937,12.0269],[76.9387,12.0266],[76.9389,12.0253],[76.939,12.0237],[76.938,12.0204],[76.9381,12.0199],[76.9381,12.0184],[76.9375,12.0162],[76.9364,12.0141],[76.9358,12.0133],[76.9289,12.0128],[76.9257,12.013],[76.9241,12.0122],[76.9234,12.0123],[76.9225,12.0125],[76.9192,12.0083],[76.9159,12.0058],[76.9142,12.0049],[76.912,12.0036],[76.9104,12.003],[76.9082,12.0015],[76.9075,12.0001],[76.9063,11.9995],[76.9056,11.9988],[76.9042,11.9985],[76.9022,11.9985],[76.9004,11.9984],[76.8944,11.9987],[76.8873,11.9995],[76.8845,12.0046],[76.8838,12.0068],[76.8842,12.0107],[76.8834,12.0139],[76.8832,12.0154],[76.8821,12.0149],[76.8803,12.0127],[76.8795,12.0115],[76.8778,12.0104],[76.8766,12.0093],[76.8756,12.0083],[76.8738,12.0083],[76.8731,12.0067],[76.8695,12.0055],[76.8659,12.0056],[76.8622,12.0069],[76.8588,12.0073],[76.8581,12.0049],[76.8581,12.0034],[76.8564,12.0013],[76.8554,11.9995],[76.8539,11.9993],[76.8521,11.9993],[76.8494,11.9994],[76.8477,11.999],[76.8458,11.9989],[76.8433,11.9993],[76.8414,11.9993],[76.838,11.9996],[76.8371,12.0005],[76.8374,12.0034],[76.8338,12.0041],[76.8336,12.0046],[76.8332,12.0057],[76.8308,12.006],[76.8285,12.0074],[76.8268,12.0086],[76.8243,12.0095],[76.8229,12.0097],[76.8215,12.0104],[76.8215,12.0125],[76.8214,12.014],[76.8218,12.015],[76.8221,12.0161],[76.8226,12.0172],[76.8226,12.0173],[76.8226,12.0176],[76.8213,12.0191],[76.8211,12.0213],[76.8207,12.0235],[76.8205,12.0281],[76.8191,12.0281],[76.8168,12.0277],[76.8138,12.0275],[76.8114,12.0271],[76.8111,12.0228],[76.81,12.0216],[76.8078,12.0208],[76.8054,12.0203],[76.8059,12.0185],[76.8032,12.0178],[76.8007,12.0176],[76.7989,12.0164],[76.7972,12.0152],[76.7942,12.0138],[76.7925,12.0107],[76.792,12.0072],[76.7918,12.0056],[76.7928,12.005],[76.7937,12.0046],[76.7955,12.0038],[76.7948,12.0035],[76.7956,12.0002],[76.7962,11.9979],[76.7966,11.9961],[76.7966,11.9938],[76.7965,11.9917],[76.7954,11.9892],[76.7929,11.9885],[76.7926,11.9871],[76.7915,11.9864],[76.7893,11.986],[76.7874,11.9855],[76.7859,11.9859],[76.7844,11.9857],[76.7831,11.9864],[76.7796,11.9884],[76.777,11.989],[76.7707,11.9912],[76.7677,11.9925],[76.7666,11.9953],[76.7649,11.9977],[76.7639,11.9991],[76.7607,11.9992],[76.7578,11.9994],[76.7566,11.9993],[76.7546,11.9993],[76.7521,11.9995],[76.7505,11.9997],[76.7493,12.0007],[76.7459,12.002],[76.7455,12.0038],[76.7459,12.0062],[76.7463,12.0082],[76.7444,12.0084],[76.7427,12.0085],[76.7413,12.0093],[76.7407,12.0082],[76.7395,12.0054],[76.7361,12.0054],[76.7362,12.004],[76.7352,12.0029],[76.733,12.0009],[76.7325,11.9984],[76.732,11.9945],[76.7312,11.9932],[76.7306,11.9921],[76.73,11.9908],[76.7276,11.9896],[76.7249,11.9885],[76.7212,11.9879],[76.7183,11.9881],[76.7166,11.9871],[76.716,11.9841],[76.7119,11.9843],[76.7085,11.985],[76.7055,11.9853],[76.7032,11.9861],[76.7036,11.9888],[76.7041,11.991],[76.7035,11.9913],[76.702,11.9931],[76.7012,11.9947],[76.7005,11.9966],[76.6982,11.9982],[76.6967,11.9992],[76.6948,12.0006],[76.6921,12.0007],[76.6841,12.0006],[76.6729,12.0019],[76.6727,12.0026],[76.6716,12.006],[76.6691,12.0064],[76.6656,12.0065],[76.6604,12.0076],[76.6548,12.0075],[76.6525,12.0073],[76.649,12.0043],[76.6482,12.0002],[76.646,11.9911],[76.6428,11.985],[76.6414,11.9818],[76.6398,11.9823],[76.6357,11.9818],[76.6318,11.9841],[76.6253,11.9872],[76.6139,11.9907],[76.6067,11.9917],[76.5933,11.9862],[76.5894,11.9866],[76.5871,11.9857],[76.5853,11.9857],[76.5812,11.9871],[76.576,11.9728],[76.5711,11.9628],[76.5586,11.9467],[76.5613,11.944],[76.5715,11.9389],[76.5717,11.9366],[76.5711,11.9314],[76.5706,11.9281],[76.575,11.924],[76.5687,11.9001],[76.5641,11.8931],[76.5552,11.867],[76.5432,11.8662],[76.5326,11.8739],[76.5192,11.8694],[76.5015,11.8636],[76.4891,11.8634],[76.4838,11.8504],[76.485,11.8285],[76.475,11.8216],[76.4569,11.8046],[76.4518,11.7996],[76.4348,11.8026],[76.4209,11.8078],[76.4122,11.8162],[76.4093,11.8148],[76.4195,11.805],[76.4257,11.8041],[76.4265,11.7935],[76.4218,11.7929],[76.4125,11.7865],[76.4157,11.7778],[76.4222,11.7735],[76.4167,11.7678],[76.4135,11.7602],[76.4154,11.756],[76.4128,11.7532],[76.4128,11.746],[76.4109,11.7423],[76.415,11.7405],[76.418,11.7408],[76.4212,11.7375],[76.4231,11.7327],[76.4241,11.7276],[76.4231,11.7239],[76.4197,11.7204],[76.4161,11.7173],[76.4152,11.7133],[76.4132,11.715],[76.4086,11.7155],[76.406,11.7117],[76.4027,11.7109],[76.4026,11.707],[76.407,11.7049],[76.4084,11.7045],[76.4094,11.6984],[76.4114,11.6957],[76.4102,11.6934],[76.4099,11.6909],[76.4107,11.6874],[76.4124,11.6851],[76.413,11.6807],[76.4143,11.6766],[76.4142,11.6746],[76.4167,11.6714],[76.4204,11.6711],[76.4271,11.6702],[76.4289,11.6679],[76.4324,11.6662],[76.4349,11.6641],[76.4404,11.6638],[76.4452,11.6603],[76.4494,11.66],[76.4557,11.6585],[76.4568,11.6629],[76.4603,11.6675],[76.4701,11.6765],[76.4767,11.6797],[76.4807,11.687],[76.4862,11.6876],[76.4914,11.6889],[76.4957,11.6915],[76.5006,11.6937],[76.5147,11.6975],[76.5506,11.6737],[76.5511,11.6688],[76.5503,11.6636],[76.5525,11.659],[76.554,11.6564],[76.5549,11.6522],[76.5537,11.6491],[76.5543,11.646],[76.5564,11.6433],[76.5581,11.6398],[76.5587,11.6381],[76.5594,11.635],[76.5612,11.6325],[76.5619,11.6294],[76.5598,11.6249],[76.563,11.6234],[76.567,11.6203],[76.569,11.6189],[76.5711,11.619],[76.5754,11.6173],[76.5776,11.6149],[76.5807,11.6148],[76.5844,11.6145],[76.5913,11.6182],[76.5973,11.6122],[76.6041,11.6096],[76.6226,11.6093],[76.6368,11.6135],[76.6458,11.613],[76.6538,11.614],[76.6625,11.6149],[76.6702,11.6154],[76.6773,11.6148],[76.6883,11.6147],[76.6967,11.6146],[76.7008,11.6151],[76.7045,11.614],[76.708,11.6148],[76.716,11.6146],[76.7209,11.6142],[76.7283,11.6153],[76.7447,11.6142],[76.7568,11.6178],[76.763,11.6149],[76.7724,11.6142],[76.7879,11.6123],[76.7983,11.6084],[76.8113,11.6081],[76.8232,11.6082],[76.8395,11.5971],[76.8493,11.5961],[76.8563,11.602],[76.8566,11.6094],[76.8562,11.6157],[76.8495,11.6181],[76.8517,11.6219],[76.8495,11.6248],[76.8427,11.6274],[76.8452,11.6332],[76.8425,11.6339],[76.8358,11.6379],[76.8374,11.6432],[76.8341,11.6505],[76.8364,11.6559],[76.8397,11.6606],[76.8432,11.6676],[76.844,11.677],[76.8502,11.6902],[76.8597,11.7032],[76.8756,11.7227],[76.8886,11.744],[76.8973,11.7695],[76.8994,11.7851],[76.9073,11.7957],[76.9145,11.7932],[76.9332,11.7906],[76.9407,11.7883],[76.9457,11.7882],[76.9497,11.7905],[76.9568,11.7899],[76.9693,11.7784],[76.9729,11.7825],[76.9752,11.7882],[76.9803,11.798],[76.9837,11.8043],[76.9835,11.8115],[77.0082,11.8145],[77.0167,11.8117],[77.0337,11.7985],[77.0351,11.7943],[77.0358,11.7831],[77.0296,11.7758],[77.0332,11.7715],[77.0362,11.7731],[77.0389,11.7788],[77.0446,11.7837],[77.0547,11.7882],[77.0697,11.7809],[77.0642,11.7788],[77.0562,11.7711],[77.0811,11.7407],[77.1115,11.7247],[77.1097,11.7511],[77.1124,11.7686],[77.1193,11.7799],[77.1241,11.7835],[77.1418,11.7889],[77.1825,11.793],[77.2128,11.7954],[77.2376,11.7946],[77.2504,11.8129],[77.2602,11.8107],[77.2734,11.805],[77.2905,11.8033],[77.2985,11.8052],[77.3317,11.7733],[77.3601,11.7802],[77.3687,11.7898],[77.381,11.7879],[77.3954,11.7866],[77.4149,11.7753],[77.4226,11.7624],[77.4291,11.7637],[77.4357,11.7797],[77.442,11.7887],[77.451,11.7972],[77.453,11.8174],[77.4639,11.8432],[77.4624,11.8566],[77.4657,11.8749],[77.4628,11.8839],[77.4625,11.8877],[77.4638,11.8927],[77.4618,11.8991]]]}},{"type":"Feature","properties":{"name":"Chikkaballapura","district_name":"Chikkaballapura"},"geometry":{"type":"Polygon","coordinates":[[[78.194,13.5641],[78.1907,13.5837],[78.2026,13.6046],[78.2035,13.6066],[78.2035,13.6179],[78.1912,13.6293],[78.168,13.6383],[78.1677,13.645],[78.1683,13.6544],[78.1659,13.6559],[78.1557,13.658],[78.1448,13.6578],[78.1429,13.6582],[78.1423,13.6584],[78.1419,13.6587],[78.136,13.6594],[78.1306,13.6592],[78.1204,13.6565],[78.1079,13.6536],[78.1018,13.6502],[78.0986,13.643],[78.0931,13.644],[78.0872,13.6507],[78.0895,13.6595],[78.0768,13.6724],[78.0664,13.6764],[78.071,13.6825],[78.0699,13.6906],[78.0733,13.6986],[78.087,13.6921],[78.0953,13.6913],[78.1022,13.6921],[78.1131,13.693],[78.1149,13.704],[78.1193,13.7176],[78.1154,13.723],[78.1098,13.7277],[78.0973,13.7386],[78.096,13.7504],[78.1067,13.7619],[78.1167,13.7681],[78.1198,13.7765],[78.1229,13.7992],[78.1161,13.8061],[78.1226,13.825],[78.1143,13.8632],[78.1045,13.8623],[78.0937,13.8646],[78.0823,13.8618],[78.0797,13.877],[78.0764,13.8828],[78.0713,13.8852],[78.0635,13.8874],[78.0561,13.894],[78.0507,13.8864],[78.0509,13.8763],[78.0483,13.8688],[78.0462,13.8634],[78.0438,13.8611],[78.0398,13.8606],[78.0382,13.8618],[78.0346,13.8631],[78.0275,13.8642],[78.0165,13.8658],[78.0092,13.8717],[77.9988,13.8691],[77.9921,13.8651],[77.9898,13.8623],[77.9889,13.8537],[77.9806,13.8415],[77.9793,13.8396],[77.9757,13.8307],[77.9522,13.8272],[77.9517,13.8285],[77.9559,13.8338],[77.9559,13.8359],[77.9541,13.8395],[77.9536,13.8461],[77.9534,13.8549],[77.9509,13.8643],[77.9495,13.8728],[77.9549,13.8906],[77.9747,13.8939],[77.9832,13.9047],[77.9847,13.9083],[77.982,13.935],[77.9869,13.9559],[77.9762,13.9585],[77.9635,13.9555],[77.9601,13.939],[77.9402,13.9238],[77.9222,13.9062],[77.9117,13.9097],[77.8961,13.9209],[77.8978,13.9373],[77.894,13.9438],[77.882,13.9405],[77.8707,13.9375],[77.859,13.9373],[77.8351,13.9373],[77.8295,13.9422],[77.8243,13.9433],[77.8224,13.9403],[77.8186,13.936],[77.8152,13.9326],[77.8135,13.9239],[77.8174,13.9082],[77.8287,13.899],[77.8319,13.8919],[77.8341,13.8855],[77.8279,13.8766],[77.8323,13.8668],[77.8196,13.8627],[77.8155,13.8529],[77.8123,13.8475],[77.7917,13.8483],[77.7823,13.8406],[77.7849,13.8332],[77.7883,13.8301],[77.7888,13.8216],[77.7881,13.8211],[77.7877,13.8208],[77.78,13.8177],[77.7704,13.8167],[77.7529,13.8116],[77.7486,13.81],[77.7464,13.8096],[77.742,13.8148],[77.7443,13.8106],[77.7301,13.8034],[77.7257,13.8011],[77.7249,13.8008],[77.7243,13.8008],[77.7204,13.7988],[77.7207,13.7981],[77.7211,13.7883],[77.719,13.7865],[77.7201,13.7721],[77.7194,13.7609],[77.7194,13.7533],[77.7059,13.7542],[77.6862,13.7664],[77.6817,13.764],[77.6744,13.7607],[77.6746,13.7628],[77.6784,13.7685],[77.679,13.7724],[77.6798,13.7854],[77.6797,13.7868],[77.6783,13.7867],[77.6761,13.786],[77.6748,13.7857],[77.6686,13.7839],[77.6612,13.7851],[77.6603,13.7849],[77.6493,13.7816],[77.648,13.7801],[77.64,13.7761],[77.6337,13.7739],[77.6265,13.7709],[77.619,13.7653],[77.6185,13.755],[77.6264,13.7533],[77.6303,13.754],[77.6377,13.7492],[77.6395,13.7411],[77.6336,13.7396],[77.629,13.7356],[77.6254,13.7354],[77.619,13.7435],[77.6108,13.7518],[77.6005,13.7503],[77.5916,13.7411],[77.5874,13.7348],[77.5835,13.7341],[77.5759,13.7385],[77.5697,13.7352],[77.5608,13.7227],[77.5579,13.7261],[77.5561,13.7301],[77.5534,13.7361],[77.5493,13.7479],[77.5437,13.7553],[77.5338,13.7547],[77.526,13.7536],[77.5244,13.7435],[77.5323,13.7355],[77.5362,13.7298],[77.5353,13.725],[77.5347,13.7126],[77.5334,13.7055],[77.5296,13.6973],[77.5286,13.6931],[77.5234,13.6912],[77.5214,13.6905],[77.5145,13.7129],[77.5032,13.7145],[77.4884,13.7149],[77.4846,13.7122],[77.4864,13.7102],[77.4871,13.7052],[77.4887,13.6983],[77.49,13.6898],[77.4884,13.6889],[77.4879,13.6869],[77.4866,13.687],[77.483,13.6865],[77.4769,13.6866],[77.4622,13.6844],[77.4544,13.6823],[77.4533,13.6822],[77.449,13.6828],[77.442,13.6834],[77.4371,13.6839],[77.436,13.6799],[77.4353,13.6758],[77.4354,13.6733],[77.4313,13.674],[77.4272,13.6748],[77.4189,13.6755],[77.4069,13.6761],[77.3972,13.6745],[77.3955,13.6679],[77.3812,13.6567],[77.3766,13.6434],[77.3739,13.6421],[77.3703,13.642],[77.3669,13.6362],[77.3667,13.6301],[77.3622,13.6248],[77.3604,13.6136],[77.3624,13.6057],[77.3642,13.5975],[77.3637,13.5902],[77.3673,13.5891],[77.3712,13.5885],[77.3761,13.5864],[77.3794,13.5781],[77.3826,13.5754],[77.3831,13.5734],[77.3832,13.5692],[77.3834,13.5649],[77.3835,13.558],[77.3842,13.5525],[77.384,13.5505],[77.3805,13.5493],[77.3804,13.5449],[77.3817,13.5429],[77.3828,13.5374],[77.3915,13.5276],[77.3909,13.5221],[77.3881,13.5186],[77.383,13.5159],[77.3819,13.514],[77.3829,13.5064],[77.3827,13.5031],[77.3847,13.499],[77.3899,13.4974],[77.3955,13.4947],[77.3987,13.4932],[77.4031,13.494],[77.4043,13.4948],[77.4078,13.4958],[77.4109,13.4935],[77.4155,13.4912],[77.4156,13.4904],[77.4153,13.4886],[77.4157,13.4864],[77.4163,13.4852],[77.417,13.4841],[77.4214,13.4842],[77.4251,13.4829],[77.4261,13.4809],[77.4249,13.4793],[77.4232,13.4719],[77.4254,13.4708],[77.4306,13.4699],[77.4348,13.4685],[77.4342,13.4652],[77.4353,13.4635],[77.4397,13.4619],[77.4446,13.4619],[77.4512,13.4653],[77.4549,13.4683],[77.4616,13.4628],[77.4689,13.4676],[77.4746,13.4677],[77.4786,13.4663],[77.4851,13.466],[77.487,13.4635],[77.4988,13.4577],[77.5062,13.4564],[77.5044,13.4451],[77.5093,13.4444],[77.5124,13.444],[77.5164,13.4435],[77.5162,13.4403],[77.5189,13.4357],[77.5195,13.433],[77.5227,13.4318],[77.5254,13.432],[77.5262,13.4317],[77.5316,13.4312],[77.5359,13.4311],[77.5456,13.4366],[77.5504,13.4278],[77.551,13.4197],[77.5552,13.4185],[77.5623,13.4195],[77.5709,13.4202],[77.5796,13.4209],[77.5867,13.4213],[77.5881,13.4195],[77.5908,13.4183],[77.5927,13.4203],[77.5918,13.4217],[77.5899,13.4281],[77.59,13.4308],[77.5898,13.4323],[77.5901,13.4336],[77.5894,13.4357],[77.592,13.4362],[77.5967,13.436],[77.6008,13.4407],[77.6023,13.4421],[77.6035,13.4414],[77.6046,13.4395],[77.6059,13.4343],[77.6079,13.4238],[77.6157,13.4193],[77.6094,13.4149],[77.6074,13.4149],[77.5993,13.414],[77.6011,13.4108],[77.5995,13.4053],[77.6057,13.3979],[77.6084,13.4014],[77.6071,13.4054],[77.6101,13.4048],[77.6151,13.402],[77.6203,13.4019],[77.6176,13.3937],[77.6135,13.3853],[77.6184,13.3839],[77.6219,13.3807],[77.6211,13.3778],[77.621,13.3752],[77.6252,13.3758],[77.6293,13.3758],[77.6327,13.3755],[77.6333,13.3771],[77.634,13.3795],[77.6353,13.381],[77.6354,13.3832],[77.6368,13.3854],[77.6376,13.385],[77.6376,13.3854],[77.6378,13.3874],[77.6382,13.3925],[77.6384,13.3939],[77.6393,13.394],[77.6401,13.3935],[77.6412,13.394],[77.6418,13.3933],[77.6437,13.3935],[77.6446,13.3926],[77.646,13.3924],[77.647,13.3918],[77.6483,13.3924],[77.6491,13.3929],[77.6499,13.3928],[77.6504,13.3937],[77.6508,13.3954],[77.6521,13.3963],[77.6534,13.3981],[77.6576,13.3976],[77.6576,13.3945],[77.6544,13.3895],[77.6512,13.3863],[77.6583,13.3827],[77.6601,13.3791],[77.6597,13.3745],[77.6561,13.3699],[77.6565,13.3662],[77.6567,13.3629],[77.6563,13.3611],[77.6617,13.353],[77.6669,13.3505],[77.6672,13.3481],[77.6712,13.3466],[77.6802,13.345],[77.6807,13.3463],[77.681,13.3475],[77.6815,13.3489],[77.6818,13.3503],[77.683,13.3528],[77.6846,13.351],[77.686,13.3503],[77.6873,13.3498],[77.6878,13.3486],[77.6888,13.3469],[77.6902,13.3443],[77.6923,13.3433],[77.6951,13.3407],[77.6959,13.3394],[77.6969,13.3376],[77.6985,13.3361],[77.6992,13.3374],[77.701,13.34],[77.7036,13.3456],[77.6991,13.3473],[77.6988,13.3503],[77.6986,13.3527],[77.6984,13.3563],[77.702,13.36],[77.7054,13.3619],[77.7078,13.3613],[77.7085,13.363],[77.7103,13.3635],[77.7091,13.3655],[77.711,13.3656],[77.7133,13.3652],[77.7157,13.3648],[77.7163,13.3646],[77.7172,13.363],[77.7171,13.3622],[77.7171,13.3602],[77.7175,13.359],[77.7178,13.3568],[77.7177,13.3533],[77.7159,13.3511],[77.7225,13.3517],[77.7261,13.3513],[77.7277,13.3526],[77.7287,13.3559],[77.7293,13.3581],[77.7296,13.3597],[77.7292,13.361],[77.728,13.3615],[77.7269,13.3614],[77.7263,13.3616],[77.7272,13.3618],[77.7272,13.3618],[77.7263,13.3629],[77.7284,13.3625],[77.7287,13.3624],[77.7294,13.3613],[77.7298,13.3608],[77.7321,13.3605],[77.7338,13.3603],[77.7361,13.3594],[77.7355,13.3605],[77.7364,13.3603],[77.7369,13.3607],[77.7376,13.3601],[77.7377,13.3599],[77.7382,13.3592],[77.7388,13.3586],[77.7398,13.3577],[77.7406,13.3563],[77.7423,13.355],[77.7431,13.3544],[77.7451,13.3545],[77.7448,13.3552],[77.744,13.3559],[77.7438,13.3574],[77.7427,13.3587],[77.7421,13.3591],[77.7409,13.3595],[77.7415,13.3604],[77.7425,13.3603],[77.7431,13.3607],[77.7434,13.3607],[77.7442,13.3612],[77.7457,13.3602],[77.7483,13.3589],[77.7512,13.3625],[77.7549,13.3642],[77.7722,13.3573],[77.7912,13.3517],[77.7911,13.3458],[77.7945,13.342],[77.8028,13.3383],[77.8096,13.3356],[77.8107,13.3328],[77.8149,13.3313],[77.8179,13.3301],[77.8198,13.3285],[77.8243,13.3262],[77.8273,13.3248],[77.8249,13.3216],[77.8244,13.3164],[77.8227,13.314],[77.8192,13.3136],[77.8177,13.311],[77.8156,13.3102],[77.8146,13.31],[77.8132,13.3116],[77.8122,13.3123],[77.8127,13.3132],[77.8131,13.3142],[77.8134,13.3152],[77.812,13.3165],[77.811,13.3167],[77.8093,13.3156],[77.8075,13.3143],[77.805,13.3115],[77.8081,13.3107],[77.8119,13.3097],[77.8126,13.3095],[77.8138,13.3092],[77.8151,13.3092],[77.8148,13.3056],[77.8156,13.3037],[77.8164,13.3035],[77.8185,13.3034],[77.8206,13.3039],[77.823,13.3044],[77.8283,13.2999],[77.8293,13.2901],[77.8257,13.2902],[77.8233,13.2908],[77.8222,13.2912],[77.8223,13.2935],[77.8223,13.2958],[77.8197,13.2958],[77.8186,13.2958],[77.8172,13.2961],[77.8168,13.2944],[77.8165,13.2919],[77.816,13.2894],[77.816,13.2889],[77.8151,13.2853],[77.814,13.2836],[77.8122,13.279],[77.812,13.2761],[77.8122,13.2738],[77.8119,13.2711],[77.8109,13.2677],[77.8099,13.2642],[77.8096,13.2619],[77.8149,13.2611],[77.8176,13.2598],[77.8194,13.2588],[77.8218,13.2573],[77.819,13.2547],[77.8172,13.2554],[77.8159,13.2538],[77.8142,13.2519],[77.813,13.2509],[77.8123,13.2499],[77.8116,13.2474],[77.809,13.2476],[77.8079,13.2468],[77.8082,13.2455],[77.8074,13.2441],[77.8063,13.2415],[77.8074,13.2414],[77.8092,13.2407],[77.8111,13.2405],[77.8128,13.2392],[77.8144,13.2392],[77.8154,13.2418],[77.8155,13.2429],[77.8164,13.244],[77.8171,13.2455],[77.8188,13.247],[77.8218,13.2509],[77.8225,13.2505],[77.8234,13.2502],[77.8254,13.249],[77.8328,13.2456],[77.8463,13.2418],[77.8498,13.2353],[77.849,13.2229],[77.849,13.2203],[77.8501,13.2188],[77.8527,13.2189],[77.8565,13.2195],[77.8593,13.2203],[77.858,13.2216],[77.8577,13.2244],[77.8578,13.2274],[77.8584,13.2292],[77.8588,13.2301],[77.8597,13.2323],[77.8615,13.2366],[77.8647,13.2377],[77.868,13.2363],[77.8701,13.2356],[77.8709,13.2353],[77.8741,13.2347],[77.8765,13.2344],[77.8789,13.2403],[77.8741,13.2443],[77.8785,13.2499],[77.8803,13.2517],[77.8818,13.251],[77.8834,13.2506],[77.8853,13.2506],[77.8902,13.2545],[77.8956,13.2568],[77.9031,13.2549],[77.905,13.2543],[77.9044,13.2541],[77.9053,13.2504],[77.9001,13.2411],[77.8919,13.2359],[77.9018,13.2335],[77.9067,13.2326],[77.9093,13.2322],[77.9146,13.2329],[77.9153,13.2353],[77.9151,13.2377],[77.9162,13.2398],[77.9209,13.2392],[77.9232,13.2388],[77.9252,13.2395],[77.9277,13.2394],[77.9296,13.2392],[77.9316,13.242],[77.9328,13.243],[77.9354,13.2456],[77.935,13.2477],[77.9368,13.2507],[77.9382,13.2511],[77.9391,13.2525],[77.9413,13.2566],[77.9423,13.2589],[77.9412,13.2607],[77.9372,13.2645],[77.9382,13.267],[77.9408,13.2675],[77.9423,13.2682],[77.9443,13.2691],[77.9454,13.2709],[77.9476,13.2698],[77.9555,13.2694],[77.9596,13.2705],[77.9593,13.2733],[77.9571,13.2775],[77.9572,13.28],[77.9581,13.2819],[77.96,13.2832],[77.9608,13.2842],[77.9628,13.2835],[77.9663,13.2827],[77.97,13.2834],[77.9756,13.2857],[77.9803,13.2869],[77.9828,13.2862],[77.9845,13.2889],[77.9846,13.2908],[77.9849,13.2948],[77.985,13.2989],[77.9852,13.3001],[77.9856,13.3004],[77.9863,13.3006],[77.9866,13.3009],[77.9875,13.3006],[77.9881,13.3013],[77.9884,13.3025],[77.989,13.3043],[77.99,13.3045],[77.9946,13.3054],[78.0009,13.3049],[78.0017,13.305],[78.0056,13.3029],[78.0099,13.3015],[78.0119,13.3001],[78.012,13.2974],[78.0112,13.2954],[78.0112,13.2945],[78.0145,13.2902],[78.014,13.2866],[78.0152,13.283],[78.018,13.2833],[78.0217,13.2831],[78.0249,13.2834],[78.034,13.2829],[78.0405,13.2802],[78.0482,13.2825],[78.0489,13.2846],[78.0494,13.2862],[78.0508,13.2896],[78.052,13.2935],[78.0544,13.2945],[78.0571,13.2939],[78.0584,13.2943],[78.0595,13.2982],[78.0598,13.2994],[78.0641,13.3008],[78.0722,13.3011],[78.0725,13.3013],[78.0731,13.3014],[78.0747,13.3011],[78.0764,13.302],[78.077,13.3008],[78.078,13.3012],[78.0789,13.3019],[78.0796,13.3026],[78.0807,13.3023],[78.0812,13.3021],[78.082,13.3019],[78.0835,13.3022],[78.0862,13.3019],[78.0871,13.303],[78.0891,13.3037],[78.0896,13.3041],[78.0897,13.3068],[78.0917,13.3108],[78.0922,13.3109],[78.0933,13.3092],[78.0943,13.3092],[78.096,13.3091],[78.0994,13.3067],[78.1011,13.3052],[78.1034,13.3034],[78.1084,13.3036],[78.1121,13.3018],[78.1154,13.3001],[78.1173,13.2985],[78.1198,13.2956],[78.1224,13.2931],[78.1249,13.292],[78.1265,13.2913],[78.1292,13.2893],[78.132,13.2878],[78.1339,13.2882],[78.136,13.295],[78.1351,13.3007],[78.1358,13.3051],[78.1286,13.3076],[78.125,13.3081],[78.1232,13.3087],[78.1229,13.31],[78.1212,13.312],[78.1197,13.3161],[78.1181,13.3168],[78.1142,13.3176],[78.1107,13.3245],[78.1266,13.3265],[78.1318,13.3288],[78.1341,13.3352],[78.1317,13.3401],[78.1307,13.3477],[78.1313,13.3508],[78.1314,13.3528],[78.1332,13.3525],[78.1358,13.3521],[78.1446,13.351],[78.1498,13.3588],[78.1486,13.3614],[78.1462,13.363],[78.1472,13.371],[78.1464,13.3736],[78.1442,13.3758],[78.1399,13.376],[78.1338,13.3742],[78.1279,13.3747],[78.1257,13.375],[78.1222,13.3757],[78.1222,13.3778],[78.1237,13.383],[78.1289,13.3875],[78.13,13.3903],[78.1324,13.3946],[78.1361,13.4041],[78.1394,13.4062],[78.141,13.4075],[78.1434,13.408],[78.1547,13.4105],[78.162,13.4152],[78.167,13.4141],[78.1796,13.4199],[78.1815,13.4225],[78.1824,13.4249],[78.1832,13.4267],[78.1832,13.4279],[78.1826,13.4301],[78.1828,13.4309],[78.1832,13.4338],[78.1854,13.4344],[78.1913,13.4377],[78.1943,13.4429],[78.1939,13.4482],[78.2047,13.4566],[78.2054,13.464],[78.2075,13.4662],[78.2098,13.47],[78.2099,13.4706],[78.21,13.4715],[78.2097,13.4722],[78.2085,13.4756],[78.2075,13.4781],[78.2001,13.485],[78.2003,13.4982],[78.1997,13.508],[78.1932,13.5121],[78.1884,13.5134],[78.1909,13.5212],[78.2034,13.5234],[78.2041,13.5257],[78.2043,13.5279],[78.2039,13.5293],[78.2029,13.5315],[78.2015,13.5324],[78.2014,13.5333],[78.2011,13.536],[78.2009,13.5418],[78.1985,13.5449],[78.1943,13.5467],[78.1942,13.5489],[78.2013,13.5635],[78.194,13.5641]]]}},{"type":"Feature","properties":{"name":"Yadgir","district_name":"Yadgir"},"geometry":{"type":"MultiPolygon","coordinates":[[[[77.4304,16.7169],[77.4266,16.7191],[77.4258,16.7229],[77.428,16.723],[77.43,16.7263],[77.4269,16.7295],[77.4284,16.7319],[77.4299,16.734],[77.4331,16.7366],[77.4354,16.7437],[77.4392,16.7511],[77.4399,16.7748],[77.4519,16.779],[77.4672,16.7824],[77.4754,16.7909],[77.4728,16.8022],[77.466,16.8088],[77.4624,16.8172],[77.4576,16.83],[77.4639,16.8508],[77.4611,16.867],[77.4601,16.8788],[77.4552,16.8855],[77.4543,16.8856],[77.4493,16.8861],[77.4466,16.8863],[77.4445,16.8863],[77.4416,16.886],[77.4372,16.886],[77.4349,16.8862],[77.433,16.8851],[77.4293,16.8856],[77.4234,16.8846],[77.4183,16.8821],[77.4173,16.8811],[77.4157,16.877],[77.4097,16.8735],[77.4082,16.8789],[77.4014,16.8822],[77.4018,16.8876],[77.4031,16.892],[77.4042,16.8946],[77.4026,16.8952],[77.4007,16.8962],[77.3996,16.8989],[77.4015,16.8984],[77.4025,16.897],[77.4045,16.899],[77.4058,16.9018],[77.404,16.9007],[77.4003,16.9014],[77.4014,16.9024],[77.396,16.9037],[77.395,16.9015],[77.3944,16.9009],[77.3934,16.8979],[77.3913,16.896],[77.3898,16.8938],[77.3883,16.892],[77.3874,16.8928],[77.3887,16.8961],[77.3872,16.8971],[77.3844,16.8975],[77.384,16.8959],[77.3823,16.8952],[77.378,16.8952],[77.3761,16.8968],[77.3735,16.8985],[77.3712,16.8975],[77.3682,16.9017],[77.3666,16.9031],[77.3616,16.9052],[77.3571,16.9063],[77.3546,16.9071],[77.3517,16.9074],[77.3492,16.9107],[77.3481,16.9129],[77.3467,16.9157],[77.3461,16.9208],[77.3432,16.9267],[77.342,16.9291],[77.3416,16.9317],[77.3413,16.9344],[77.3409,16.9344],[77.34,16.9313],[77.3358,16.9306],[77.3287,16.9333],[77.3255,16.9348],[77.321,16.9362],[77.316,16.9329],[77.3109,16.9278],[77.3075,16.9286],[77.3008,16.9299],[77.2962,16.9327],[77.2903,16.9356],[77.2882,16.9354],[77.2794,16.9323],[77.2755,16.9306],[77.2693,16.9283],[77.2631,16.9282],[77.258,16.9305],[77.2541,16.9326],[77.2525,16.9324],[77.2481,16.9337],[77.2465,16.9328],[77.2459,16.9342],[77.2454,16.9376],[77.2407,16.9413],[77.2322,16.9382],[77.2291,16.9421],[77.225,16.9423],[77.2202,16.9428],[77.2153,16.9433],[77.2105,16.9438],[77.2092,16.9423],[77.2084,16.9406],[77.2077,16.9376],[77.2043,16.9368],[77.2,16.935],[77.1974,16.9316],[77.192,16.9291],[77.1745,16.932],[77.1468,16.9156],[77.128,16.9175],[77.1218,16.913],[77.1179,16.9088],[77.1137,16.9059],[77.1077,16.9037],[77.097,16.904],[77.0926,16.9082],[77.0896,16.9133],[77.0879,16.9204],[77.0893,16.9316],[77.0864,16.9447],[77.0816,16.9403],[77.0805,16.9396],[77.0788,16.9385],[77.0767,16.9377],[77.0739,16.9375],[77.0693,16.9322],[77.0679,16.9391],[77.0689,16.9453],[77.0679,16.954],[77.0602,16.9468],[77.0545,16.94],[77.0463,16.9328],[77.0445,16.9274],[77.043,16.9254],[77.0392,16.9234],[77.0351,16.9246],[77.0308,16.9247],[77.025,16.9253],[77.0233,16.9253],[77.0201,16.9249],[77.0201,16.9198],[77.0196,16.9116],[77.0192,16.9097],[77.0187,16.9078],[77.0181,16.9045],[77.0176,16.9015],[77.0188,16.8984],[77.0235,16.8968],[77.028,16.8941],[77.0301,16.8935],[77.0331,16.8931],[77.0335,16.888],[77.0365,16.8842],[77.0418,16.8815],[77.0432,16.8722],[77.0406,16.8687],[77.0351,16.8698],[77.0326,16.869],[77.0302,16.8678],[77.0259,16.8682],[77.0204,16.8676],[77.0189,16.8668],[77.0159,16.8644],[77.0093,16.8601],[77.0046,16.859],[76.9992,16.86],[76.9953,16.8598],[76.9902,16.8604],[76.9849,16.8607],[76.9812,16.8588],[76.9795,16.8585],[76.9787,16.8551],[76.9795,16.8526],[76.9808,16.8471],[76.9831,16.8436],[76.9835,16.8398],[76.987,16.8393],[76.9908,16.8386],[76.9946,16.8377],[76.9947,16.8334],[76.9928,16.8308],[76.9923,16.8279],[76.9922,16.8248],[76.9915,16.8203],[76.9909,16.8162],[76.9907,16.8135],[76.9669,16.818],[76.9359,16.8312],[76.9286,16.8319],[76.9233,16.8282],[76.9217,16.8233],[76.9193,16.8182],[76.9062,16.8238],[76.9022,16.8414],[76.9022,16.8501],[76.9137,16.8605],[76.92,16.8679],[76.9199,16.8707],[76.9179,16.8717],[76.9147,16.8743],[76.9105,16.8762],[76.9069,16.8771],[76.9032,16.8783],[76.9021,16.8793],[76.9023,16.887],[76.9024,16.8934],[76.8997,16.8939],[76.8947,16.895],[76.8905,16.8954],[76.8893,16.8955],[76.8842,16.8961],[76.8813,16.8962],[76.8772,16.8963],[76.8707,16.8962],[76.8693,16.8929],[76.8655,16.8926],[76.8611,16.8919],[76.8601,16.8919],[76.8571,16.8921],[76.8561,16.8874],[76.8548,16.8812],[76.8532,16.878],[76.8478,16.8739],[76.8465,16.8708],[76.8457,16.8684],[76.8424,16.8669],[76.8373,16.8683],[76.8305,16.8697],[76.8272,16.8727],[76.8192,16.8736],[76.8161,16.8727],[76.8151,16.8689],[76.8144,16.8633],[76.8136,16.8589],[76.8102,16.8553],[76.809,16.8542],[76.8063,16.8519],[76.804,16.85],[76.8012,16.8497],[76.7967,16.8498],[76.7909,16.8478],[76.7892,16.8398],[76.7867,16.8381],[76.7822,16.8391],[76.7765,16.8403],[76.7682,16.8426],[76.7603,16.8448],[76.7548,16.8402],[76.7557,16.8355],[76.7567,16.8349],[76.7582,16.831],[76.7549,16.8255],[76.7545,16.8209],[76.7566,16.8178],[76.756,16.815],[76.7534,16.8147],[76.7452,16.8162],[76.7448,16.8122],[76.7446,16.8087],[76.7443,16.8036],[76.7446,16.798],[76.7451,16.7909],[76.7453,16.7863],[76.7453,16.7804],[76.7446,16.778],[76.7407,16.7771],[76.7369,16.7763],[76.7356,16.7772],[76.7274,16.7813],[76.7243,16.7853],[76.7243,16.7847],[76.7191,16.778],[76.7118,16.7799],[76.7092,16.7837],[76.7089,16.7921],[76.699,16.7902],[76.6971,16.7858],[76.6936,16.7852],[76.6845,16.7845],[76.6794,16.7829],[76.679,16.7789],[76.6781,16.7728],[76.6774,16.7705],[76.6753,16.7656],[76.6716,16.7654],[76.6674,16.7663],[76.6647,16.7667],[76.6626,16.7669],[76.6586,16.7633],[76.6546,16.7578],[76.6528,16.7539],[76.6529,16.7491],[76.6545,16.7428],[76.6546,16.7378],[76.6577,16.7313],[76.6593,16.7256],[76.654,16.7276],[76.6448,16.733],[76.6363,16.7349],[76.6355,16.739],[76.6355,16.7441],[76.6297,16.7446],[76.6227,16.7425],[76.6227,16.7455],[76.6228,16.7478],[76.6227,16.7509],[76.6233,16.7548],[76.6236,16.7611],[76.6238,16.7629],[76.6217,16.7653],[76.6161,16.7657],[76.6093,16.7663],[76.6065,16.7667],[76.6009,16.7671],[76.5972,16.7669],[76.5943,16.7663],[76.5898,16.7657],[76.5863,16.7657],[76.5811,16.7619],[76.5812,16.7597],[76.5787,16.7582],[76.5749,16.7562],[76.5689,16.7526],[76.5624,16.7532],[76.5557,16.753],[76.5531,16.7511],[76.5484,16.7495],[76.5433,16.7479],[76.5355,16.749],[76.5272,16.7503],[76.5231,16.751],[76.5175,16.751],[76.515,16.7498],[76.5108,16.7468],[76.5087,16.7449],[76.506,16.7418],[76.5039,16.74],[76.5025,16.7385],[76.5024,16.736],[76.5021,16.7322],[76.5021,16.7273],[76.503,16.7256],[76.5028,16.723],[76.4997,16.7217],[76.4986,16.7214],[76.4974,16.72],[76.4949,16.7188],[76.492,16.7173],[76.4878,16.7157],[76.4806,16.7118],[76.4735,16.7109],[76.4698,16.7112],[76.461,16.711],[76.461,16.7088],[76.4583,16.7091],[76.4551,16.7117],[76.4533,16.7138],[76.4522,16.7139],[76.4515,16.7132],[76.4508,16.7126],[76.4501,16.712],[76.4493,16.7117],[76.4484,16.7113],[76.4476,16.7109],[76.4468,16.7106],[76.4458,16.7103],[76.4448,16.7101],[76.4439,16.7099],[76.443,16.7098],[76.4421,16.7098],[76.4412,16.7096],[76.4407,16.7091],[76.4407,16.7081],[76.4405,16.7075],[76.44,16.7068],[76.4389,16.7052],[76.4387,16.7044],[76.4381,16.7037],[76.4376,16.703],[76.4342,16.7021],[76.4308,16.6996],[76.4303,16.6976],[76.4291,16.6964],[76.4252,16.6952],[76.4248,16.694],[76.4257,16.6912],[76.4265,16.6898],[76.4265,16.6867],[76.4249,16.6838],[76.4225,16.6793],[76.4213,16.6746],[76.4203,16.6723],[76.4177,16.67],[76.416,16.6691],[76.4147,16.6662],[76.4141,16.664],[76.4116,16.6633],[76.4099,16.6616],[76.4089,16.6598],[76.4084,16.659],[76.4072,16.6567],[76.4056,16.6525],[76.4041,16.6467],[76.4033,16.6427],[76.4028,16.6393],[76.4032,16.6369],[76.4034,16.6347],[76.4039,16.632],[76.4043,16.6287],[76.405,16.6259],[76.4082,16.6228],[76.4089,16.6212],[76.4101,16.6166],[76.41,16.6139],[76.4114,16.6112],[76.4143,16.6076],[76.4154,16.605],[76.4159,16.6031],[76.416,16.6007],[76.4151,16.5961],[76.4137,16.5932],[76.4156,16.5899],[76.4177,16.5865],[76.4188,16.5835],[76.4197,16.5801],[76.4216,16.5745],[76.4227,16.5688],[76.424,16.5672],[76.4228,16.5616],[76.4218,16.5586],[76.4228,16.5514],[76.4237,16.55],[76.4237,16.5475],[76.4259,16.5433],[76.4278,16.5365],[76.4286,16.5316],[76.4301,16.5287],[76.4313,16.5253],[76.4319,16.5228],[76.4335,16.5189],[76.4337,16.5142],[76.4335,16.5116],[76.4328,16.5072],[76.4327,16.5048],[76.4307,16.5019],[76.4302,16.5004],[76.43,16.4938],[76.4301,16.4893],[76.4306,16.4847],[76.4306,16.4802],[76.4308,16.4728],[76.4314,16.4695],[76.4316,16.4654],[76.4317,16.4614],[76.4324,16.4548],[76.4325,16.4513],[76.4331,16.4458],[76.434,16.4418],[76.4345,16.4394],[76.435,16.4358],[76.4293,16.4352],[76.425,16.4348],[76.4208,16.434],[76.4148,16.4333],[76.4113,16.433],[76.4057,16.4327],[76.4031,16.4328],[76.4005,16.4347],[76.3963,16.4351],[76.3912,16.4369],[76.3893,16.4366],[76.3865,16.4302],[76.3848,16.4257],[76.3785,16.4246],[76.374,16.4248],[76.3686,16.4244],[76.3633,16.4232],[76.3578,16.4223],[76.3532,16.4242],[76.3456,16.427],[76.3396,16.427],[76.3324,16.4271],[76.3333,16.4171],[76.3333,16.416],[76.3332,16.4156],[76.3328,16.4146],[76.3326,16.414],[76.3305,16.4099],[76.331,16.4087],[76.3319,16.4075],[76.3353,16.4071],[76.3365,16.4034],[76.335,16.4012],[76.3342,16.3997],[76.3325,16.3979],[76.33,16.3973],[76.323,16.396],[76.3189,16.3965],[76.3162,16.3948],[76.3131,16.3963],[76.3097,16.3971],[76.3097,16.3962],[76.3071,16.3895],[76.3055,16.3837],[76.3046,16.3798],[76.305,16.3767],[76.3069,16.3736],[76.3081,16.3694],[76.3097,16.3617],[76.312,16.3593],[76.3139,16.3547],[76.314,16.3501],[76.3138,16.3458],[76.3098,16.3454],[76.3077,16.3459],[76.3037,16.341],[76.2958,16.3365],[76.2915,16.3323],[76.2921,16.328],[76.2926,16.3253],[76.295,16.3245],[76.2949,16.3229],[76.2952,16.3211],[76.2963,16.3204],[76.3011,16.3185],[76.3024,16.315],[76.301,16.3099],[76.2995,16.3051],[76.2986,16.2989],[76.299,16.2929],[76.2995,16.2884],[76.2997,16.2857],[76.3033,16.2838],[76.3066,16.2848],[76.311,16.2862],[76.3128,16.2866],[76.3171,16.2871],[76.3206,16.2865],[76.3232,16.2821],[76.3264,16.2813],[76.3283,16.2811],[76.3327,16.2802],[76.3353,16.2801],[76.3389,16.2795],[76.3418,16.2785],[76.3416,16.2773],[76.3453,16.2775],[76.3478,16.2774],[76.3476,16.2753],[76.3475,16.2725],[76.3478,16.2686],[76.3484,16.266],[76.3487,16.2632],[76.3485,16.2616],[76.3477,16.2561],[76.3463,16.2527],[76.3465,16.2487],[76.3475,16.2466],[76.348,16.2447],[76.3492,16.2425],[76.3498,16.2402],[76.3502,16.2363],[76.3508,16.2267],[76.347,16.2228],[76.3473,16.2188],[76.3468,16.2158],[76.346,16.2139],[76.3451,16.2113],[76.3438,16.2098],[76.3429,16.2084],[76.3418,16.2065],[76.3402,16.2044],[76.3377,16.2026],[76.3349,16.1998],[76.3328,16.1973],[76.332,16.1925],[76.336,16.1928],[76.3396,16.1946],[76.3501,16.1997],[76.3542,16.2049],[76.3664,16.2133],[76.3709,16.2187],[76.383,16.2239],[76.3942,16.2297],[76.4037,16.2406],[76.4131,16.2475],[76.4235,16.2568],[76.4408,16.268],[76.4511,16.2742],[76.472,16.2872],[76.4811,16.2927],[76.4998,16.2991],[76.5222,16.306],[76.5556,16.3226],[76.5728,16.3307],[76.5967,16.3404],[76.6277,16.3517],[76.6418,16.3544],[76.6576,16.3682],[76.6801,16.3783],[76.6842,16.3785],[76.7089,16.3935],[76.7201,16.4002],[76.7276,16.4036],[76.7325,16.4052],[76.738,16.4079],[76.7534,16.4244],[76.7661,16.4265],[76.7758,16.4217],[76.7872,16.4195],[76.8249,16.4252],[76.8523,16.4409],[76.8649,16.4645],[76.8716,16.4895],[76.8871,16.4916],[76.9197,16.4908],[76.94,16.4974],[76.9552,16.5012],[76.9717,16.5083],[76.9746,16.525],[76.9653,16.5444],[76.9836,16.5622],[77.0072,16.5332],[77.005,16.5112],[77.0143,16.5012],[77.0435,16.5193],[77.0841,16.5007],[77.1019,16.4901],[77.1362,16.4808],[77.1588,16.4644],[77.1591,16.4484],[77.1596,16.4461],[77.1622,16.4407],[77.1716,16.4326],[77.1885,16.4285],[77.2062,16.4264],[77.2248,16.4214],[77.2499,16.4157],[77.2537,16.4134],[77.2553,16.4127],[77.2592,16.4106],[77.2631,16.4071],[77.2696,16.4058],[77.2819,16.4219],[77.2664,16.4443],[77.2505,16.4626],[77.2397,16.4759],[77.2462,16.4779],[77.2582,16.4744],[77.2726,16.4736],[77.2784,16.4746],[77.2876,16.4766],[77.2948,16.4814],[77.2996,16.4896],[77.3025,16.496],[77.3102,16.4948],[77.3205,16.4922],[77.3321,16.4865],[77.3424,16.4863],[77.3505,16.4905],[77.3607,16.489],[77.3694,16.4911],[77.3723,16.5077],[77.3856,16.5159],[77.3985,16.521],[77.4116,16.5192],[77.4175,16.5244],[77.4193,16.5393],[77.4169,16.5487],[77.4075,16.5503],[77.3998,16.5552],[77.3974,16.562],[77.3922,16.5667],[77.3993,16.5673],[77.4116,16.5701],[77.4172,16.5674],[77.4284,16.5726],[77.4408,16.5869],[77.4565,16.5853],[77.4652,16.5937],[77.4685,16.6063],[77.4637,16.6101],[77.4547,16.6183],[77.4571,16.623],[77.4612,16.6272],[77.4637,16.6281],[77.4718,16.6418],[77.4729,16.647],[77.4707,16.6527],[77.4656,16.6532],[77.463,16.6538],[77.4588,16.6498],[77.4501,16.6425],[77.4417,16.6411],[77.435,16.644],[77.436,16.644],[77.4344,16.6504],[77.4295,16.6561],[77.4191,16.6574],[77.4189,16.664],[77.4241,16.6677],[77.4328,16.6701],[77.4405,16.6696],[77.4422,16.6719],[77.4469,16.6786],[77.4599,16.6774],[77.4687,16.687],[77.4698,16.6955],[77.4701,16.7004],[77.4718,16.7116],[77.4718,16.7171],[77.4679,16.7182],[77.4636,16.719],[77.459,16.7165],[77.45,16.7199],[77.4451,16.7192],[77.438,16.7118],[77.4322,16.7175],[77.4304,16.7169]]],[[[76.7333,16.7516],[76.725,16.7524],[76.7262,16.7622],[76.7278,16.7688],[76.7354,16.7712],[76.7401,16.7684],[76.7401,16.7629],[76.7399,16.7579],[76.7333,16.7516]]]]}},{"type":"Feature","properties":{"name":"Vijayanagara","district_name":"Vijayanagara"},"geometry":{"type":"MultiPolygon","coordinates":[[[[76.6419,15.2432],[76.6367,15.2513],[76.6321,15.2569],[76.639,15.2621],[76.6536,15.2622],[76.6495,15.2739],[76.6203,15.2818],[76.6152,15.2835],[76.6099,15.279],[76.5878,15.2596],[76.586,15.2598],[76.5907,15.2671],[76.5989,15.2848],[76.593,15.2869],[76.5843,15.2893],[76.5873,15.2984],[76.5921,15.3006],[76.598,15.3008],[76.6044,15.3014],[76.608,15.3051],[76.6132,15.3034],[76.6172,15.3027],[76.6192,15.3065],[76.6173,15.3153],[76.6141,15.3175],[76.6088,15.3147],[76.604,15.3128],[76.5996,15.3115],[76.5949,15.31],[76.5897,15.3097],[76.5811,15.3114],[76.5875,15.317],[76.5932,15.3209],[76.5889,15.3285],[76.5835,15.3332],[76.5853,15.3346],[76.5795,15.3396],[76.5773,15.3445],[76.5763,15.347],[76.5749,15.3466],[76.5728,15.3477],[76.5708,15.3459],[76.5684,15.3461],[76.563,15.3464],[76.5525,15.3543],[76.5563,15.3654],[76.5576,15.3662],[76.5568,15.3691],[76.555,15.3709],[76.5474,15.3752],[76.5441,15.3786],[76.54,15.3807],[76.5316,15.3743],[76.5231,15.3695],[76.5186,15.3643],[76.5083,15.3574],[76.4949,15.3464],[76.4807,15.3476],[76.4747,15.346],[76.4698,15.3409],[76.4636,15.3372],[76.4418,15.3388],[76.4362,15.3373],[76.4254,15.3351],[76.4089,15.3291],[76.4022,15.3263],[76.3914,15.3299],[76.3807,15.3316],[76.3762,15.3286],[76.3683,15.3246],[76.3612,15.3241],[76.3508,15.3091],[76.3479,15.297],[76.3446,15.2856],[76.3449,15.2757],[76.3375,15.2677],[76.3276,15.2637],[76.3232,15.2576],[76.3174,15.2524],[76.2964,15.2334],[76.2658,15.2055],[76.2557,15.2024],[76.2462,15.19],[76.2387,15.19],[76.2322,15.1889],[76.2268,15.1911],[76.2188,15.1981],[76.2185,15.2031],[76.2219,15.2082],[76.2248,15.2126],[76.2322,15.2291],[76.209,15.2331],[76.191,15.2357],[76.1866,15.235],[76.1792,15.2306],[76.1676,15.221],[76.1638,15.2178],[76.1576,15.2112],[76.1601,15.2038],[76.1582,15.198],[76.131,15.2029],[76.1237,15.2032],[76.1153,15.2007],[76.1085,15.1926],[76.1064,15.1852],[76.1057,15.1813],[76.1049,15.1735],[76.0964,15.1641],[76.0854,15.1598],[76.0789,15.1585],[76.0758,15.1583],[76.0583,15.1577],[76.0535,15.1541],[76.0499,15.1499],[76.045,15.1464],[76.0382,15.1437],[76.0319,15.1432],[76.0181,15.1451],[76.0146,15.1465],[76.0087,15.1484],[76.0048,15.1484],[76.0018,15.1472],[75.9994,15.1461],[75.9968,15.1457],[75.9947,15.1461],[75.9936,15.1465],[75.9916,15.1478],[75.9896,15.1492],[75.988,15.15],[75.9864,15.1507],[75.9856,15.1511],[75.9842,15.1513],[75.9828,15.1513],[75.9791,15.1513],[75.9745,15.1498],[75.9704,15.147],[75.9681,15.1438],[75.9645,15.141],[75.9561,15.1381],[75.9428,15.1377],[75.9283,15.1406],[75.917,15.136],[75.9026,15.1307],[75.9021,15.1259],[75.9001,15.1216],[75.8962,15.1173],[75.8899,15.1129],[75.8859,15.1083],[75.885,15.1044],[75.8863,15.0986],[75.8923,15.0922],[75.8982,15.0881],[75.9043,15.0829],[75.908,15.0796],[75.9093,15.0741],[75.9081,15.0679],[75.9072,15.0628],[75.9056,15.0576],[75.8983,15.0546],[75.887,15.0533],[75.8829,15.0513],[75.8808,15.0475],[75.8787,15.0421],[75.8768,15.0388],[75.8696,15.035],[75.8673,15.0354],[75.8622,15.0362],[75.8584,15.0366],[75.8562,15.038],[75.8543,15.0391],[75.8532,15.0408],[75.8515,15.0433],[75.8491,15.0447],[75.8442,15.0436],[75.8403,15.041],[75.8374,15.0401],[75.8368,15.0386],[75.8369,15.0361],[75.8354,15.0331],[75.8339,15.0302],[75.8286,15.0277],[75.8224,15.0276],[75.817,15.028],[75.8098,15.0265],[75.8035,15.0186],[75.7926,15.0082],[75.7855,15.0017],[75.7825,14.9973],[75.7811,14.9933],[75.7799,14.9893],[75.7801,14.9842],[75.7799,14.9804],[75.7792,14.9775],[75.7681,14.9703],[75.7599,14.9654],[75.7495,14.9516],[75.7396,14.9439],[75.73,14.947],[75.7195,14.9507],[75.7091,14.9486],[75.7,14.9465],[75.6828,14.9368],[75.6842,14.9244],[75.6872,14.9148],[75.6902,14.9067],[75.6971,14.8915],[75.7047,14.8936],[75.7111,14.8946],[75.7159,14.8954],[75.7224,14.8964],[75.7279,14.8972],[75.73,14.8938],[75.733,14.8922],[75.735,14.8907],[75.7364,14.8893],[75.739,14.8874],[75.7376,14.8855],[75.7345,14.8829],[75.734,14.8791],[75.7339,14.874],[75.7335,14.8699],[75.7325,14.8639],[75.7311,14.8637],[75.7259,14.8637],[75.7228,14.864],[75.722,14.8625],[75.7188,14.8594],[75.7158,14.857],[75.7154,14.8564],[75.7149,14.8557],[75.7144,14.855],[75.7138,14.8546],[75.7136,14.8544],[75.7133,14.8538],[75.7131,14.8534],[75.7128,14.853],[75.7124,14.8527],[75.7119,14.8524],[75.7093,14.8528],[75.7056,14.8536],[75.7024,14.854],[75.6987,14.8526],[75.6947,14.8545],[75.694,14.8581],[75.6911,14.8573],[75.6887,14.8544],[75.6851,14.8493],[75.6828,14.8457],[75.6807,14.8421],[75.6793,14.8398],[75.6779,14.837],[75.6762,14.8334],[75.6753,14.8306],[75.6742,14.827],[75.6668,14.8113],[75.6651,14.8013],[75.6765,14.7985],[75.6827,14.7947],[75.6901,14.7846],[75.7049,14.7818],[75.7179,14.7768],[75.7233,14.7703],[75.7226,14.7642],[75.7221,14.7596],[75.722,14.7558],[75.7166,14.7469],[75.7043,14.7239],[75.7294,14.7271],[75.7534,14.738],[75.762,14.7348],[75.7644,14.7239],[75.7613,14.7194],[75.7559,14.7161],[75.7492,14.7089],[75.7443,14.7034],[75.7408,14.6988],[75.7406,14.6863],[75.7501,14.6803],[75.7589,14.6771],[75.7679,14.6752],[75.7789,14.6776],[75.7861,14.6809],[75.7912,14.683],[75.7943,14.6832],[75.7974,14.6825],[75.8006,14.678],[75.799,14.6711],[75.8002,14.6651],[75.8042,14.661],[75.8085,14.657],[75.8131,14.6359],[75.819,14.6353],[75.8205,14.6326],[75.8231,14.6318],[75.827,14.6328],[75.8327,14.6357],[75.8335,14.6209],[75.83,14.6135],[75.8317,14.6083],[75.8336,14.6078],[75.8376,14.6084],[75.8408,14.6052],[75.8426,14.6048],[75.8442,14.6072],[75.8449,14.6072],[75.8458,14.607],[75.8466,14.6072],[75.8472,14.6079],[75.8507,14.6089],[75.8533,14.6072],[75.8571,14.608],[75.8586,14.6115],[75.8619,14.615],[75.8633,14.6136],[75.8652,14.6156],[75.8663,14.6142],[75.8667,14.6089],[75.8672,14.5996],[75.8743,14.5933],[75.8847,14.5897],[75.8973,14.5777],[75.9058,14.5746],[75.9097,14.5719],[75.911,14.5673],[75.9128,14.5632],[75.9237,14.5628],[75.9335,14.5612],[75.9397,14.5596],[75.9419,14.5528],[75.9421,14.5489],[75.9421,14.5442],[75.9445,14.54],[75.9459,14.5321],[75.9475,14.5249],[75.953,14.5217],[75.964,14.5201],[75.9728,14.5198],[75.9799,14.5195],[75.9871,14.5186],[75.997,14.5177],[76.0054,14.5182],[76.0093,14.5189],[76.0187,14.5224],[76.0247,14.5224],[76.029,14.5229],[76.0308,14.5218],[76.0331,14.522],[76.0351,14.5216],[76.0373,14.5207],[76.0405,14.5181],[76.052,14.5073],[76.0553,14.5064],[76.067,14.5112],[76.0731,14.5126],[76.0884,14.5173],[76.0963,14.5222],[76.1066,14.5238],[76.1175,14.5262],[76.1265,14.5274],[76.1285,14.5294],[76.1303,14.5323],[76.1301,14.5384],[76.1334,14.541],[76.1274,14.5517],[76.1252,14.5574],[76.1186,14.5622],[76.1231,14.5731],[76.1283,14.5797],[76.1315,14.5857],[76.1314,14.5883],[76.1327,14.5959],[76.1391,14.5991],[76.14,14.6044],[76.1396,14.6059],[76.1405,14.6106],[76.1426,14.6145],[76.145,14.6217],[76.1427,14.6251],[76.1412,14.6289],[76.1389,14.6297],[76.1327,14.6304],[76.1299,14.6345],[76.1296,14.64],[76.1298,14.643],[76.1297,14.6476],[76.1249,14.6499],[76.1188,14.653],[76.1162,14.6568],[76.1128,14.6583],[76.1086,14.6597],[76.1079,14.6617],[76.1085,14.6639],[76.1088,14.6684],[76.1085,14.6706],[76.1093,14.6718],[76.1102,14.6759],[76.1129,14.6833],[76.1129,14.6893],[76.1212,14.6999],[76.1273,14.7013],[76.131,14.6999],[76.1374,14.702],[76.1386,14.6994],[76.142,14.7024],[76.1438,14.7037],[76.1507,14.7042],[76.1569,14.7043],[76.1669,14.7008],[76.184,14.6998],[76.191,14.6983],[76.1932,14.696],[76.1929,14.6928],[76.1928,14.6894],[76.1929,14.6858],[76.196,14.6809],[76.1988,14.6802],[76.2032,14.6784],[76.2069,14.6748],[76.2104,14.6705],[76.2143,14.6657],[76.2182,14.6608],[76.2217,14.6569],[76.2253,14.6537],[76.2286,14.6508],[76.2311,14.65],[76.2324,14.6529],[76.2326,14.655],[76.2336,14.659],[76.2343,14.6608],[76.235,14.6636],[76.2358,14.6673],[76.2364,14.6696],[76.2376,14.6726],[76.2388,14.6763],[76.2398,14.6797],[76.2406,14.6816],[76.2418,14.6837],[76.2431,14.6857],[76.2439,14.6879],[76.2445,14.6898],[76.2455,14.6921],[76.2466,14.6945],[76.2481,14.6964],[76.2495,14.6982],[76.2517,14.6991],[76.2561,14.7008],[76.2574,14.698],[76.2583,14.6963],[76.2612,14.6964],[76.2636,14.6964],[76.2692,14.6961],[76.2722,14.6948],[76.2727,14.6926],[76.2736,14.6881],[76.2769,14.6864],[76.281,14.6854],[76.2855,14.6856],[76.2896,14.6854],[76.2917,14.6859],[76.294,14.6872],[76.2955,14.6877],[76.2975,14.6879],[76.2998,14.6891],[76.3028,14.6897],[76.3064,14.689],[76.311,14.6876],[76.3146,14.6919],[76.3213,14.6921],[76.3269,14.6903],[76.334,14.6882],[76.3378,14.6859],[76.3398,14.6787],[76.3422,14.668],[76.3472,14.6655],[76.3516,14.6654],[76.3589,14.6653],[76.3652,14.6645],[76.3713,14.664],[76.3792,14.6611],[76.3752,14.6518],[76.38,14.6473],[76.3848,14.6479],[76.3907,14.6422],[76.392,14.6384],[76.3921,14.6318],[76.3935,14.6269],[76.4007,14.6274],[76.4028,14.6238],[76.4114,14.6235],[76.4199,14.6238],[76.4232,14.6236],[76.4298,14.6197],[76.432,14.6154],[76.4319,14.6073],[76.4311,14.6019],[76.4299,14.5975],[76.4297,14.5952],[76.4264,14.588],[76.4267,14.5809],[76.4349,14.5804],[76.4454,14.5797],[76.4562,14.5775],[76.4643,14.575],[76.467,14.5736],[76.4702,14.5731],[76.4769,14.5719],[76.4852,14.57],[76.493,14.5684],[76.5002,14.5667],[76.5103,14.5604],[76.5262,14.5621],[76.5309,14.5627],[76.5454,14.5715],[76.5495,14.5762],[76.5508,14.5787],[76.5532,14.5803],[76.5553,14.5808],[76.5597,14.5843],[76.5672,14.5869],[76.5687,14.5915],[76.5717,14.5947],[76.5736,14.5981],[76.5737,14.6016],[76.5769,14.6073],[76.5794,14.6107],[76.5818,14.6122],[76.5832,14.6138],[76.5847,14.6157],[76.5867,14.6182],[76.5931,14.6199],[76.6007,14.6212],[76.6002,14.6246],[76.5976,14.6301],[76.6005,14.6324],[76.6049,14.6364],[76.6062,14.6382],[76.6096,14.6436],[76.6116,14.6469],[76.6088,14.6499],[76.6039,14.6509],[76.5981,14.6532],[76.599,14.6557],[76.5965,14.6615],[76.5982,14.6693],[76.6007,14.6696],[76.6074,14.6687],[76.6109,14.6719],[76.6104,14.6762],[76.6099,14.6808],[76.609,14.6829],[76.6079,14.687],[76.6133,14.6903],[76.6169,14.6929],[76.6191,14.6958],[76.6221,14.6988],[76.624,14.7017],[76.6306,14.7012],[76.6333,14.7028],[76.6361,14.7039],[76.6357,14.7065],[76.6371,14.71],[76.6422,14.7123],[76.6444,14.7155],[76.6473,14.7201],[76.6486,14.7227],[76.6496,14.7237],[76.6507,14.7277],[76.6469,14.7302],[76.65,14.7342],[76.6499,14.738],[76.6494,14.7397],[76.6511,14.7448],[76.6508,14.7519],[76.649,14.7557],[76.652,14.7576],[76.6552,14.757],[76.6554,14.7576],[76.6561,14.7599],[76.6592,14.7656],[76.6597,14.7715],[76.6616,14.7725],[76.6666,14.7749],[76.6659,14.7771],[76.6663,14.7799],[76.6678,14.7829],[76.6694,14.7864],[76.672,14.7866],[76.6733,14.787],[76.6732,14.7891],[76.6695,14.7911],[76.6747,14.7927],[76.676,14.7955],[76.6781,14.7998],[76.68,14.8037],[76.6821,14.8078],[76.6861,14.8097],[76.6932,14.813],[76.6995,14.8154],[76.7052,14.8175],[76.7089,14.8171],[76.7136,14.8174],[76.7175,14.8177],[76.7214,14.8169],[76.7252,14.8158],[76.7276,14.8153],[76.731,14.8144],[76.7348,14.8133],[76.7376,14.8152],[76.74,14.8158],[76.7406,14.8179],[76.7412,14.8188],[76.7412,14.8198],[76.7411,14.8231],[76.7393,14.8259],[76.7343,14.8273],[76.7267,14.8303],[76.7152,14.8352],[76.7131,14.8448],[76.7148,14.8536],[76.7143,14.8558],[76.714,14.8588],[76.7137,14.8618],[76.7137,14.8632],[76.713,14.8659],[76.7107,14.87],[76.7068,14.8763],[76.7028,14.8827],[76.7001,14.887],[76.6777,14.8885],[76.6777,14.8925],[76.671,14.8961],[76.6611,14.8953],[76.6411,14.8941],[76.6357,14.8941],[76.6329,14.8919],[76.6332,14.887],[76.628,14.8835],[76.6025,14.8822],[76.5938,14.8806],[76.5937,14.8756],[76.5848,14.8596],[76.5775,14.8617],[76.5709,14.8668],[76.5654,14.8802],[76.548,14.8806],[76.5416,14.8808],[76.5363,14.8754],[76.5336,14.8711],[76.529,14.8705],[76.5254,14.8697],[76.523,14.8693],[76.517,14.8718],[76.5112,14.87],[76.507,14.8692],[76.4983,14.8688],[76.4979,14.8628],[76.4937,14.86],[76.481,14.8592],[76.4798,14.861],[76.4783,14.8631],[76.4766,14.8656],[76.4759,14.8675],[76.4751,14.87],[76.4758,14.8752],[76.4763,14.878],[76.4774,14.8806],[76.4738,14.8826],[76.4726,14.8826],[76.466,14.8759],[76.4643,14.8801],[76.4614,14.8826],[76.4596,14.8901],[76.4579,14.9016],[76.4547,14.9069],[76.4532,14.9112],[76.4536,14.9162],[76.4594,14.9205],[76.4614,14.9225],[76.4653,14.9239],[76.4706,14.9273],[76.4589,14.9261],[76.4528,14.9275],[76.4439,14.9304],[76.4347,14.9371],[76.4228,14.9318],[76.4102,14.9336],[76.4023,14.933],[76.4007,14.9329],[76.4,14.9329],[76.3997,14.9336],[76.4027,14.9354],[76.4058,14.9455],[76.4067,14.9497],[76.4037,14.9522],[76.4002,14.9527],[76.3998,14.9545],[76.3973,14.955],[76.395,14.955],[76.3939,14.9572],[76.385,14.9579],[76.3768,14.9578],[76.3749,14.9603],[76.3746,14.9652],[76.3748,14.9677],[76.3753,14.9693],[76.3761,14.9725],[76.3765,14.9759],[76.377,14.9794],[76.3772,14.982],[76.374,14.984],[76.3641,14.9856],[76.3633,14.9955],[76.3703,14.9966],[76.3767,15.0058],[76.3775,15.009],[76.3789,15.0143],[76.3795,15.0195],[76.3832,15.0222],[76.3906,15.0229],[76.3997,15.0248],[76.4061,15.0342],[76.3936,15.0635],[76.4265,15.0442],[76.4466,15.0387],[76.4746,15.0425],[76.4725,15.051],[76.4495,15.0904],[76.4442,15.1011],[76.4453,15.1083],[76.441,15.107],[76.438,15.1052],[76.4414,15.1192],[76.4323,15.1232],[76.4207,15.1183],[76.4173,15.1212],[76.4133,15.1205],[76.4098,15.1217],[76.4071,15.1231],[76.4022,15.1249],[76.4156,15.1347],[76.4207,15.1345],[76.4225,15.1366],[76.4202,15.141],[76.4145,15.1408],[76.4114,15.145],[76.4094,15.152],[76.4101,15.1543],[76.4061,15.1573],[76.406,15.1606],[76.4135,15.1651],[76.4148,15.1721],[76.4069,15.1789],[76.4001,15.1861],[76.4066,15.194],[76.4204,15.2062],[76.421,15.2063],[76.4243,15.2099],[76.4197,15.2152],[76.4205,15.2179],[76.4153,15.2173],[76.4124,15.2201],[76.411,15.2228],[76.407,15.2232],[76.4061,15.2239],[76.4037,15.2255],[76.4013,15.2295],[76.4327,15.2322],[76.438,15.227],[76.4431,15.2242],[76.4491,15.2194],[76.4533,15.2023],[76.5206,15.1812],[76.5293,15.1829],[76.5406,15.1884],[76.5512,15.1881],[76.5636,15.1919],[76.5634,15.1873],[76.5838,15.1941],[76.6035,15.1952],[76.6044,15.1981],[76.6083,15.1994],[76.613,15.2],[76.6159,15.2019],[76.6181,15.2074],[76.6194,15.2096],[76.6223,15.2142],[76.6238,15.2172],[76.6247,15.2195],[76.6252,15.2208],[76.6259,15.2229],[76.6267,15.2247],[76.6278,15.2273],[76.6282,15.2283],[76.6251,15.2331],[76.6419,15.2432]]],[[[76.5687,15.3329],[76.5681,15.3299],[76.5687,15.3329]]]]}}]}